id,name,set_name,rarity,type,supertype,color,cost,might,tags,effect,flavor,promo,banned,errata,url
ARC-001,Vi - Destructive (Chinese Arcane Box Set Promo),Arcane Box Set,Showcase,Unit,Champion,Fury,2,3,Vi; Piltover,"[Ganking] (I can move from battlefield to battlefield.)
Recycle 1 from your trash: Give me +1 {Might} this turn.",,True,False,,https://riftbound.gg/cards/arc-001-vi-destructive/
ARC-002,Caitlyn - Patrolling (Chinese Arcane Box Set Promo),Arcane Box Set,Showcase,Unit,Champion,Calm,3,3,Caitlyn; Piltover,"I must be assigned combat damage last.
{Exhaust}: Deal damage equal to my Might to a unit at a battlefield. Use this ability only while I'm at a battlefield.",,True,False,,https://riftbound.gg/cards/arc-002-caitlyn-patrolling/
ARC-003,Heimerdinger - Inventor (Chinese Arcane Box Set Promo),Arcane Box Set,Showcase,Unit,Champion,Mind,3,3,Yordle; Heimerdinger; Piltover,"I have all {Exhaust} abilities of all friendly legends, units, and gear.",,True,False,,https://riftbound.gg/cards/arc-003-heimerdinger-inventor/
ARC-004,Warwick - Hunter (Chinese Arcane Box Set Promo),Arcane Box Set,Showcase,Unit,Champion,Body,6,5,Dog; Warwick; Zaun,"I enter ready.
When I attack, kill all damaged enemy units here.",,True,False,,https://riftbound.gg/cards/arc-004-warwick-hunter/
ARC-005,Jinx - Rebel (Chinese Arcane Box Set Promo),Arcane Box Set,Showcase,Unit,Champion,Chaos,5,5,,"When you discard one or more cards, ready me and give me +1 {Might} this turn.",,True,False,,https://riftbound.gg/cards/arc-005-jinx-rebel/
ARC-006,Viktor - Leader (Chinese Arcane Box Set Promo),Arcane Box Set,Showcase,Unit,Champion,Order,4,4,Viktor; Zaun,"When another non-Recruit unit you control dies, play a 1 {Might} Recruit unit token into your base.",,True,False,,https://riftbound.gg/cards/arc-006-viktor-leader/
OGN-001,Blazing Scorcher,Origins,Common,Unit,,Fury,5,5,Dragon; Noxus,[Accelerate] (You may pay {1 Energy}{Fury Rune} as an additional cost to have me enter ready.),,False,False,,https://riftbound.gg/cards/ogn-001-blazing-scorcher/
OGN-001-P,Blazing Scorcher (Origins Nexus Night Promo),Origins,Common,Unit,,Fury,5,5,Dragon; Noxus,[Accelerate] (You may pay {1 Energy}{Fury Rune} as an additional cost to have me enter ready.),,True,False,,https://riftbound.gg/cards/ogn-001-p-blazing-scorcher/
OGN-002,Brazen Buccaneer,Origins,Common,Unit,,Fury,6,5,Pirate; Bilgewater,"As you play me, you may discard 1 as an additional cost. If you do, reduce my cost by {2 Energy}.","“They called my crew ‘scurvy dogs,’ and I took that personally.”",False,False,,https://riftbound.gg/cards/ogn-002-brazen-buccaneer/
OGN-003,Chemtech Enforcer,Origins,Common,Unit,,Fury,2,2,Zaun,"[Assault 2] (+2 {Might} while I'm an attacker.)
When you play me, discard 1.","“Knock, knock.”",False,False,,https://riftbound.gg/cards/ogn-003-chemtech-enforcer/
OGN-004,Cleave,Origins,Common,Spell,,Fury,1,,,"[Action] (Play on your turn or in showdowns.)
Give a unit [Assault 3] this turn. (+3 {Might} while it's an attacker.)",Nobody ever won a war without attacking.,False,False,,https://riftbound.gg/cards/ogn-004-cleave/
OGN-005,Disintegrate,Origins,Common,Spell,,Fury,4,,,"[Action] (Play on your turn or in showdowns.)
Deal 3 to a unit at a battlefield. If this kills it, draw 1.","“Ashes, ashes, they all fall down.”",False,False,"[Action] (Play on your turn or in showdowns.)
Deal 3 to a unit at a battlefield. If this kills it, do this: draw 1.",https://riftbound.gg/cards/ogn-005-disintegrate/
OGN-006,Flame Chompers,Origins,Common,Unit,,Fury,3,3,Zaun,"When you discard me, you may pay {Fury Rune} to play me.","""GET 'EM, CHOMPIES!""",False,False,,https://riftbound.gg/cards/ogn-006-flame-chompers/
OGN-007,Fury Rune,Origins,Common,Rune,Basic,Fury,,,,,,False,False,,https://riftbound.gg/cards/ogn-007-fury-rune/
OGN-007a,Fury Rune,Origins,Showcase,Rune,Basic,Fury,,,,,,False,False,,https://riftbound.gg/cards/ogn-007a-fury-rune/
OGN-007b,Fury Rune (Origins Nexus Night Promo),Origins,Showcase,Rune,,Fury,,,,,,True,False,,https://riftbound.gg/cards/ogn-007b-fury-rune/
OGN-008,Get Excited!,Origins,Common,Spell,,Fury,2,,,"[Action] (Play on your turn or in showdowns.)
Discard 1. Deal its Energy cost as damage to a unit at a battlefield. (Ignore its Power cost.)","“Everybody, panic!”",False,False,,https://riftbound.gg/cards/ogn-008-get-excited/
OGN-009,Hextech Ray,Origins,Common,Spell,,Fury,1,,,"[Action] (Play on your turn or in showdowns.)
Deal 3 to a unit at a battlefield.",“Destroy. Then improve.”,False,False,,https://riftbound.gg/cards/ogn-009-hextech-ray/
OGN-010,Legion Rearguard,Origins,Common,Unit,,Fury,2,2,Trifarian; Noxus,[Accelerate] (You may pay {1 Energy}{Fury Rune} as an additional cost to have me enter ready.),The last line of offense.,False,False,,https://riftbound.gg/cards/ogn-010-legion-rearguard/
OGN-011,Magma Wurm,Origins,Common,Unit,,Fury,8,8,Freljord,Other friendly units enter ready.,A river of flame in an ocean of ice.,False,False,,https://riftbound.gg/cards/ogn-011-magma-wurm/
OGN-012,Noxus Hopeful,Origins,Common,Unit,,Fury,4,4,Trifarian; Noxus,[Legion] — I cost {2 Energy} less. (Get the effect if you've played another card this turn.),"First to the front, first to glory.",False,False,,https://riftbound.gg/cards/ogn-012-noxus-hopeful/
OGN-013,Pouty Poro,Origins,Common,Unit,,Fury,2,2,Poro,[Deflect] (Opponents must pay {Any Rune} to choose me with a spell or ability.),"“Braum takes medicine too, see?” — Braum",False,False,,https://riftbound.gg/cards/ogn-013-pouty-poro/
OGN-013-P,Pouty Poro (Origins Nexus Night Promo),Origins,Common,Unit,,Fury,2,2,Poro,[Deflect] (Opponents must pay {Any Rune} to choose me with a spell or ability.),"“Braum takes medicine too, see?” — Braum",True,False,,https://riftbound.gg/cards/ogn-013-p-pouty-poro/
OGN-014,Sky Splitter,Origins,Common,Spell,,Fury,8,,,"[Action] (Play on your turn or in showdowns.)
This spell's Energy cost is reduced by the highest Might among units you control.
Deal 5 to a unit at a battlefield.",“Puny mortals!” — Volibear,False,False,,https://riftbound.gg/cards/ogn-014-sky-splitter/
OGN-015,Captain Farron,Origins,Uncommon,Unit,,Fury,4,5,Trifarian; Noxus,Other friendly units here have [Assault]. (+1 {Might} while they're attackers.),“Forward! Always!”,False,False,,https://riftbound.gg/cards/ogn-015-captain-farron/
OGN-016,Dangerous Duo,Origins,Uncommon,Unit,,Fury,3,3,Mech; Bandle City,"[Legion] — When you play me, give a unit +2 {Might} this turn. (Get the effect if you've played another card this turn.)",,False,False,,https://riftbound.gg/cards/ogn-016-dangerous-duo/
OGN-017,Iron Ballista,Origins,Uncommon,Gear,,Fury,3,,,"This enters exhausted.
{Exhaust}: Deal 2 to a unit at a battlefield.",“There's no way they can hit us at this dist—AUGH!”,False,False,,https://riftbound.gg/cards/ogn-017-iron-ballista/
OGN-018,Noxus Saboteur,Origins,Uncommon,Unit,,Fury,3,3,Trifarian; Noxus,Your opponents' [Hidden] cards can't be revealed here.,Nothing fails like a perfect plan.,False,False,,https://riftbound.gg/cards/ogn-018-noxus-saboteur/
OGN-019,Raging Soul,Origins,Uncommon,Unit,,Fury,4,4,Spirit; Shadow Isles,"If you've discarded a card this turn, I have [Assault] and [Ganking]. (+1 {Might} while I'm an attacker. I can move from battlefield to battlefield.)",,False,False,,https://riftbound.gg/cards/ogn-019-raging-soul/
OGN-020,Scrapyard Champion,Origins,Uncommon,Unit,,Fury,5,5,Mech; Bandle City,"[Legion] — When you play me, discard 2, then draw 2. (Get the effect if you've played another card this turn.)",“Last one standing” is a bit subjective.,False,False,,https://riftbound.gg/cards/ogn-020-scrapyard-champion/
OGN-021,Sun Disc,Origins,Uncommon,Gear,,Fury,2,,,{Exhaust}: [Legion] — The next unit you play this turn enters ready. (Get the effect if you've played another card this turn.),"“Those who follow me follow destiny!”  
– Azir",False,False,,https://riftbound.gg/cards/ogn-021-sun-disc/
OGN-022,Thermo Beam,Origins,Uncommon,Spell,,Fury,5,,,"[Action] (Play on your turn or in showdowns.)
Kill all gear.","“Turn the limiter off, the beam is totally stable.” —Common last words",False,False,,https://riftbound.gg/cards/ogn-022-thermo-beam/
OGN-023,Unlicensed Armory,Origins,Uncommon,Gear,,Fury,2,,,"Discard 1, {Exhaust}: Choose a friendly unit. The next time it dies this turn, you may pay {Fury Rune} to recall it exhausted instead. (Send it to base. This isn't a move.)",,False,False,"Discard 1, {Exhaust}: Choose a friendly unit. The next time it would die this turn, you may pay {Fury Rune} to heal it, exhaust it, and recall it instead. (Send it to base. This isn't a move.)",https://riftbound.gg/cards/ogn-023-unlicensed-armory/
OGN-024,Void Seeker,Origins,Uncommon,Spell,,Fury,3,,,"[Action] (Play on your turn or in showdowns.)
Deal 4 to a unit at a battlefield. Draw 1.",“It’s a good day for a hunt.” —Kai’Sa,False,False,,https://riftbound.gg/cards/ogn-024-void-seeker/
OGN-024-P,Void Seeker (Origins Nexus Night Promo),Origins,Uncommon,Spell,,Fury,3,,,"[Action] (Play on your turn or in showdowns.)
Deal 4 to a unit at a battlefield. Draw 1.",,True,False,,https://riftbound.gg/cards/ogn-024-p-void-seeker/
OGN-025,Blind Fury,Origins,Rare,Spell,,Fury,4,,,"[Action] (Play on your turn or in showdowns.)
Each opponent reveals the top card of their Main Deck. Choose one and banish it, then play it, ignoring its cost. Then recycle the rest.",,False,False,"[Action] (Play on your turn or in showdowns.)
Each opponent reveals the top card of their Main Deck. Choose one and banish it, then play it, ignoring its cost. Then recycle the rest.",https://riftbound.gg/cards/ogn-025-blind-fury/
OGN-026,Brynhir Thundersong,Origins,Rare,Unit,,Fury,6,5,Freljord,"When you play me, opponents can't play cards this turn.",“Silence. The sky speaks.”,False,False,,https://riftbound.gg/cards/ogn-026-brynhir-thundersong/
OGN-027,Darius - Trifarian,Origins,Rare,Unit,Champion,Fury,5,5,Trifarian; Darius; Noxus,"When you play your second card in a turn, give me +2 {Might} this turn and ready me.",“With overwhelming force.”,False,False,,https://riftbound.gg/cards/ogn-027-darius-trifarian/
OGN-027a,Darius - Trifarian,Origins,Showcase,Unit,Champion,Fury,5,5,Trifarian; Darius; Noxus,"When you play your second card in a turn, give me +2 {Might} this turn and ready me.",“With overwhelming force.”,False,False,,https://riftbound.gg/cards/ogn-027a-darius-trifarian/
OGN-028,Draven - Showboat,Origins,Rare,Unit,Champion,Fury,5,3,Draven; Noxus,My Might is increased by your points.,“Let’s admire me for a bit.”,False,False,,https://riftbound.gg/cards/ogn-028-draven-showboat/
OGN-029,Falling Star,Origins,Rare,Spell,,Fury,2,,,"Deal 3 to a unit.
Deal 3 to a unit.",,False,False,"Deal 3 to a unit.
Deal 3 to a unit.",https://riftbound.gg/cards/ogn-029-falling-star/
OGN-030,Jinx - Demolitionist,Origins,Rare,Unit,Champion,Fury,3,4,Jinx; Zaun,"[Accelerate] (You may pay {1 Energy}{Fury Rune} as an additional cost to have me enter ready.)
[Assault 2] (+2 {Might} while I'm an attacker.)
When you play me, discard 2.",“I really need a new gun. But don’t tell my other guns.”,False,False,,https://riftbound.gg/cards/ogn-030-jinx-demolitionist/
OGN-030a,Jinx - Demolitionist,Origins,Showcase,Unit,Champion,Fury,3,4,Jinx; Zaun,"[Accelerate] (You may pay {1 Energy}{Fury Rune} as an additional cost to have me enter ready.)
[Assault 2] (+2 {Might} while I'm an attacker.)
When you play me, discard 2.",“I really need a new gun. But don’t tell my other guns.”,False,False,,https://riftbound.gg/cards/ogn-030a-jinx-demolitionist/
OGN-031,Raging Firebrand,Origins,Rare,Unit,,Fury,6,4,Dragon; Mount Targon,"When you play me, the next spell you play this turn costs {5 Energy} less.",,False,False,,https://riftbound.gg/cards/ogn-031-raging-firebrand/
OGN-032,Ravenborn Tome,Origins,Rare,Gear,,Fury,3,,,{Exhaust}: The next spell you play this turn deals 1 Bonus Damage. (Each instance of damage the spell deals is increased by 1.),"The book is bound in flame-resistant materials, for obvious reasons.",False,False,{Exhaust}: The next spell you play this turn deals 1 Bonus Damage. (Each instance of damage the spell deals is increased by 1.),https://riftbound.gg/cards/ogn-032-ravenborn-tome/
OGN-033,Shakedown,Origins,Rare,Spell,,Fury,2,,,"[Reaction] (Play any time, even before spells and abilities resolve.)
Choose an enemy unit. Deal 6 to it unless its controller has you draw 2.",“Blink once for yes.”,False,False,,https://riftbound.gg/cards/ogn-033-shakedown/
OGN-034,Tryndamere - Barbarian,Origins,Rare,Unit,Champion,Fury,7,8,Tryndamere; Freljord,"When I conquer after an attack, if you assigned 5 or more excess damage to enemy units, you score 1 point.",“You never stood a chance.”,False,False,,https://riftbound.gg/cards/ogn-034-tryndamere-barbarian/
OGN-034-P,"Tryndamere, Barbarian (Origins Summoner Skirmish Participation Promo)",Origins,Rare,Unit,,Fury,7,8,Tryndamere; Freljord,"When I conquer after an attack, if you assigned 5 or more excess damage to opponent's units, you score 1 Point.",,True,False,,https://riftbound.gg/cards/ogn-034-p-tryndamere-barbarian/
OGN-035,Vayne - Hunter,Origins,Rare,Unit,Champion,Fury,4,2,Vayne; Demacia,"[Assault 3] (+3 {Might} while I'm an attacker.)
If an opponent controls a battlefield, I enter ready.
When I conquer, you may pay {1 Energy} to return me to my owner's hand.",“On wings of night.”,False,False,,https://riftbound.gg/cards/ogn-035-vayne-hunter/
OGN-036,Vi - Destructive,Origins,Rare,Unit,Champion,Fury,2,3,Vi; Piltover,"[Ganking] (I can move from battlefield to battlefield.)
Recycle 1 from your trash: Give me +1 {Might} this turn.",“Punch first. Ask questions while punching.”,False,False,,https://riftbound.gg/cards/ogn-036-vi-destructive/
OGN-036a,Vi - Destructive (Arcane Box Set Promo),Origins,Showcase,Unit,Champion,Fury,2,3,Vi; Piltover,"[Ganking] (I can move from battlefield to battlefield.)
Recycle 1 from your trash: Give me +1 {Might} this turn.",,True,False,,https://riftbound.gg/cards/ogn-036a-vi-destructive/
OGN-037,Immortal Phoenix,Origins,Epic,Unit,,Fury,3,3,Spirit,"[Assault 2] (+2 {Might} while I'm an attacker.)
When you kill a unit with a spell, you may pay {1 Energy}{Fury Rune} to play me from your trash.",The memory of every death fuels even brighter flames.,False,False,,https://riftbound.gg/cards/ogn-037-immortal-phoenix/
OGN-038,Kadregrin the Infernal,Origins,Epic,Unit,,Fury,9,9,Dragon; Demacia,"When you play me, draw 1 for each of your [Mighty] units. (A unit is Mighty while it has 5+ {Might}.)",First among flames.,False,False,,https://riftbound.gg/cards/ogn-038-kadregrin-the-infernal/
OGN-039,Kai'Sa - Survivor,Origins,Epic,Unit,Champion,Fury,4,4,Kai'Sa; The Void,"[Accelerate] (You may pay {1 Energy}{Fury Rune} as an additional cost to have me enter ready.)
When I conquer, draw 1.",“I like it here. I just might stay.”,False,False,,https://riftbound.gg/cards/ogn-039-kaisa-survivor/
OGN-039a,Kai'Sa - Survivor,Origins,Showcase,Unit,Champion,Fury,4,4,Kai'Sa; The Void,"[Accelerate] (You may pay {1 Energy}{Fury Rune} as an additional cost to have me enter ready.)
When I conquer, draw 1.",“I like it here. I just might stay.”,False,False,,https://riftbound.gg/cards/ogn-039a-kaisa-survivor/
OGN-040,Seal of Rage,Origins,Epic,Gear,,Fury,,,,{Exhaust}: [Reaction] — [Add] {Fury Rune}. (Abilities that add resources can't be reacted to.),,False,False,,https://riftbound.gg/cards/ogn-040-seal-of-rage/
OGN-041,Volibear - Furious,Origins,Epic,Unit,Champion,Fury,10,9,Volibear; Freljord,"[Deflect 2] (Opponents must pay {Any Rune}{Any Rune} to choose me with a spell or ability.)
When I attack, deal 5 damage split among any number of enemy units here.",“I split mountains with my roar!”,False,False,,https://riftbound.gg/cards/ogn-041-volibear-furious/
OGN-041a,Volibear - Furious,Origins,Showcase,Unit,Champion,Fury,10,9,Volibear; Freljord,"[Deflect 2] (Opponents must pay {Any Rune}{Any Rune} to choose me with a spell or ability.)
When I attack, deal 5 damage split among any number of enemy units here.",“I split mountains with my roar!”,False,False,,https://riftbound.gg/cards/ogn-041a-volibear-furious/
OGN-042,Calm Rune,Origins,Common,Rune,Basic,Calm,,,,,,False,False,,https://riftbound.gg/cards/ogn-042-calm-rune/
OGN-042a,Calm Rune,Origins,Showcase,Rune,Basic,Calm,,,,,,False,False,,https://riftbound.gg/cards/ogn-042a-calm-rune/
OGN-042b,Calm Rune (Origins Nexus Night Promo),Origins,Showcase,Rune,,Calm,,,,,,True,False,,https://riftbound.gg/cards/ogn-042b-calm-rune/
OGN-043,Charm,Origins,Common,Spell,,Calm,1,,,Move an enemy unit.,"“There’s no harm in looking.”  
— Common last words",False,False,,https://riftbound.gg/cards/ogn-043-charm/
OGN-044,Clockwork Keeper,Origins,Common,Unit,,Calm,2,2,Shurima,"As you play me, you may pay {Calm Rune} as an additional cost. If you do, draw 1.",It always goes back for seconds.,False,False,"You may pay {Calm Rune} as an additional cost to play me.
When you play me, if you paid the additional cost, draw 1.",https://riftbound.gg/cards/ogn-044-clockwork-keeper/
OGN-045,Defy,Origins,Common,Spell,,Calm,1,,,"[Reaction] (Play any time, even before spells and abilities resolve.)
Counter a spell that costs no more than {4 Energy} and no more than {Any Rune}.",“No.”,False,False,,https://riftbound.gg/cards/ogn-045-defy/
OGN-046,En Garde,Origins,Common,Spell,,Calm,1,,,"[Reaction] (Play any time, even before spells and abilities resolve.)
Give a friendly unit +1 {Might} this turn, then an additional +1 {Might} this turn if it is the only unit you control there.",“Is this supposed to be a challenge?” —Fiora,False,False,,https://riftbound.gg/cards/ogn-046-en-garde/
OGN-047,Find Your Center,Origins,Common,Spell,,Calm,3,,,"[Action] (Play on your turn or in showdowns.)
If an opponent's score is within 3 points of the Victory Score, this costs {2 Energy} less.
Draw 1 and channel 1 rune exhausted.",One does not wait for the perfect moment.,False,False,,https://riftbound.gg/cards/ogn-047-find-your-center/
OGN-048,Meditation,Origins,Common,Spell,,Calm,2,,,"[Reaction] (Play any time, even before spells and abilities resolve.)
As an additional cost to play this, you may exhaust a friendly unit. If you do, draw 2. Otherwise, draw 1.",,False,False,,https://riftbound.gg/cards/ogn-048-meditation/
OGN-049,Playful Phantom,Origins,Common,Unit,,Calm,5,5,Spirit; Shadow Isles,,“My toys break so easily.”,False,False,,https://riftbound.gg/cards/ogn-049-playful-phantom/
OGN-050,Rune Prison,Origins,Common,Spell,,Calm,2,,,"[Action] (Play on your turn or in showdowns.)
Stun a unit. (It doesn't deal combat damage this turn.)","“Be still!”  
—Ryze",False,False,,https://riftbound.gg/cards/ogn-050-rune-prison/
OGN-051,Solari Shieldbearer,Origins,Common,Unit,,Calm,3,2,Mount Targon,"When you play me, stun a unit. (It doesn't deal combat damage this turn.)",“Discipline is our shield.”,False,False,,https://riftbound.gg/cards/ogn-051-solari-shieldbearer/
OGN-052,Stalwart Poro,Origins,Common,Unit,,Calm,2,2,Poro,[Shield] (+1 {Might} while I'm a defender.),It suits him.,False,False,,https://riftbound.gg/cards/ogn-052-stalwart-poro/
OGN-052-P,Stalwart Poro (Origins Nexus Night Promo),Origins,Common,Unit,,Calm,2,2,Poro,[Shield] (+1 {Might} while I'm a defender.),,True,False,,https://riftbound.gg/cards/ogn-052-p-stalwart-poro/
OGN-053,Stand United,Origins,Common,Spell,,Calm,3,,,"[Hidden] (Hide now for {Any Rune} to react with later for {0 Energy}.)
[Action] (Play on your turn or in showdowns.)
Buff a friendly unit. Buffs give an additional +1 {Might} to friendly units this turn. (To buff a unit, give it a +1 {Might} buff if it doesn't already have one.)",,False,False,,https://riftbound.gg/cards/ogn-053-stand-united/
OGN-054,Sunlit Guardian,Origins,Common,Unit,,Calm,3,3,Shurima,"[Shield] (+1 {Might} while I'm a defender.)
[Tank] (I must be assigned combat damage first.)",Nobody ever won a war without defending.,False,False,,https://riftbound.gg/cards/ogn-054-sunlit-guardian/
OGN-055,Wielder of Water,Origins,Common,Unit,,Calm,3,2,Ionia,"While I'm attacking or defending alone, I have +2 {Might}.",Each drop an ocean of possibilities.,False,False,,https://riftbound.gg/cards/ogn-055-wielder-of-water/
OGN-055-P,Wielder of Water (Origins Nexus Night Promo),Origins,Common,Unit,,Calm,3,2,Ionia,"While I'm attacking or defending alone, I have +2 {Might}.",,True,False,,https://riftbound.gg/cards/ogn-055-p-wielder-of-water/
OGN-056,Adaptatron,Origins,Uncommon,Unit,,Calm,4,3,Mech; Piltover,"When I conquer, you may kill a gear. If you do, buff me. (If I don't have a buff, I get a +1 {Might} buff.)",There’s a scrap for that.,False,False,,https://riftbound.gg/cards/ogn-056-adaptatron/
OGN-057,Block,Origins,Uncommon,Spell,,Calm,2,,,"[Hidden] (Hide now for {Any Rune} to react with later for {0 Energy}.)
[Action] (Play on your turn or in showdowns.)
Give a unit [Shield 3] and [Tank] this turn. (+3 {Might} while it's a defender. It must be assigned combat damage first.)",,False,False,,https://riftbound.gg/cards/ogn-057-block/
OGN-058,Discipline,Origins,Uncommon,Spell,,Calm,2,,,"[Reaction] (Play any time, even before spells and abilities resolve.)
Give a unit +2 {Might} this turn. Draw 1.",A blade is only as sharp as the one who wields it.,False,False,,https://riftbound.gg/cards/ogn-058-discipline/
OGN-058-P,Discipline (Origins Nexus Night Promo),Origins,Uncommon,Spell,,Calm,2,,,"[Reaction] (Play any time, even before spells and abilities resolve.)
Give a unit +2 {Might} this turn. Draw 1.",,True,False,,https://riftbound.gg/cards/ogn-058-p-discipline/
OGN-059,Eclipse Herald,Origins,Uncommon,Unit,,Calm,7,7,Bird; Mount Targon,"When you stun an enemy unit, ready me and give me +1 {Might} this turn.",An omen as terrifying as that which follows.,False,False,,https://riftbound.gg/cards/ogn-059-eclipse-herald/
OGN-060,Mask of Foresight,Origins,Uncommon,Gear,,Calm,2,,,"When a friendly unit attacks or defends alone, give it +1 {Might} this turn.","To know the future, you must first accept it.",False,False,,https://riftbound.gg/cards/ogn-060-mask-of-foresight/
OGN-061,Poro Herder,Origins,Uncommon,Unit,,Calm,3,3,Freljord,"When you play me, if you control a Poro, buff me and draw 1. (If I don't have a buff, I get a +1 {Might} buff.)",A fluff is where you make it.,False,False,,https://riftbound.gg/cards/ogn-061-poro-herder/
OGN-062,Reinforce,Origins,Uncommon,Spell,,Calm,5,,,"Look at the top 5 cards of your Main Deck. You may banish a unit from among them, then play it, reducing its cost by {5 Energy}. Recycle the remaining cards.",,False,False,"Look at the top 5 cards of your Main Deck. You may banish a unit from among them, then play it, reducing its cost by {5 Energy}. Recycle the remaining cards.",https://riftbound.gg/cards/ogn-062-reinforce/
OGN-063,Spirit's Refuge,Origins,Uncommon,Gear,,Calm,2,,,"When you play this, buff a friendly unit. (If it doesn't have a buff, it gets a +1 {Might} buff.)
Friendly buffed units have [Deflect] if they didn't already. (Opponents must pay {Any Rune} to choose those units with a spell or ability.)",,False,False,,https://riftbound.gg/cards/ogn-063-spirits-refuge/
OGN-064,Wind Wall,Origins,Uncommon,Spell,,Calm,3,,,"[Reaction] (Play any time, even before spells and abilities resolve.)
Counter a spell.","“Face the wind!”  
—Yasuo",False,False,,https://riftbound.gg/cards/ogn-064-wind-wall/
OGN-065,Wizened Elder,Origins,Uncommon,Unit,,Calm,4,4,Ionia,"While I'm buffed, I have an additional +1 {Might}.",“I’m still fighting at my age. That should concern you more than it does.”,False,False,,https://riftbound.gg/cards/ogn-065-wizened-elder/
OGN-066,Ahri - Alluring,Origins,Rare,Unit,Champion,Calm,5,4,Ahri; Ionia,"When I hold, you score 1 point.",“Remember this moment.”,False,False,,https://riftbound.gg/cards/ogn-066-ahri-alluring/
OGN-066-P,Ahri - Alluring (Origins Launch Event Promo),Origins,Rare,Unit,Champion,Calm,5,4,Ahri; Ionia,"When I hold, you score 1 point.",,True,False,,https://riftbound.gg/cards/ogn-066-p-ahri-alluring/
OGN-066a,Ahri - Alluring,Origins,Showcase,Unit,Champion,Calm,5,4,Ahri; Ionia,"When I hold, you score 1 point.",“Remember this moment.”,False,False,,https://riftbound.gg/cards/ogn-066a-ahri-alluring/
OGN-067,Blitzcrank - Impassive,Origins,Rare,Unit,Champion,Calm,5,5,Mech; Blitzcrank; Zaun,"[Tank] (I must be assigned combat damage first.)
When you play me to a battlefield, you may move an enemy unit to here.
When I hold, return me to my owner's hand.",,False,False,,https://riftbound.gg/cards/ogn-067-blitzcrank-impassive/
OGN-067-P,"Blitzcrank, Impassive (Origins Summoner Skirmish Top 8 Promo)",Origins,Rare,Unit,,Calm,5,5,Mech; Blitzcrank; Zaun,"[Tank] (I must be assigned combat damage first.)
When you play me to a battlefield, you may move an enemy unit to here.
When I hold, return me to my owner's hand.",,True,False,,https://riftbound.gg/cards/ogn-067-p-blitzcrank-impassive/
OGN-068,Caitlyn - Patrolling,Origins,Rare,Unit,Champion,Calm,3,3,Caitlyn; Piltover,"I must be assigned combat damage last.
{Exhaust}: Deal damage equal to my Might to a unit at a battlefield. Use this ability only while I'm at a battlefield.",“I never miss.”,False,False,,https://riftbound.gg/cards/ogn-068-caitlyn-patrolling/
OGN-068a,Caitlyn - Patrolling (Arcane Box Set Promo),Origins,Showcase,Unit,Champion,Calm,3,3,Caitlyn; Piltover,"I must be assigned combat damage last.
{Exhaust}: Deal damage equal to my Might to a unit at a battlefield. Use this ability only while I'm at a battlefield.",,True,False,,https://riftbound.gg/cards/ogn-068a-caitlyn-patrolling/
OGN-069,Last Stand,Origins,Rare,Spell,,Calm,3,,,"[Action] (Play on your turn or in showdowns.)
Double a friendly unit's Might this turn. Give it [Temporary]. (Kill it at the start of its controller's Beginning Phase, before scoring.)",Worth it.,False,False,,https://riftbound.gg/cards/ogn-069-last-stand/
OGN-070,Mageseeker Warden,Origins,Rare,Unit,,Calm,6,5,Demacia,"While I'm at a battlefield, opponents can only play units to their base.
While I'm at a battlefield, spells and abilities can't ready enemy units and gear.",,False,False,,https://riftbound.gg/cards/ogn-070-mageseeker-warden/
OGN-071,Party Favors,Origins,Rare,Spell,,Calm,3,,,"Each other player chooses Cards or Runes. For each player that chooses Cards, you and that player each draw 1. For each player that chooses Runes, you and that player each channel 1 rune exhausted.",,False,False,,https://riftbound.gg/cards/ogn-071-party-favors/
OGN-072,Solari Shrine,Origins,Rare,Gear,,Calm,3,,,"When you kill a stunned enemy unit, you may exhaust this to draw 1.",The names of the fallen are a lesson for our descendants.,False,False,,https://riftbound.gg/cards/ogn-072-solari-shrine/
OGN-073,Sona - Harmonious,Origins,Rare,Unit,Champion,Calm,4,4,Sona; Demacia,"While I'm at a battlefield, ready 4 friendly runes at the end of your turn.",“The symphony never ends.”,False,False,"At the end of your turn, if I'm at a battlefield, ready up to 4 friendly runes.",https://riftbound.gg/cards/ogn-073-sona-harmonious/
OGN-074,Taric - Protector,Origins,Rare,Unit,Champion,Calm,4,4,Taric; Mount Targon,"[Shield] (+1 {Might} while I'm a defender.)
[Tank] (I must be assigned combat damage first.)
Other friendly units here have [Shield].",“Each life is a rare jewel.”,False,False,,https://riftbound.gg/cards/ogn-074-taric-protector/
OGN-075,Tasty Faefolk,Origins,Rare,Unit,,Calm,7,6,Fae; Bandle City,"[Accelerate] (You may pay {1 Energy}{Calm Rune} as an additional cost to have me enter ready.)
[Deathknell] — Channel 2 runes exhausted and draw 1. (When I die, get the effect.)",,False,False,,https://riftbound.gg/cards/ogn-075-tasty-faefolk/
OGN-076,Yasuo - Remorseful,Origins,Rare,Unit,Champion,Calm,6,6,Yasuo; Ionia,"When I attack, deal damage equal to my Might to an enemy unit here.",“Is a leaf’s only purpose to fall?”,False,False,,https://riftbound.gg/cards/ogn-076-yasuo-remorseful/
OGN-076a,Yasuo - Remorseful,Origins,Showcase,Unit,Champion,Calm,6,6,Yasuo; Ionia,"When I attack, deal damage equal to my Might to an enemy unit here.",“Is a leaf’s only purpose to fall?”,False,False,,https://riftbound.gg/cards/ogn-076a-yasuo-remorseful/
OGN-077,Zhonya's Hourglass,Origins,Rare,Gear,,Calm,2,,,"[Hidden] (Hide now for {Any Rune} to react with later for {0 Energy}.)
The next time a friendly unit would die, kill this instead. Recall that unit exhausted. (Send it to base. This isn't a move.)",,False,False,"[Hidden] (Hide now for {Any Rune} to react with later for {0 Energy}.)
If a friendly unit would die, kill this instead. Heal that unit, exhaust it, and recall it. (Send it to base. This isn't a move.)",https://riftbound.gg/cards/ogn-077-zhonyas-hourglass/
OGN-078,Lee Sin - Ascetic,Origins,Epic,Unit,Champion,Calm,5,5,Lee Sin; Ionia,"[Shield] (+1 {Might} while I'm a defender.)
{Exhaust}: Buff me. (I get a +1 {Might} buff.)
I can have any number of buffs.",“Let us see whose spirit is stronger.”,False,False,,https://riftbound.gg/cards/ogn-078-lee-sin-ascetic/
OGN-078-P,Lee Sin - Ascetic (Origins Release Event Promo),Origins,Epic,Unit,Champion,Calm,5,5,Lee Sin; Ionia,"[Shield]_ (+1 {Might} while I'm a defender.)_
{Exhaust}: Buff me. (I get a +1 {Might} buff.)
I can have any number of buffs.",,True,False,,https://riftbound.gg/cards/ogn-078-p-lee-sin-ascetic/
OGN-078a,Lee Sin - Ascetic,Origins,Showcase,Unit,Champion,Calm,5,5,Lee Sin; Ionia,"[Shield] (+1 {Might} while I'm a defender.)
{Exhaust}: Buff me. (I get a +1 {Might} buff.)
I can have any number of buffs.",“Let us see whose spirit is stronger.”,False,False,,https://riftbound.gg/cards/ogn-078a-lee-sin-ascetic/
OGN-079,Leona - Zealot,Origins,Epic,Unit,Champion,Calm,6,6,Leona; Mount Targon,"If an opponent's score is within 3 points of the Victory Score, I enter ready.
Stunned enemy units here have -8 {Might}, to a minimum of 1 {Might}.",“Feel the sun’s glory!”,False,False,,https://riftbound.gg/cards/ogn-079-leona-zealot/
OGN-079a,Leona - Zealot,Origins,Showcase,Unit,Champion,Calm,6,6,Leona; Mount Targon,"If an opponent's score is within 3 points of the Victory Score, I enter ready.
Stunned enemy units here have -8 {Might}, to a minimum of 1 {Might}.",“Feel the sun’s glory!”,False,False,,https://riftbound.gg/cards/ogn-079a-leona-zealot/
OGN-080,Mystic Reversal,Origins,Epic,Spell,,Calm,4,,,"[Reaction] (Play any time, even before spells and abilities resolve.)
Gain control of a spell. You may make new choices for it.","Good mages borrow, great mages steal.",False,False,,https://riftbound.gg/cards/ogn-080-mystic-reversal/
OGN-081,Seal of Focus,Origins,Epic,Gear,,Calm,,,,{Exhaust}: [Reaction] — [Add] {Calm Rune}. (Abilities that add resources can't be reacted to.),,False,False,,https://riftbound.gg/cards/ogn-081-seal-of-focus/
OGN-082,Whiteflame Protector,Origins,Epic,Unit,,Calm,8,8,Dragon; Mount Targon,"When you play me, give a unit +8 {Might} this turn.",A dragon is capable of nobility equal to its rage.,False,False,,https://riftbound.gg/cards/ogn-082-whiteflame-protector/
OGN-083,Consult the Past,Origins,Common,Spell,,Mind,4,,,"[Hidden] (Hide now for {Any Rune} to react with later for {0 Energy}.)
[Reaction] (Play any time, even before spells and abilities resolve.)
Draw 2.",,False,False,,https://riftbound.gg/cards/ogn-083-consult-the-past/
OGN-083-P,Consult the Past (Origins Nexus Night Promo),Origins,Common,Spell,,Mind,4,,,"[Hidden] (Hide now for {Any Rune} to react with later for {0 Energy}.)
[Reaction] (Play any time, even before spells and abilities resolve.)
Draw 2.",,True,False,,https://riftbound.gg/cards/ogn-083-p-consult-the-past/
OGN-084,Eager Apprentice,Origins,Common,Unit,,Mind,3,3,Piltover,"While I'm at a battlefield, the Energy costs for spells you play is reduced by {1 Energy}, to a minimum of {1 Energy}.","“As long as these thirty-seven things go right, it’ll work every time!”",False,False,,https://riftbound.gg/cards/ogn-084-eager-apprentice/
OGN-085,Falling Comet,Origins,Common,Spell,,Mind,5,,,"[Action] (Play on your turn or in showdowns.)
Deal 6 to a unit at a battlefield.",Just an everyday celestial event.,False,False,,https://riftbound.gg/cards/ogn-085-falling-comet/
OGN-086,Jeweled Colossus,Origins,Common,Unit,,Mind,5,5,Mount Targon,"[Vision] (When you play me, look at the top card of your Main Deck. You may recycle it.)
[Shield] (+1 {Might} while I'm a defender.)",,False,False,,https://riftbound.gg/cards/ogn-086-jeweled-colossus/
OGN-087,Lecturing Yordle,Origins,Common,Unit,,Mind,3,2,Yordle; Bandle City,"[Tank] (I must be assigned combat damage first.)
When you play me, draw 1.","""... poisonous, but I didn't know that at the time. You see ...""",False,False,,https://riftbound.gg/cards/ogn-087-lecturing-yordle/
OGN-088,Mega-Mech,Origins,Common,Unit,,Mind,7,8,Mech; Bandle City,,"Mech fights have two rules:  
One—No cheating.  
Two—Don’t get caught cheating.",False,False,,https://riftbound.gg/cards/ogn-088-mega-mech/
OGN-089,Mind Rune,Origins,Common,Rune,Basic,Mind,,,,,,False,False,,https://riftbound.gg/cards/ogn-089-mind-rune/
OGN-089a,Mind Rune,Origins,Showcase,Rune,Basic,Mind,,,,,,False,False,,https://riftbound.gg/cards/ogn-089a-mind-rune/
OGN-089b,Mind Rune (Origins Nexus Night Promo),Origins,Showcase,Rune,,Mind,,,,,,True,False,,https://riftbound.gg/cards/ogn-089b-mind-rune/
OGN-090,Orb of Regret,Origins,Common,Gear,,Mind,1,,,"{Exhaust}: Give a unit -1 {Might} this turn, to a minimum of 1 {Might}.","""There's beauty in even the most painful memories.""",False,False,,https://riftbound.gg/cards/ogn-090-orb-of-regret/
OGN-091,Pit Crew,Origins,Common,Unit,,Mind,3,3,Bandle City,"When you play a gear, ready me.",“GOOD ENOUGH LET’S GOOOOO!”,False,False,,https://riftbound.gg/cards/ogn-091-pit-crew/
OGN-092,Riptide Rex,Origins,Common,Unit,,Mind,6,6,Pirate; Bilgewater,"When you play me, deal 6 to an enemy unit at a battlefield.",“Rainin’ fire!”,False,False,,https://riftbound.gg/cards/ogn-092-riptide-rex/
OGN-092-P,Riptide Rex (Origins Nexus Night Promo),Origins,Common,Unit,,Mind,6,6,Pirate; Bilgewater,"When you play me, deal 6 to an enemy unit at a battlefield.",,True,False,,https://riftbound.gg/cards/ogn-092-p-riptide-rex/
OGN-093,Smoke Screen,Origins,Common,Spell,,Mind,2,,,"[Reaction] (Play any time, even before spells and abilities resolve.)
Give a unit -4 {Might} this turn, to a minimum of 1 {Might}.","“Well, well, well. What have we here?”",False,False,,https://riftbound.gg/cards/ogn-093-smoke-screen/
OGN-094,Sprite Call,Origins,Common,Spell,,Mind,3,,,"[Hidden] (Hide now for {Any Rune} to react with later for {0 Energy}.)
[Action] (Play on your turn or in showdowns.)
Play a ready 3 {Might} Sprite unit token with [Temporary]. (Kill it at the start of its controller's Beginning Phase, before scoring.)",,False,False,,https://riftbound.gg/cards/ogn-094-sprite-call/
OGN-095,Stupefy,Origins,Common,Spell,,Mind,1,,,"[Reaction] (Play any time, even before spells and abilities resolve.)
Give a unit -1 {Might} this turn, to a minimum of 1 {Might}. Draw 1.",It’s easier to outsmart an opponent with a concussion.,False,False,,https://riftbound.gg/cards/ogn-095-stupefy/
OGN-096,Watchful Sentry,Origins,Common,Unit,,Mind,2,1,Freljord,"[Deathknell] — Draw 1. (When I die, get the effect.)","He may never see home again. But because of him, that home still stands.",False,False,,https://riftbound.gg/cards/ogn-096-watchful-sentry/
OGN-097,Blastcone Fae,Origins,Uncommon,Unit,,Mind,2,2,Fae; Bandle City,"[Hidden] (Hide now for {Any Rune} to react with later for {0 Energy}.)
When you play me, give a unit -2 {Might} this turn, to a minimum of 1 {Might}.",,False,False,,https://riftbound.gg/cards/ogn-097-blastcone-fae/
OGN-098,Energy Conduit,Origins,Uncommon,Gear,,Mind,3,,,{Exhaust}: [Reaction] — [Add] {1 Energy}. (Abilities that add resources can't be reacted to.),"Whatever it does, it sure does a lot of it.",False,False,,https://riftbound.gg/cards/ogn-098-energy-conduit/
OGN-099,Garbage Grabber,Origins,Uncommon,Gear,,Mind,2,,,"Recycle 3 from your trash, {1 Energy}, {Exhaust}: Draw 1.",The constructs of the in-between feed on whatever gets lost in the portals—mostly keys and left socks.,False,False,,https://riftbound.gg/cards/ogn-099-garbage-grabber/
OGN-100,Gemcraft Seer,Origins,Uncommon,Unit,,Mind,3,3,Mount Targon,"[Vision] (When you play me, look at the top card of your Main Deck. You may recycle it.)
Other friendly units have [Vision].",The light changes with every reflection.,False,False,,https://riftbound.gg/cards/ogn-100-gemcraft-seer/
OGN-101,Mushroom Pouch,Origins,Uncommon,Gear,,Mind,2,,,"At the start of your Beginning Phase, if you control a facedown card at a battlefield, draw 1.","“A Bandle Scout is always prepared!”  
—Teemo",False,False,,https://riftbound.gg/cards/ogn-101-mushroom-pouch/
OGN-102,Portal Rescue,Origins,Uncommon,Spell,,Mind,3,,,"[Action] (Play on your turn or in showdowns.)
Banish a friendly unit, then play it to base, ignoring its cost.","“Where do the portals go? You know, I’ve never asked.” — Norra",False,False,"[Action] (Play on your turn or in showdowns.)
Banish a friendly unit, then its owner plays it to their base, ignoring its cost.",https://riftbound.gg/cards/ogn-102-portal-rescue/
OGN-103,Ravenbloom Student,Origins,Uncommon,Unit,,Mind,2,2,Noxus,"When you play a spell, give me +1 {Might} this turn.",A little knowledge is a dangerous thing. A lot of knowledge is awesome.,False,False,,https://riftbound.gg/cards/ogn-103-ravenbloom-student/
OGN-103-P,Ravenbloom Student (Origins Nexus Night Promo),Origins,Uncommon,Unit,,Mind,2,2,Noxus,"When you play a spell, give me +1 {Might} this turn.",,True,False,,https://riftbound.gg/cards/ogn-103-p-ravenbloom-student/
OGN-104,Retreat,Origins,Uncommon,Spell,,Mind,1,,,"[Reaction] (Play any time, even before spells and abilities resolve.)
Return a friendly unit to its owner's hand. Its owner channels 1 rune exhausted.",There’s always tomorrow.,False,False,,https://riftbound.gg/cards/ogn-104-retreat/
OGN-105,Singularity,Origins,Uncommon,Spell,,Mind,6,,,Deal 6 to each of up to two units.,"Two fates, very briefly intertwined.",False,False,,https://riftbound.gg/cards/ogn-105-singularity/
OGN-106,Sprite Mother,Origins,Uncommon,Unit,,Mind,4,3,Fae,"When you play me, play a ready 3 {Might} Sprite unit token with [Temporary] here. (Kill it at the start of its controller's Beginning Phase, before scoring.)","“Come, little ones.”",False,False,,https://riftbound.gg/cards/ogn-106-sprite-mother/
OGN-107,Ava Achiever,Origins,Rare,Unit,,Mind,5,4,Yordle,"When I attack, you may pay {Mind Rune} to play a card with [Hidden] from your hand here, ignoring its cost.",“I brought snacks!”,False,False,"When I attack, you may pay {Mind Rune} to play a card with [Hidden] from your hand, ignoring its cost. If it’s a unit, play it here.",https://riftbound.gg/cards/ogn-107-ava-achiever/
OGN-108,Convergent Mutation,Origins,Rare,Spell,,Mind,2,,,"[Reaction] (Play any time, even before spells and abilities resolve.)
Choose a friendly unit. This turn, increase its Might to the Might of another friendly unit.","“I don’t know, I think it’s kind of cute.”",False,False,"[Reaction] (Play any time, even before spells and abilities resolve.)
Choose a friendly unit. This turn, increase its Might to the Might of another friendly unit.",https://riftbound.gg/cards/ogn-108-convergent-mutation/
OGN-109,Dr. Mundo - Expert,Origins,Rare,Unit,Champion,Mind,8,6,Dr. Mundo; Zaun,"My Might is increased by the number of cards in your trash.
At the start of your Beginning Phase, recycle 3 from your trash.",“This not hurt a bit!”,False,False,,https://riftbound.gg/cards/ogn-109-dr-mundo-expert/
OGN-110,Ekko - Recurrent,Origins,Rare,Unit,Champion,Mind,5,5,Ekko; Zaun,"[Accelerate] (You may pay {1 Energy}{Mind Rune} as an additional cost to have me enter ready.)
[Deathknell] — Recycle me to ready your runes. (When I die, get the effect.)","""Time to start some trouble.""",False,False,,https://riftbound.gg/cards/ogn-110-ekko-recurrent/
OGN-111,Heimerdinger - Inventor,Origins,Rare,Unit,Champion,Mind,3,3,Yordle; Heimerdinger; Piltover,"I have all {Exhaust} abilities of all friendly legends, units, and gear.",“I do love a good conundrum.”,False,False,,https://riftbound.gg/cards/ogn-111-heimerdinger-inventor/
OGN-111-P,Heimerdinger - Inventor (Judge Promo),Origins,Rare,Unit,Champion,Mind,3,3,Yordle; Heimerdinger; Piltover,"I have all {Exhaust} abilities of all friendly legends, units, and gear.",,True,False,,https://riftbound.gg/cards/ogn-111-p-heimerdinger-inventor-judge/
OGN-111a,Heimerdinger - Inventor (Arcane Box Set Promo),Origins,Showcase,Unit,Champion,Mind,3,3,Yordle; Heimerdinger; Piltover,"I have all {Exhaust} abilities of all friendly legends, units, and gear.",,True,False,,https://riftbound.gg/cards/ogn-111a-heimerdinger-inventor/
OGN-112,Kai'Sa - Evolutionary,Origins,Rare,Unit,Champion,Mind,6,6,Kai'Sa; The Void,"[Ganking] (I can move from battlefield to battlefield.)
When I conquer, you may play a spell from your trash with Energy cost less than your points without paying its Energy cost. Then recycle it. (You must still pay its Power cost.)",,False,False,,https://riftbound.gg/cards/ogn-112-kaisa-evolutionary/
OGN-112a,Kai'Sa - Evolutionary,Origins,Showcase,Unit,Champion,Mind,6,6,Kai'Sa; The Void,"[Ganking] (I can move from battlefield to battlefield.)
When I conquer, you may play a spell from your trash with Energy cost less than your points without paying its Energy cost. Then recycle it. (You must still pay its Power cost.)",,False,False,,https://riftbound.gg/cards/ogn-112a-kaisa-evolutionary/
OGN-113,Malzahar - Fanatic,Origins,Rare,Unit,Champion,Mind,4,3,Malzahar; The Void,"Kill a friendly unit or gear, {Exhaust}: [Action] — [Add] {Any Rune}{Any Rune}. (Use on your turn or in showdowns. Abilities that add resources can't be reacted to.)",“We demand sacrifice.”,False,False,,https://riftbound.gg/cards/ogn-113-malzahar-fanatic/
OGN-114,Progress Day,Origins,Rare,Spell,,Mind,6,,,Draw 4.,"See the dreams of a thousand tomorrows, and at such a low price!",False,False,,https://riftbound.gg/cards/ogn-114-progress-day/
OGN-115,Promising Future,Origins,Rare,Spell,,Mind,5,,,"Each player looks at the top 5 cards of their Main Deck, chooses one, then recycles the rest. Starting with the next player, each player plays those cards, ignoring Energy costs. (They must still pay Power costs.)",,False,False,"Each player looks at the top 5 cards of their Main Deck, banishes one of them, then recycles the rest. Starting with the next player, each player plays those cards, ignoring Energy costs. (They must still pay Power costs.)",https://riftbound.gg/cards/ogn-115-promising-future/
OGN-116,Thousand-Tailed Watcher,Origins,Rare,Unit,,Mind,7,7,Ionia,"[Accelerate] (You may pay {1 Energy}{Mind Rune} as an additional cost to have me enter ready.)
When you play me, give enemy units -3 {Might} this turn, to a minimum of 1 {Might}.",You will know when you've pushed the wilds too far.,False,False,,https://riftbound.gg/cards/ogn-116-thousand-tailed-watcher/
OGN-117,Viktor - Innovator,Origins,Rare,Unit,Champion,Mind,4,3,Viktor; Zaun,"When you play a card on an opponent's turn, play a 1 {Might} Recruit unit token in your base.",“Join the glorious evolution.”,False,False,,https://riftbound.gg/cards/ogn-117-viktor-innovator/
OGN-117a,Viktor - Innovator,Origins,Showcase,Unit,Champion,Mind,4,3,Viktor; Zaun,"When you play a card on an opponent's turn, play a 1 {Might} Recruit unit token in your base.",“Join the glorious evolution.”,False,False,,https://riftbound.gg/cards/ogn-117a-viktor-innovator/
OGN-118,Wraith of Echoes,Origins,Rare,Unit,,Mind,6,5,Spirit; Shadow Isles,"The first time a friendly unit dies each turn, draw 1.",His friends are with him in spirit.,False,False,,https://riftbound.gg/cards/ogn-118-wraith-of-echoes/
OGN-119,Ahri - Inquisitive,Origins,Epic,Unit,Champion,Mind,3,3,Ahri; Ionia,"When I attack or defend, give an enemy unit here -2 {Might} this turn, to a minimum of 1 {Might}.",“The hunter and the hunted.”,False,False,,https://riftbound.gg/cards/ogn-119-ahri-inquisitive/
OGN-119a,Ahri - Inquisitive,Origins,Showcase,Unit,Champion,Mind,3,3,Ahri; Ionia,"When I attack or defend, give an enemy unit here -2 {Might} this turn, to a minimum of 1 {Might}.",“The hunter and the hunted.”,False,False,,https://riftbound.gg/cards/ogn-119a-ahri-inquisitive/
OGN-120,Seal of Insight,Origins,Epic,Gear,,Mind,,,,{Exhaust}: [Reaction] — [Add] {Mind Rune}. (Abilities that add resources can't be reacted to.),,False,False,,https://riftbound.gg/cards/ogn-120-seal-of-insight/
OGN-121,Teemo - Strategist,Origins,Epic,Unit,Champion,Mind,2,2,Yordle; Teemo; Bandle City,"[Hidden] (Hide now for {Any Rune} to react with later for {0 Energy}.)
When I defend or I'm played from [Hidden], reveal the top 5 cards of your Main Deck. Deal 1 to an enemy unit here for each card with [Hidden], then recycle them.",,False,False,"[Hidden] (Hide now for {Any Rune} to react with later for {0 Energy}.)
When I defend, choose an enemy unit here and reveal the top 5 cards of your Main Deck. Deal 1 to that unit for each card with [Hidden] revealed this way, then recycle the revealed cards.",https://riftbound.gg/cards/ogn-121-teemo-strategist/
OGN-121a,Teemo - Strategist,Origins,Showcase,Unit,Champion,Mind,2,2,Yordle; Teemo; Bandle City,"[Hidden] (Hide now for {Any Rune} to react with later for {0 Energy}.)
When I defend or I'm played from [Hidden], reveal the top 5 cards of your Main Deck. Deal 1 to an enemy unit here for each card with [Hidden], then recycle them.",,False,False,"[Hidden] (Hide now for {Any Rune} to react with later for {0 Energy}.)
When I defend, choose an enemy unit here and reveal the top 5 cards of your Main Deck. Deal 1 to that unit for each card with [Hidden] revealed this way, then recycle the revealed cards.",https://riftbound.gg/cards/ogn-121a-teemo-strategist/
OGN-122,Time Warp,Origins,Epic,Spell,,Mind,10,,,Take a turn after this one. Banish this.,“Fool me once...and I’ll just rewind.”,False,False,,https://riftbound.gg/cards/ogn-122-time-warp/
OGN-123,Unchecked Power,Origins,Epic,Spell,,Mind,7,,,"Exhaust all friendly units, then deal 12 to ALL units at battlefields.",That’s enough.,False,False,,https://riftbound.gg/cards/ogn-123-unchecked-power/
OGN-124,Arena Bar,Origins,Common,Gear,,Body,3,,,"{Exhaust}: Buff an exhausted friendly unit. (If it doesn't have a buff, it gets a +1 {Might} buff.)",“This one’s on the house!”,False,False,,https://riftbound.gg/cards/ogn-124-arena-bar/
OGN-125,Bilgewater Bully,Origins,Common,Unit,,Body,6,6,Bilgewater,"While I'm buffed, I have [Ganking]. (I can move from battlefield to battlefield.)","Places to go, people to gank.",False,False,,https://riftbound.gg/cards/ogn-125-bilgewater-bully/
OGN-126,Body Rune,Origins,Common,Rune,Basic,Body,,,,,,False,False,,https://riftbound.gg/cards/ogn-126-body-rune/
OGN-126a,Body Rune,Origins,Showcase,Rune,Basic,Body,,,,,,False,False,,https://riftbound.gg/cards/ogn-126a-body-rune/
OGN-126b,Body Rune (Origins Nexus Night Promo),Origins,Showcase,Rune,,Body,,,,,,True,False,,https://riftbound.gg/cards/ogn-126b-body-rune/
OGN-127,Cannon Barrage,Origins,Common,Spell,,Body,2,,,"[Reaction] (Play any time, even before spells and abilities resolve.)
Deal 2 to all enemy units in combat.","If you’ve got enough guns, you don’t need to aim.",False,False,,https://riftbound.gg/cards/ogn-127-cannon-barrage/
OGN-128,Challenge,Origins,Common,Spell,,Body,2,,,"[Action] (Play on your turn or in showdowns.)
Choose a friendly unit and an enemy unit. They deal damage equal to their Mights to each other.",“He started it when he hit me back!”,False,False,,https://riftbound.gg/cards/ogn-128-challenge/
OGN-128-P,Challenge (Origins Nexus Night Promo),Origins,Common,Spell,,Body,2,,,"[Action] (Play on your turn or in showdowns.)
Choose a friendly unit and an enemy unit. They deal damage equal to their Mights to each other.",,True,False,,https://riftbound.gg/cards/ogn-128-p-challenge/
OGN-129,Confront,Origins,Common,Spell,,Body,2,,,"[Action] (Play on your turn or in showdowns.)
Units you play this turn enter ready. Draw 1.",Now is the only moment that matters.,False,False,,https://riftbound.gg/cards/ogn-129-confront/
OGN-130,Crackshot Corsair,Origins,Common,Unit,,Body,3,3,Pirate; Bilgewater,"When I attack, deal 1 to an enemy unit here.",“Ahoy.”,False,False,,https://riftbound.gg/cards/ogn-130-crackshot-corsair/
OGN-131,Dune Drake,Origins,Common,Unit,,Body,5,5,Dragon; Shurima,"When I attack, give me +2 {Might} this turn if there is a ready enemy unit here.","Dragons hunt not just for food, but for the thrill of it.",False,False,"When I attack, give me +2 {Might} this turn if there is a ready enemy unit here.",https://riftbound.gg/cards/ogn-131-dune-drake/
OGN-132,First Mate,Origins,Common,Unit,,Body,3,3,Pirate; Bilgewater,"When you play me, ready another unit.",“It’s a boarding party! Try to have some fun with it.”,False,False,,https://riftbound.gg/cards/ogn-132-first-mate/
OGN-133,Flurry of Blades,Origins,Common,Spell,,Body,1,,,"[Reaction] (Play any time, even before spells and abilities resolve.)
Deal 1 to all units at battlefields.",“Violence solves everything.”,False,False,,https://riftbound.gg/cards/ogn-133-flurry-of-blades/
OGN-134,Mobilize,Origins,Common,Spell,,Body,2,,,"Channel 1 rune exhausted. If you can't, draw 1.",The sound of the trumpets is the first blow struck in battle.,False,False,,https://riftbound.gg/cards/ogn-134-mobilize/
OGN-135,Pakaa Cub,Origins,Common,Unit,,Body,3,3,Cat; Ixtal,[Hidden] (Hide now for {Any Rune} to react with later for {0 Energy}.),"“Oh, it’s so cute!”  
—Common last words",False,False,,https://riftbound.gg/cards/ogn-135-pakaa-cub/
OGN-135-P,Pakaa Cub (Origins Nexus Night Promo),Origins,Common,Unit,,Body,3,3,Cat; Ixtal,[Hidden] (Hide now for {Any Rune} to react with later for {0 Energy}.),,True,False,,https://riftbound.gg/cards/ogn-135-p-pakaa-cub/
OGN-136,Pit Rookie,Origins,Common,Unit,,Body,2,2,Bilgewater,"When you play me, buff another friendly unit. (If it doesn't have a buff, it gets a +1 {Might} buff.)",“Is that all you got?”,False,False,,https://riftbound.gg/cards/ogn-136-pit-rookie/
OGN-137,Stormclaw Ursine,Origins,Common,Unit,,Body,7,6,Freljord,"[Tank] (I must be assigned combat damage first.)
When you play me, channel 1 rune exhausted.","“The Ursine speak for man, and the wild responds.”",False,False,,https://riftbound.gg/cards/ogn-137-stormclaw-ursine/
OGN-137-P,Stormclaw Ursine (Origins Nexus Night Promo),Origins,Common,Unit,,Body,7,6,Freljord,"[Tank] (I must be assigned combat damage first.)
When you play me, channel 1 rune exhausted.",,True,False,,https://riftbound.gg/cards/ogn-137-p-stormclaw-ursine/
OGN-138,Catalyst of Aeons,Origins,Uncommon,Spell,,Body,4,,,"Channel 2 runes exhausted. If you couldn't channel 2 runes this way, draw 1.","Ages of strife, crystallized into eternity.",False,False,,https://riftbound.gg/cards/ogn-138-catalyst-of-aeons/
OGN-139,Cithria of Cloudfield,Origins,Uncommon,Unit,,Body,2,1,Elite; Demacia,"When you play another unit, buff me. (If I don't have a buff, I get a +1 {Might} buff.)",Every story starts small.,False,False,,https://riftbound.gg/cards/ogn-139-cithria-of-cloudfield/
OGN-140,Herald of Scales,Origins,Uncommon,Unit,,Body,4,3,Mount Targon,"Your Dragons' Energy costs are reduced by {2 Energy}, to a minimum of {1 Energy}.",The language of dragons is a magic of its own.,False,False,,https://riftbound.gg/cards/ogn-140-herald-of-scales/
OGN-141,Kinkou Monk,Origins,Uncommon,Unit,,Body,4,4,Ionia,"When you play me, buff up to two other friendly units. (Each one that doesn't have a buff gets a +1 {Might} buff.)","A master teaches the same lesson again and again, and learns something new each time.",False,False,"When you play me, buff up to two other friendly units. (Each one that doesn't have a buff gets a +1 {Might} buff.)",https://riftbound.gg/cards/ogn-141-kinkou-monk/
OGN-142,Mountain Drake,Origins,Uncommon,Unit,,Body,9,10,Dragon,,"After centuries spent trying to understand dragon behavior, researchers can agree on one thing: If you're seeing that behavior up close ... run.",False,False,,https://riftbound.gg/cards/ogn-142-mountain-drake/
OGN-143,Pirate's Haven,Origins,Uncommon,Gear,,Body,3,,,"When you ready a friendly unit, give it +1 {Might} this turn.","It’s the best place in the world, until you run out of coin.",False,False,,https://riftbound.gg/cards/ogn-143-pirates-haven/
OGN-144,Spoils of War,Origins,Uncommon,Spell,,Body,4,,,"[Reaction] (Play any time, even before spells and abilities resolve.)
If an enemy unit has died this turn, this costs {2 Energy} less.
Draw 2.",Waste nothing.,False,False,,https://riftbound.gg/cards/ogn-144-spoils-of-war/
OGN-145,Unyielding Spirit,Origins,Uncommon,Spell,,Body,1,,,"[Reaction] (Play any time, even before spells and abilities resolve.)
Prevent all spell and ability damage this turn.",Battles are won in the heart before they are won on the field.,False,False,,https://riftbound.gg/cards/ogn-145-unyielding-spirit/
OGN-146,Wallop,Origins,Uncommon,Spell,,Body,2,,,"[Action] (Play on your turn or in showdowns.)
As you play this, you may spend a buff as an additional cost. If you do, ignore this spell's cost.
Ready a unit.","If smashing doesn’t work, just keep smashing.",False,False,,https://riftbound.gg/cards/ogn-146-wallop/
OGN-147,Wildclaw Shaman,Origins,Uncommon,Unit,,Body,4,3,Freljord,"When you play me, you may spend a buff to buff me and ready me. (If I don't have a buff, I get a +1 {Might} buff.)","To channel nature’s fury, a shaman must endure it.",False,False,,https://riftbound.gg/cards/ogn-147-wildclaw-shaman/
OGN-148,Anivia - Primal,Origins,Rare,Unit,Champion,Body,7,8,Bird; Anivia; Freljord,"When I attack, deal 3 to all enemy units here.",“Do not tempt the blizzard.”,False,False,,https://riftbound.gg/cards/ogn-148-anivia-primal/
OGN-149,Carnivorous Snapvine,Origins,Rare,Unit,,Body,5,6,Shadow Isles,"When you play me, choose an enemy unit at a battlefield. We deal damage equal to our Mights to each other.",Gardening is usually a very relaxing hobby.,False,False,,https://riftbound.gg/cards/ogn-149-carnivorous-snapvine/
OGN-150,Kraken Hunter,Origins,Rare,Unit,,Body,3,5,Pirate; Bilgewater,"[Accelerate] (You may pay {1 Energy}{Body Rune} as an additional cost to have me enter ready.)
[Assault] (+1 {Might} while I'm an attacker.)
As you play me, you may spend any number of buffs as an additional cost. Reduce my cost by {Body Rune} for each buff you spend.",,False,False,,https://riftbound.gg/cards/ogn-150-kraken-hunter/
OGN-151,Lee Sin - Centered,Origins,Rare,Unit,Champion,Body,6,6,Lee Sin; Ionia,"[Accelerate] (You may pay {1 Energy}{Body Rune} as an additional cost to have me enter ready.)
Other buffed friendly units at my battlefield have +2 {Might}.",“Today will be a worthy test.”,False,False,,https://riftbound.gg/cards/ogn-151-lee-sin-centered/
OGN-151a,Lee Sin - Centered,Origins,Showcase,Unit,Champion,Body,6,6,Lee Sin; Ionia,"[Accelerate] (You may pay {1 Energy}{Body Rune} as an additional cost to have me enter ready.)
Other buffed friendly units at my battlefield have +2 {Might}.",“Today will be a worthy test.”,False,False,,https://riftbound.gg/cards/ogn-151a-lee-sin-centered/
OGN-151b,Lee Sin - Centered (Unleashed Nexus Night Promo),Origins,Showcase,Unit,Champion,Body,6,6,Lee Sin; Ionia,"[Accelerate] (You may pay {1 Energy}{Body Rune} as an additional cost to have me enter ready.)
Other buffed friendly units at my battlefield have +2 {Might}.",“Today will be a worthy test.”,True,False,,https://riftbound.gg/cards/ogn-151b-lee-sin-centered/
OGN-152,Mistfall,Origins,Rare,Gear,,Body,3,,,"When you buff a friendly unit, you may pay {Body Rune} and exhaust this to ready it.","Thousands of thwarted dreams, ready to be lifted anew.",False,False,,https://riftbound.gg/cards/ogn-152-mistfall/
OGN-153,Overt Operation,Origins,Rare,Spell,,Body,5,,,"[Action] (Play on your turn or in showdowns.)
For each friendly unit, you may spend its buff to ready it. Then buff all friendly units. (Each one that doesn't have a buff gets a +1 {Might} buff.)","“We can go deep undercover, sneak in through the back, and end this quietly. Or...”",False,False,,https://riftbound.gg/cards/ogn-153-overt-operation/
OGN-154,Primal Strength,Origins,Rare,Spell,,Body,4,,,"[Action] (Play on your turn or in showdowns.)
Give a unit +7 {Might} this turn.",There is savagery inside us all.,False,False,,https://riftbound.gg/cards/ogn-154-primal-strength/
OGN-155,Qiyana - Victorious,Origins,Rare,Unit,Champion,Body,4,4,Qiyana; Ixtal,"[Deflect] (Opponents must pay {Any Rune} to choose me with a spell or ability.)
When I conquer, draw 1 or channel 1 rune exhausted.",“Line them up. I will bend their knees.”,False,False,,https://riftbound.gg/cards/ogn-155-qiyana-victorious/
OGN-156,Sabotage,Origins,Rare,Spell,,Body,1,,,"Choose an opponent. They reveal their hand. Choose a non-unit card from it, and recycle that card.",Sometimes it takes dirty tricks to ensure a fair fight.,False,False,,https://riftbound.gg/cards/ogn-156-sabotage/
OGN-157,Udyr - Wildman,Origins,Rare,Unit,Champion,Body,6,6,Udyr; Freljord,Spend my buff: Choose one you've not chosen this turn —Deal 2 to a unit at a battlefield.Stun a unit at a battlefield.Ready me.Give me [Ganking] this turn.,,False,False,,https://riftbound.gg/cards/ogn-157-udyr-wildman/
OGN-158,Volibear - Imposing,Origins,Rare,Unit,Champion,Body,12,10,Volibear; Freljord,"[Shield 3] (+3 {Might} while I'm a defender.)
[Tank] (I must be assigned combat damage first.)
When an opponent moves to a battlefield other than mine, draw 1. (Bases are not battlefield.)",“Gods do not beg. We take what is ours!”,False,False,,https://riftbound.gg/cards/ogn-158-volibear-imposing/
OGN-158a,Volibear - Imposing,Origins,Showcase,Unit,Champion,Body,12,10,Volibear; Freljord,"[Shield 3] (+3 {Might} while I'm a defender.)
[Tank] (I must be assigned combat damage first.)
When an opponent moves to a battlefield other than mine, draw 1. (Bases are not battlefield.)","""Gods do not beg. We take what is ours!""",False,False,,https://riftbound.gg/cards/ogn-158a-volibear-imposing/
OGN-159,Warwick - Hunter,Origins,Rare,Unit,Champion,Body,6,5,Dog; Warwick; Zaun,"I enter ready.
When I attack, kill all damaged enemy units here.",“The blood you spilled calls to me.”,False,False,,https://riftbound.gg/cards/ogn-159-warwick-hunter/
OGN-159a,Warwick - Hunter (Arcane Box Set Promo),Origins,Showcase,Unit,Champion,Body,6,5,Dog; Warwick; Zaun,"I enter ready.
When I attack, kill all damaged enemy units here.",,True,False,,https://riftbound.gg/cards/ogn-159a-warwick-hunter/
OGN-160,Dazzling Aurora,Origins,Epic,Gear,,Body,9,,,"At the end of your turn, reveal cards from the top of your Main Deck until you reveal a unit. Play it, ignoring its cost, and recycle the rest.",The omens offer much to those who dare to see them.,False,False,"At the end of your turn, reveal cards from the top of your Main Deck until you reveal a unit and banish it. Play it, ignoring its cost, and recycle the rest.",https://riftbound.gg/cards/ogn-160-dazzling-aurora/
OGN-161,Deadbloom Predator,Origins,Epic,Unit,,Body,8,8,Shadow Isles,"[Deflect] (Opponents must pay {Any Rune} to choose me with a spell or ability.)
You may play me to an occupied enemy battlefield.",The souls of those who died unfulfilled coalesce into a form to sate those hungers.,False,False,,https://riftbound.gg/cards/ogn-161-deadbloom-predator/
OGN-162,Miss Fortune - Captain,Origins,Epic,Unit,Champion,Body,5,5,Pirate; Miss Fortune; Bilgewater,"[Accelerate] (You may pay {1 Energy}{Body Rune} as an additional cost to have me enter ready.)
[Ganking] (I can move from battlefield to battlefield.)
The first time I move each turn, you may ready something else that's exhausted.",“Set sail!”,False,False,,https://riftbound.gg/cards/ogn-162-miss-fortune-captain/
OGN-162a,Miss Fortune - Captain,Origins,Showcase,Unit,Champion,Body,5,5,Pirate; Miss Fortune; Bilgewater,"[Accelerate] (You may pay {1 Energy}{Body Rune} as an additional cost to have me enter ready.)
[Ganking] (I can move from battlefield to battlefield.)
The first time I move each turn, you may ready something else that's exhausted.",“Set sail!”,False,False,,https://riftbound.gg/cards/ogn-162a-miss-fortune-captain/
OGN-163,Seal of Strength,Origins,Epic,Gear,,Body,,,,{Exhaust}: [Reaction] — [Add] {Body Rune}. (Abilities that add resources can't be reacted to.),,False,False,,https://riftbound.gg/cards/ogn-163-seal-of-strength/
OGN-164,Sett - Brawler,Origins,Epic,Unit,Champion,Body,5,4,Sett; Ionia,"When I'm played and when I conquer, buff me. (If I don't have a buff, I get a +1 {Might} buff.)
Spend my buff: Give me +4 {Might} this turn.",“Momma always said I had her temper.”,False,False,,https://riftbound.gg/cards/ogn-164-sett-brawler/
OGN-164a,Sett - Brawler,Origins,Showcase,Unit,Champion,Body,5,4,Sett; Ionia,"When I'm played and when I conquer, buff me. (If I don't have a buff, I get a +1 {Might} buff.)
Spend my buff: Give me +4 {Might} this turn.",“Momma always said I had her temper.”,False,False,,https://riftbound.gg/cards/ogn-164a-sett-brawler/
OGN-165,Cemetery Attendant,Origins,Common,Unit,,Chaos,3,3,Dog; Shadow Isles,"When you play me, return a unit from your trash to your hand.","“Good boy! Now, where’s the rest of ‘em?”",False,False,,https://riftbound.gg/cards/ogn-165-cemetery-attendant/
OGN-166,Chaos Rune,Origins,Common,Rune,Basic,Chaos,,,,,,False,False,,https://riftbound.gg/cards/ogn-166-chaos-rune/
OGN-166a,Chaos Rune,Origins,Showcase,Rune,Basic,Chaos,,,,,,False,False,,https://riftbound.gg/cards/ogn-166a-chaos-rune/
OGN-166b,Chaos Rune (Origins Nexus Night Promo),Origins,Showcase,Rune,,Chaos,,,,,,True,False,,https://riftbound.gg/cards/ogn-166b-chaos-rune/
OGN-167,Ember Monk,Origins,Common,Unit,,Chaos,4,4,Bandle City,"When you play a card from [Hidden], give me +2 {Might} this turn.",A flame bright enough to cast many shadows.,False,False,,https://riftbound.gg/cards/ogn-167-ember-monk/
OGN-168,Fight or Flight,Origins,Common,Spell,,Chaos,2,,,"[Hidden] (Hide now for {Any Rune} to react with later for {0 Energy}.)
[Action] (Play on your turn or in showdowns.)
Move a unit from a battlefield to its base.",“Boo.”,False,True,,https://riftbound.gg/cards/ogn-168-fight-or-flight/
OGN-169,Gust,Origins,Common,Spell,,Chaos,1,,,"[Reaction] (Play any time, even before spells and abilities resolve.)
Return a unit at a battlefield with 3 {Might} or less to its owner's hand.",,False,False,,https://riftbound.gg/cards/ogn-169-gust/
OGN-170,Morbid Return,Origins,Common,Spell,,Chaos,2,,,"[Action] (Play on your turn or in showdowns.)
Return a unit from your trash to your hand.","“Soon, this long cruel night will end. But not yet.” — Viego",False,False,,https://riftbound.gg/cards/ogn-170-morbid-return/
OGN-171,Mystic Poro,Origins,Common,Unit,,Chaos,2,2,Poro,"[Vision] (When you play me, look at the top card of your Main Deck. You may recycle it.)","Forecast: Sunny, with a chance of snax.",False,False,,https://riftbound.gg/cards/ogn-171-mystic-poro/
OGN-171-P,Mystic Poro (Origins Nexus Night Promo),Origins,Common,Unit,,Chaos,2,2,Poro,"[Vision] (When you play me, look at the top card of your Main Deck. You may recycle it.)",,True,False,,https://riftbound.gg/cards/ogn-171-p-mystic-poro/
OGN-172,Rebuke,Origins,Common,Spell,,Chaos,2,,,"[Action] (Play on your turn or in showdowns.)
Return a unit at a battlefield to its owner's hand.",“Get out.”,False,False,,https://riftbound.gg/cards/ogn-172-rebuke/
OGN-173,Ride the Wind,Origins,Common,Spell,,Chaos,2,,,"[Action] (Play on your turn or in showdowns.)
Move a friendly unit and ready it.","“Follow the wind, but watch your back.”",False,False,,https://riftbound.gg/cards/ogn-173-ride-the-wind/
OGN-174,Sai Scout,Origins,Common,Unit,,Chaos,6,5,Shurima,"[Vision] (When you play me, look at the top card of your Main Deck. You may recycle it.)
You may play me to an open battlefield.",“Ours for the taking!”,False,False,,https://riftbound.gg/cards/ogn-174-sai-scout/
OGN-175,Shipyard Skulker,Origins,Common,Unit,,Chaos,3,3,Pirate; Bilgewater,,"Few people laughed when she claimed she was a “dock pirate”—or at least, few remained.",False,False,,https://riftbound.gg/cards/ogn-175-shipyard-skulker/
OGN-176,Sneaky Deckhand,Origins,Common,Unit,,Chaos,3,2,Pirate; Bilgewater,You may play me to an open battlefield.,“I like to think of her as a pre-boarding party.” — Miss Fortune,False,False,,https://riftbound.gg/cards/ogn-176-sneaky-deckhand/
OGN-177,Stealthy Pursuer,Origins,Common,Unit,,Chaos,4,4,Shurima,"When a friendly unit moves from my location, I may be moved with it.","“Anywhere you can go, I can go better.”",False,False,,https://riftbound.gg/cards/ogn-177-stealthy-pursuer/
OGN-177-P,Stealthy Pursuer (Origins Nexus Night Promo),Origins,Common,Unit,,Chaos,4,4,Shurima,"When a friendly unit moves from my location, I may be moved with it.",,True,True,,https://riftbound.gg/cards/ogn-177-p-stealthy-pursuer/
OGN-178,Undercover Agent,Origins,Common,Unit,,Chaos,5,5,,"[Deathknell] — Discard 2, then draw 2. (When I die, get the effect.)",Even he no longer knew which side he worked for.,False,False,,https://riftbound.gg/cards/ogn-178-undercover-agent/
OGN-179,Acceptable Losses,Origins,Uncommon,Spell,,Chaos,1,,,"[Action] (Play on your turn or in showdowns.)
Each player kills one of their gear.",“Never liked that sword anyway.”,False,False,,https://riftbound.gg/cards/ogn-179-acceptable-losses/
OGN-180,Fading Memories,Origins,Uncommon,Spell,,Chaos,4,,,"Give a unit at a battlefield or a gear [Temporary]. (Kill it at the start of its controller's Beginning Phase, before scoring.)",You too shall pass.,False,False,,https://riftbound.gg/cards/ogn-180-fading-memories/
OGN-181,Pack of Wonders,Origins,Uncommon,Gear,,Chaos,2,,,"{Exhaust}: Return another friendly gear, unit, or [Hidden] card to its owner's hand.",“I know I put it in here somewhere...” —Teemo,False,False,"{Exhaust}: Return another friendly gear, unit, or facedown card to its owner's hand.",https://riftbound.gg/cards/ogn-181-pack-of-wonders/
OGN-182,Scrapheap,Origins,Uncommon,Gear,,Chaos,2,,,"When this is played, discarded, or killed, draw 1.",The parts that make it to the heap are the ones that DIDN’T blow up.,False,True,,https://riftbound.gg/cards/ogn-182-scrapheap/
OGN-183,Stacked Deck,Origins,Uncommon,Spell,,Chaos,1,,,"[Action] (Play on your turn or in showdowns.)
Look at the top 3 cards of your Main Deck. Put 1 into your hand and recycle the rest.","“Just lucky, I guess.”",False,False,,https://riftbound.gg/cards/ogn-183-stacked-deck/
OGN-183-P,Stacked Deck (Origins Nexus Night Promo),Origins,Uncommon,Spell,,Chaos,1,,,"[Action] (Play on your turn or in showdowns.)
Look at the top 3 cards of your Main Deck. Put 1 into your hand and recycle the rest.",,True,False,,https://riftbound.gg/cards/ogn-183-p-stacked-deck/
OGN-184,The Syren,Origins,Uncommon,Gear,,Chaos,2,,,"{1 Energy}, {Exhaust}: Move a friendly unit at a battlefield to your base.","Without a ship, a pirate’s just another common criminal.",False,False,"{1 Energy}, {Exhaust}: Move a friendly unit at a battlefield to its base.",https://riftbound.gg/cards/ogn-184-the-syren/
OGN-185,Traveling Merchant,Origins,Uncommon,Unit,,Chaos,2,2,Bilgewater,"When I move, discard 1, then draw 1.","Payment first, refund never.",False,False,,https://riftbound.gg/cards/ogn-185-traveling-merchant/
OGN-186,Treasure Trove,Origins,Uncommon,Gear,,Chaos,2,,,"When this leaves the board, draw 1 and channel 1 rune exhausted.
{Chaos Rune}, {Exhaust}: Kill this.",“We’re gonna be rich!” — Common last words,False,False,,https://riftbound.gg/cards/ogn-186-treasure-trove/
OGN-187,Whirlwind,Origins,Uncommon,Spell,,Chaos,3,,,"Starting with the next player, each player may return a unit to its owner's hand.",“The storm approaches.” —Janna,False,False,,https://riftbound.gg/cards/ogn-187-whirlwind/
OGN-188,Zaunite Bouncer,Origins,Uncommon,Unit,,Chaos,4,2,Zaun,"When you play me, return another unit at a battlefield to its owner's hand.","If he had things his way, NOBODY would get in.",False,False,,https://riftbound.gg/cards/ogn-188-zaunite-bouncer/
OGN-189,Kayn - Unleashed,Origins,Rare,Unit,Champion,Chaos,6,6,Kayn; Ionia,"[Ganking] (I can move from battlefield to battlefield.)
If I have moved twice this turn, I don't take damage.",“I will survive eternity. They will die today.”,False,False,,https://riftbound.gg/cards/ogn-189-kayn-unleashed/
OGN-190,Kog'Maw - Caustic,Origins,Rare,Unit,Champion,Chaos,3,1,Kog'Maw; The Void,"[Deathknell] — Deal 4 to all units at my battlefield. (When I die, get the effect.)",“Oblivion come.”,False,False,,https://riftbound.gg/cards/ogn-190-kogmaw-caustic/
OGN-191,Maddened Marauder,Origins,Rare,Unit,,Chaos,5,4,Pirate; Bilgewater,"[Tank] (I must be assigned combat damage first.)
When you play me, move a unit from a battlefield to its base.","They know no fear. Nor much of anything else, really.",False,False,,https://riftbound.gg/cards/ogn-191-maddened-marauder/
OGN-192,Mindsplitter,Origins,Rare,Unit,,Chaos,7,7,Dragon; Mount Targon,"When you play me, choose an opponent. They reveal their hand. Choose a card from it, and they discard that card.",Its victims go mad deciding which half to run from first.,False,False,,https://riftbound.gg/cards/ogn-192-mindsplitter/
OGN-193,Miss Fortune - Buccaneer,Origins,Rare,Unit,Champion,Chaos,4,4,Pirate; Miss Fortune; Bilgewater,"You may play me to an open battlefield.
Friendly units may be played to open battlefields.",“I always shoot first.”,False,False,,https://riftbound.gg/cards/ogn-193-miss-fortune-buccaneer/
OGN-193-P,Miss Fortune - Buccaneer (Regional Qualifier Houston Participation Promo),Origins,Rare,Unit,Champion,Chaos,4,4,Pirate; Miss Fortune; Bilgewater,"You may play me to an open battlefield.
Friendly units may be played to open battlefields.",“I always shoot first.”,True,False,,https://riftbound.gg/cards/ogn-193-p-miss-fortune-buccaneer/
OGN-193a,Miss Fortune - Buccaneer,Origins,Showcase,Unit,Champion,Chaos,4,4,Pirate; Miss Fortune; Bilgewater,"You may play me to an open battlefield.
Friendly units may be played to open battlefields.",“I always shoot first.”,False,False,,https://riftbound.gg/cards/ogn-193a-miss-fortune-buccaneer/
OGN-193a-P,Miss Fortune - Buccaneer (Regional Qualifier Houston Top 8 Promo),Origins,Showcase,Unit,Champion,Chaos,4,4,Pirate; Miss Fortune; Bilgewater,"You may play me to an open battlefield.
Friendly units may be played to open battlefields.",“I always shoot first.”,True,False,,https://riftbound.gg/cards/ogn-193a-p-miss-fortune-buccaneer/
OGN-193b,Miss Fortune - Buccaneer (Regional Qualifier Houston Champion Promo),Origins,Showcase,Unit,Champion,Chaos,4,4,Pirate; Miss Fortune; Bilgewater,"You may play me to an open battlefield.
Friendly units may be played to open battlefields.",“I always shoot first.”,True,False,,https://riftbound.gg/cards/ogn-193b-miss-fortune-buccaneer/
OGN-194,Nocturne - Horrifying,Origins,Rare,Unit,Champion,Chaos,4,4,Nocturne,"[Ganking] (I can move from battlefield to battlefield.)
When you look at cards from the top of your deck (and don't draw them) and see me, you may play me for {Any Rune}.",,False,False,"[Ganking] (I can move from battlefield to battlefield.)
As you look at or reveal me from the top of your deck, you may banish me. If you do, you may play me for {Any Rune}.",https://riftbound.gg/cards/ogn-194-nocturne-horrifying/
OGN-195,Rhasa the Sunderer,Origins,Rare,Unit,,Chaos,10,6,Spirit; Shadow Isles,I cost {1 Energy} less for each card in your trash.,"It feeds well on death, but better on madness.",False,False,,https://riftbound.gg/cards/ogn-195-rhasa-the-sunderer/
OGN-196,Soulgorger,Origins,Rare,Unit,,Chaos,8,5,Spirit; Shadow Isles,"When you play me, you may play a unit from your trash, ignoring its Energy cost. (You must still pay its Power cost.)",,False,False,,https://riftbound.gg/cards/ogn-196-soulgorger/
OGN-197,Teemo - Scout,Origins,Rare,Unit,Champion,Chaos,2,1,Yordle; Teemo; Bandle City,"[Hidden] (Hide now for {Any Rune} to react with later for {0 Energy}.)
When you play me, give me +3 {Might} this turn.","""Reporting in!""",False,False,,https://riftbound.gg/cards/ogn-197-teemo-scout/
OGN-197-P,Teemo - Scout (Origins Store Demo Promo),Origins,Rare,Unit,Champion,Chaos,2,1,Yordle; Teemo; Bandle City,"[Hidden] (Hide now for {Any Rune} to react with later for {0 Energy}.)
When you play me, give me +3 {Might} this turn.",,True,False,,https://riftbound.gg/cards/ogn-197-p-teemo-scout/
OGN-197a,Teemo - Scout,Origins,Showcase,Unit,Champion,Chaos,2,1,Yordle; Teemo; Bandle City,"[Hidden] (Hide now for {Any Rune} to react with later for {0 Energy}.)
When you play me, give me +3 {Might} this turn.",“Reporting in!”,False,False,,https://riftbound.gg/cards/ogn-197a-teemo-scout/
OGN-197b,Teemo - Scout (GGEZ Origins Nexus Night Promo),Origins,Showcase,Unit,Champion,Chaos,2,1,Yordle; Teemo; Bandle City,"[Hidden] (Hide now for {Any Rune} to react with later for {0 Energy}.)
When you play me, give me +3 {Might} this turn.",,True,False,,https://riftbound.gg/cards/ogn-197b-teemo-scout/
OGN-198,The Harrowing,Origins,Rare,Spell,,Chaos,6,,,"Play a unit from your trash, ignoring its Energy cost. (You must still pay its Power cost.)",,False,False,,https://riftbound.gg/cards/ogn-198-the-harrowing/
OGN-199,Tideturner,Origins,Rare,Unit,,Chaos,2,2,Bilgewater,"[Hidden] (Hide now for {Any Rune} to react with later for {0 Energy}.)
When you play me, you may choose a friendly unit. Move me to its location and it to my original location.",,False,False,"[Hidden] (Hide now for {Any Rune} to react with later for {0 Energy}.)
When you play me, you may choose a unit you control at another location. Move me to its location and it to my original location.",https://riftbound.gg/cards/ogn-199-tideturner/
OGN-200,Twisted Fate - Gambler,Origins,Rare,Unit,Champion,Chaos,4,4,Twisted Fate; Bilgewater,"When I attack, reveal the top rune of your rune deck, then recycle it. Do one of the following based on its domain:{Fury Rune} — Deal 2 to an enemy unit here and 1 to all other enemy units here.{Mind Rune} — Draw 1.{Order Rune} — Stun an enemy unit.",,False,False,,https://riftbound.gg/cards/ogn-200-twisted-fate-gambler/
OGN-201,Invert Timelines,Origins,Epic,Spell,,Chaos,3,,,"Each player discards their hand, then draws 4.","“Good a time as any to act reckless.”  
—Ekko",False,False,,https://riftbound.gg/cards/ogn-201-invert-timelines/
OGN-202,Jinx - Rebel,Origins,Epic,Unit,Champion,Chaos,5,5,Jinx; Zaun,"When you discard one or more cards, ready me and give me +1 {Might} this turn.",“Rules are made to be broken. Like buildings! Or people!”,False,False,,https://riftbound.gg/cards/ogn-202-jinx-rebel/
OGN-202-P,Jinx - Rebel (Origins Release Event Promo),Origins,Epic,Unit,Champion,Chaos,5,5,Jinx; Zaun,"When you discard one or more cards, ready me and give me +1 {Might} this turn.",,True,False,,https://riftbound.gg/cards/ogn-202-p-jinx-rebel/
OGN-202a,Jinx - Rebel,Origins,Showcase,Unit,Champion,Chaos,5,5,Jinx; Zaun,"When you discard one or more cards, ready me and give me +1 {Might} this turn.",“Rules are made to be broken. Like buildings! Or people!”,False,False,,https://riftbound.gg/cards/ogn-202a-jinx-rebel/
OGN-202b,Jinx - Rebel (Arcane Box Set Promo),Origins,Showcase,Unit,Champion,Chaos,5,5,Jinx; Zaun,"When you discard one or more cards, ready me and give me +1 {Might} this turn.",,True,False,,https://riftbound.gg/cards/ogn-202b-jinx-rebel/
OGN-203,Possession,Origins,Epic,Spell,,Chaos,8,,,"[Action] (Play on your turn or in showdowns.)
Choose an enemy unit at a battlefield. Take control of it and recall it. (Send it to your base. This isn't a move.)",Some have a change of heart. Others need you to change it for them.,False,False,,https://riftbound.gg/cards/ogn-203-possession/
OGN-204,Seal of Discord,Origins,Epic,Gear,,Chaos,,,,{Exhaust}: [Reaction] — [Add] {Chaos Rune}. (Abilities that add resources can't be reacted to.),,False,False,,https://riftbound.gg/cards/ogn-204-seal-of-discord/
OGN-205,Yasuo - Windrider,Origins,Epic,Unit,Champion,Chaos,5,4,Yasuo; Ionia,"[Ganking] (I can move from battlefield to battlefield.)
The third time I move in a turn, you score 1 point.",“I will follow this path until the end.”,False,False,,https://riftbound.gg/cards/ogn-205-yasuo-windrider/
OGN-205a,Yasuo - Windrider,Origins,Showcase,Unit,Champion,Chaos,5,4,Yasuo; Ionia,"[Ganking] (I can move from battlefield to battlefield.)
The third time I move in a turn, you score 1 point.",“I will follow this path until the end.”,False,False,,https://riftbound.gg/cards/ogn-205a-yasuo-windrider/
OGN-206,Back to Back,Origins,Common,Spell,,Order,3,,,"[Reaction] (Play any time, even before spells and abilities resolve.)
Give two friendly units each +2 {Might} this turn.",Fight together or die alone.,False,False,,https://riftbound.gg/cards/ogn-206-back-to-back/
OGN-207,Call to Glory,Origins,Common,Spell,,Order,3,,,"[Reaction] (Play any time, even before spells and abilities resolve.)
As you play this, you may spend a buff as an additional cost. If you do, ignore this spell's cost.
Give a unit +3 {Might} this turn.",,False,False,,https://riftbound.gg/cards/ogn-207-call-to-glory/
OGN-208,Cruel Patron,Origins,Common,Unit,,Order,4,6,Noxus,"As an additional cost to play me, kill a friendly unit.","Fealty is a duty, not a choice.",False,False,,https://riftbound.gg/cards/ogn-208-cruel-patron/
OGN-209,Cull the Weak,Origins,Common,Spell,,Order,2,,,Each player kills one of their units.,What good is having a plank if nobody ever walks it?,False,False,,https://riftbound.gg/cards/ogn-209-cull-the-weak/
OGN-210,Daring Poro,Origins,Common,Unit,,Order,2,2,Poro,[Assault] (+1 {Might} while I'm an attacker.),"Don’t worry, they love it.",False,False,,https://riftbound.gg/cards/ogn-210-daring-poro/
OGN-210-P,Daring Poro (Origins Nexus Night Promo),Origins,Common,Unit,,Order,2,2,Poro,[Assault] (+1 {Might} while I'm an attacker.),,True,False,,https://riftbound.gg/cards/ogn-210-p-daring-poro/
OGN-211,Faithful Manufactor,Origins,Common,Unit,,Order,3,2,Piltover,"When you play me, play a 1 {Might} Recruit unit token here.",Hard work is its own reward.,False,False,,https://riftbound.gg/cards/ogn-211-faithful-manufactor/
OGN-212,Forge of the Future,Origins,Common,Gear,,Order,2,,,"When you play this, play a 1 {Might} Recruit unit token at your base.
Kill this: Recycle up to 4 cards from trashes.","“What do we make? Beats me, but we do it better than anyone else.”",False,False,,https://riftbound.gg/cards/ogn-212-forge-of-the-future/
OGN-213,Hidden Blade,Origins,Common,Spell,,Order,2,,,"[Hidden] (Hide now for {Any Rune} to react with later for {0 Energy}.)
[Action] (Play on your turn or in showdowns.)
Kill a unit at a battlefield. Its controller draws 2.",Not every Noxian decree is read aloud.,False,False,,https://riftbound.gg/cards/ogn-213-hidden-blade/
OGN-214,Order Rune,Origins,Common,Rune,Basic,Order,,,,,,False,False,,https://riftbound.gg/cards/ogn-214-order-rune/
OGN-214a,Order Rune,Origins,Showcase,Rune,Basic,Order,,,,,,False,False,,https://riftbound.gg/cards/ogn-214a-order-rune/
OGN-214b,Order Rune (Origins Nexus Night Promo),Origins,Showcase,Rune,,Order,,,,,,True,False,,https://riftbound.gg/cards/ogn-214b-order-rune/
OGN-215,Petty Officer,Origins,Common,Unit,,Order,5,5,Pirate; Bilgewater,[Assault] (+1 {Might} while I'm an attacker.),Cross him and you’ll learn just how petty he can be.,False,False,,https://riftbound.gg/cards/ogn-215-petty-officer/
OGN-216,Soaring Scout,Origins,Common,Unit,,Order,2,1,Bird; Freljord,"[Deathknell] — Channel 1 rune exhausted. (When I die, get the effect.)",“Show us a path!” —Ashe,False,False,,https://riftbound.gg/cards/ogn-216-soaring-scout/
OGN-217,Trifarian Gloryseeker,Origins,Common,Unit,,Order,2,2,Trifarian; Noxus,"[Legion] — When you play me, buff me. (If I don't have a buff, I get a +1 {Might} buff. Get the effect if you've played another card this turn.)",War demands your life but offers immortality.,False,False,,https://riftbound.gg/cards/ogn-217-trifarian-gloryseeker/
OGN-218,Vanguard Captain,Origins,Common,Unit,,Order,3,3,Elite; Demacia,"[Legion] — When you play me, play two 1 {Might} Recruit unit tokens here. (Get the effect if you've played another card this turn.)","“Soldiers, to me!”",False,False,,https://riftbound.gg/cards/ogn-218-vanguard-captain/
OGN-218-P,Vanguard Captain (Origins Nexus Night Promo),Origins,Common,Unit,,Order,3,3,Elite; Demacia,"[Legion] — When you play me, play two 1 {Might} Recruit unit tokens here._ (Get the effect if you've played another card this turn.)_",,True,False,,https://riftbound.gg/cards/ogn-218-p-vanguard-captain/
OGN-219,Vanguard Sergeant,Origins,Common,Unit,,Order,4,4,Elite; Demacia,,"He knew his orders: hold the line, or there would be nothing left to hold.",False,False,,https://riftbound.gg/cards/ogn-219-vanguard-sergeant/
OGN-220,Facebreaker,Origins,Uncommon,Spell,,Order,2,,,"[Hidden] (Hide now for {Any Rune} to react with later for {0 Energy}.)
[Action] (Play on your turn or in showdowns.)
Stun a friendly unit and an enemy unit at the same battlefield. (They don't deal combat damage this turn.)",“Play nice!” — Sett,False,False,,https://riftbound.gg/cards/ogn-220-facebreaker/
OGN-221,Imperial Decree,Origins,Uncommon,Spell,,Order,5,,,"[Action] (Play on your turn or in showdowns.)
When any unit takes damage this turn, kill it.","“With a word, I end you.” —Azir",False,False,,https://riftbound.gg/cards/ogn-221-imperial-decree/
OGN-222,Noxian Drummer,Origins,Uncommon,Unit,,Order,3,3,Trifarian; Noxus,"When I move to a battlefield, play a 1 {Might} Recruit unit token here. (It is also at the battlefield.)",Even the Legion's musicians are hard to beat.,False,False,,https://riftbound.gg/cards/ogn-222-noxian-drummer/
OGN-223,Peak Guardian,Origins,Uncommon,Unit,,Order,6,5,Mount Targon,"When you play me, buff me. Then, if I am at a battlefield, buff all other friendly units there. (To buff a unit, give it a +1 {Might} buff if it doesn't already have one.)",Mount Targon’s blessing is bestowed upon those who have proven they are strong enough without it.,False,False,,https://riftbound.gg/cards/ogn-223-peak-guardian/
OGN-224,Salvage,Origins,Uncommon,Spell,,Order,2,,,"[Action] (Play on your turn or in showdowns.)
You may kill a gear. Draw 1.",One person’s treasure is another one’s trash.,False,False,"[Action] (Play on your turn or in showdowns.)
You may kill up to one gear. Draw 1.",https://riftbound.gg/cards/ogn-224-salvage/
OGN-225,Solari Chief,Origins,Uncommon,Unit,,Order,5,4,Mount Targon,"When you play me, choose an enemy unit. If it is stunned, kill it. Otherwise, stun it. (It doesn't deal combat damage this turn.)","The sun has many rays, each tasked with driving out the darkness.",False,False,,https://riftbound.gg/cards/ogn-225-solari-chief/
OGN-226,Spectral Matron,Origins,Uncommon,Unit,,Order,4,4,Spirit; Shadow Isles,"When you play me, you may play a unit costing no more than {3 Energy} and no more than {Any Rune} from your trash, ignoring its cost.",“Come—there is use for you yet.”,False,False,,https://riftbound.gg/cards/ogn-226-spectral-matron/
OGN-227,Symbol of the Solari,Origins,Uncommon,Gear,,Order,1,,,"If a combat where you are the attacker ends in a tie, recall ALL units instead. (Send them to base. This isn't a move. Ties are calculated after combat damage is dealt.)","“Next time, try to leave a dent!”  
—Leona",False,False,,https://riftbound.gg/cards/ogn-227-symbol-of-the-solari/
OGN-228,Vanguard Helm,Origins,Uncommon,Gear,,Order,2,,,"When a buffed friendly unit dies, buff another friendly unit. (If it doesn't have a buff, it gets a +1 {Might} buff.)",Vanguard soldiers share both a helm and a vision.,False,False,,https://riftbound.gg/cards/ogn-228-vanguard-of-helm/
OGN-229,Vengeance,Origins,Uncommon,Spell,,Order,4,,,Kill a unit.,A brief moment of turmoil—then peace.,False,False,,https://riftbound.gg/cards/ogn-229-vengeance/
OGN-229-P,Vengeance (Origins Nexus Night Promo),Origins,Uncommon,Spell,,Order,4,,,Kill a unit.,,True,False,,https://riftbound.gg/cards/ogn-229-p-vengeance/
OGN-230,Albus Ferros,Origins,Rare,Unit,,Order,4,3,Piltover,"When you play me, spend any number of buffs. For each buff spent, channel 1 rune exhausted.","In Piltover, the best way to become a great inventor is to find a great investor.",False,False,,https://riftbound.gg/cards/ogn-230-albus-ferros/
OGN-231,Commander Ledros,Origins,Rare,Unit,,Order,6,8,Spirit; Shadow Isles,"As you play me, you may kill any number of friendly units as an additional cost. Reduce my cost by {Order Rune} for each killed this way.
[Deflect] (Opponents must pay {Any Rune} to choose me with a spell or ability.)
[Ganking] (I can move from battlefield to battlefield.)",,False,False,,https://riftbound.gg/cards/ogn-231-commander-ledros/
OGN-232,Fiora - Victorious,Origins,Rare,Unit,Champion,Order,4,4,Fiora; Demacia,"While I'm [Mighty], I have [Deflect], [Ganking], and [Shield]. (I'm Mighty while I have 5+ {Might}.)","""I long for a worthy opponent.""",False,False,,https://riftbound.gg/cards/ogn-232-fiora-victorious/
OGN-233,Grand Strategem,Origins,Rare,Spell,,Order,6,,,"[Action] (Play on your turn or in showdowns.)
Give friendly units +5 {Might} this turn.",You need not understand the plan—only believe in it.,False,False,,https://riftbound.gg/cards/ogn-233-grand-strategem/
OGN-234,Harnessed Dragon,Origins,Rare,Unit,,Order,8,6,Dragon; Demacia,"When you play me, kill an enemy unit.","What bends a dragon's will is not strength, but sense of purpose.",False,False,,https://riftbound.gg/cards/ogn-234-harnessed-dragon/
OGN-235,Karma - Channeler,Origins,Rare,Unit,Champion,Order,6,6,Vi; Ionia,"[Vision] (When you play me, look at the top card of your Main Deck. You may recycle it.)
When you recycle one or more cards, buff a friendly unit. (If it doesn't have a buff, it gets a +1 {Might} buff. Runes aren't cards.)",“Heart and mind as one.”,False,False,"[Vision] (When you play me, look at the top card of your Main Deck. You may recycle it.)
When you recycle one or more cards to your Main Deck, buff a friendly unit. (If it doesn't have a buff, it gets a +1 {Might} buff. Runes aren't cards.)",https://riftbound.gg/cards/ogn-235-karma-channeler/
OGN-236,Karthus - Eternal,Origins,Rare,Unit,Champion,Order,3,3,Spirit; Karthus; Shadow Isles,Your [Deathknell] effects trigger an additional time.,“We all have a place among the divine. We have only to accept it.”,False,False,,https://riftbound.gg/cards/ogn-236-karthus-eternal/
OGN-237,King's Edict,Origins,Rare,Spell,,Order,6,,,"Starting with the next player, each other player chooses a unit you don't control that hasn't been chosen for this spell. Kill those units.",Ruling is about making the hard choices. Serving is about living with the consequences.,False,False,,https://riftbound.gg/cards/ogn-237-kings-edict/
OGN-238,Leona - Determined,Origins,Rare,Unit,Champion,Order,4,4,Leona; Mount Targon,"[Shield] (+1 {Might} while I'm a defender.)
When I attack, stun an enemy unit here. (It doesn't deal combat damage this turn.)",“First light approaches.”,False,False,,https://riftbound.gg/cards/ogn-238-leona-determined/
OGN-238a,Leona - Determined,Origins,Showcase,Unit,Champion,Order,4,4,Leona; Mount Targon,"[Shield] (+1 {Might} while I'm a defender.)
When I attack, stun an enemy unit here. (It doesn't deal combat damage this turn.)",“First light approaches.”,False,False,,https://riftbound.gg/cards/ogn-238a-leona-determined/
OGN-239,Machine Evangel,Origins,Rare,Unit,,Order,5,4,Piltover,"[Deathknell] — Play three 1 {Might} Recruit unit tokens into your base. (When I die, get the effect.)",The future is built by those who never see it.,False,False,,https://riftbound.gg/cards/ogn-239-machine-evangel/
OGN-240,Sett - Kingpin,Origins,Rare,Unit,Champion,Order,4,5,Sett; Ionia,"[Tank] (I must be assigned combat damage first.)
I get +1 {Might} for each buffed friendly unit at my battlefield.",“Bein’ the boss is a lot better than not bein’ the boss.”,False,False,,https://riftbound.gg/cards/ogn-240-sett-kingpin/
OGN-240a,Sett - Kingpin,Origins,Showcase,Unit,Champion,Order,4,5,Sett; Ionia,"[Tank] (I must be assigned combat damage first.)
I get +1 {Might} for each buffed friendly unit at my battlefield.",“Bein’ the boss is a lot better than not bein’ the boss.”,False,False,,https://riftbound.gg/cards/ogn-240a-sett-kingpin/
OGN-241,Shen - Kinkou,Origins,Rare,Unit,Champion,Order,3,3,Shen; Ionia,"[Reaction] (Play any time, even before spells and abilities resolve, including to a battlefield you control.)
[Shield 2] (+2 {Might} while I'm a defender.)
[Tank] (I must be assigned combat damage first.)",“Train carefully.”,False,False,,https://riftbound.gg/cards/ogn-241-shen-kinkou/
OGN-242,Baited Hook,Origins,Epic,Gear,,Order,3,,,"{1 Energy}{Order Rune}, {Exhaust}: Kill a friendly unit. Look at the top 5 cards of your Main Deck. You may banish a unit from among them that has Might up to 1 more than the killed unit and play it, ignoring its cost. Then recycle the rest.",There’s always a bigger fish—sometimes a MUCH bigger fish.,False,False,"{1 Energy}{Order Rune}, {Exhaust}: Kill a friendly unit. Look at the top 5 cards of your Main Deck. You may banish a unit from among them that has Might up to 1 more than the killed unit and play it, ignoring its cost. Then recycle the rest.",https://riftbound.gg/cards/ogn-242-baited-hook/
OGN-243,Darius - Executioner,Origins,Epic,Unit,Champion,Order,6,6,Trifarian; Darius; Noxus,"[Legion] — When you play me, ready me. (Get the effect if you've played another card this turn)
Other friendly units have +1 {Might} here.",“They will regret opposing me.”,False,False,,https://riftbound.gg/cards/ogn-243-darius-executioner/
OGN-243a,Darius - Executioner,Origins,Showcase,Unit,Champion,Order,6,6,Trifarian; Darius; Noxus,"[Legion] — When you play me, ready me. (Get the effect if you've played another card this turn)
Other friendly units have +1 {Might} here.",“They will regret opposing me.”,False,False,,https://riftbound.gg/cards/ogn-243a-darius-executioner/
OGN-244,Divine Judgment,Origins,Epic,Spell,,Order,7,,,"Each player chooses 2 units, 2 gear, 2 runes, and 2 cards in their hands. Recycle the rest.",Equality isn’t always equal.,False,False,,https://riftbound.gg/cards/ogn-244-divine-judgment/
OGN-245,Seal of Unity,Origins,Epic,Gear,,Order,,,,{Exhaust}: [Reaction] — [Add] {Order Rune}. (Abilities that add resources can't be reacted to.),,False,False,,https://riftbound.gg/cards/ogn-245-seal-of-unity/
OGN-246,Viktor - Leader,Origins,Epic,Unit,Champion,Order,4,4,Viktor; Zaun,"When another non-Recruit unit you control dies, play a 1 {Might} Recruit unit token into your base.",“I am the first of many.”,False,False,,https://riftbound.gg/cards/ogn-246-viktor-leader/
OGN-246-P,Viktor - Leader (Origins Release Event Promo),Origins,Epic,Unit,,Order,4,4,Viktor; Zaun,"When another non-Recruit unit you control dies, play a 1 {Might} Recruit unit token into your base.",,True,False,,https://riftbound.gg/cards/ogn-246-p-viktor-leader/
OGN-246a,Viktor - Leader,Origins,Showcase,Unit,Champion,Order,4,4,Viktor; Zaun,"When another non-Recruit unit you control dies, play a 1 {Might} Recruit unit token into your base.",“I am the first of many.”,False,False,,https://riftbound.gg/cards/ogn-246a-viktor-leader/
OGN-246b,Viktor - Leader (Arcane Box Set Promo),Origins,Showcase,Unit,Champion,Order,4,4,Viktor; Zaun,"When another non-Recruit unit you control dies, play a 1 {Might} Recruit unit token into your base.",,True,False,,https://riftbound.gg/cards/ogn-246b-viktor-leader/
OGN-247,Kai'Sa - Daughter of the Void,Origins,Rare,Legend,Champion,Fury; Mind,,,Kai'Sa,{Exhaust}: [Reaction] — [Add] {Any Rune}. Use only to play spells. (Abilities that add resources can't be reacted to.),,False,False,,https://riftbound.gg/cards/ogn-247-kaisa-daughter-of-the-void/
OGN-247-P,"Kai'Sa, Daughter of the Void (Origins Release Event Promo)",Origins,Rare,Legend,,Fury; Mind,,,Kai'Sa,{Exhaust}: [Reaction] — [Add] {Any Rune}. Use only to play spells. (Abilities that add resources can't be reacted to.),,True,False,,https://riftbound.gg/cards/ogn-247-p-kaisa-daughter-of-the-void/
OGN-248,Icathian Rain,Origins,Epic,Spell,Signature,Fury; Mind,7,,Kai'Sa,"Deal 2 to a unit.
Deal 2 to a unit.
Deal 2 to a unit.
Deal 2 to a unit.
Deal 2 to a unit.
Deal 2 to a unit.",,False,False,"Deal 2 to a unit.
Deal 2 to a unit.
Deal 2 to a unit.
Deal 2 to a unit.
Deal 2 to a unit.
Deal 2 to a unit.",https://riftbound.gg/cards/ogn-248-icathian-rain/
OGN-249,Volibear - Relentless Storm,Origins,Rare,Legend,Champion,Fury; Body,,,Volibear,"When you play a [Mighty] unit, you may exhaust me to channel 1 rune exhausted. (A unit is Mighty while it has 5+ {Might}.)",,False,False,,https://riftbound.gg/cards/ogn-249-volibear-relentless-storm/
OGN-249-P,Volibear - Relentless Storm (Origins Release Event Promo),Origins,Rare,Legend,,Fury; Body,,,Volibear,"When you play a [Mighty] unit, you may exhaust me to channel 1 rune exhausted. (A unit is Mighty while it has 5+ {Might}.)",,True,False,,https://riftbound.gg/cards/ogn-249-p-volibear-relentless-storm/
OGN-250,Stormbringer,Origins,Epic,Spell,Signature,Fury; Body,6,,Volibear,"Choose a friendly unit in your base. Deal damage equal to its Might to all enemy units at a battlefield, then move your unit there.",,False,False,,https://riftbound.gg/cards/ogn-250-stormbringer/
OGN-251,Jinx - Loose Cannon,Origins,Rare,Legend,,Fury; Chaos,,,Jinx,"At start of your Beginning Phase, draw 1 if you have one or fewer cards in your hand.",,False,False,,https://riftbound.gg/cards/ogn-251-jinx-loose-cannon/
OGN-251-P,Jinx - Loose Cannon (Origins Release Event Promo),Origins,Rare,Legend,,Fury; Chaos,,,Jinx,"At the start of your Beginning Phase, draw 1 if you have one or fewer cards in your hand.",,True,False,,https://riftbound.gg/cards/ogn-251-p-jinx-loose-cannon/
OGN-252,Super Mega Death Rocket!,Origins,Epic,Spell,Signature,Fury; Chaos,4,,Jinx,"Deal 5 to a unit.
When you conquer, you may discard 1 to return this from your trash to your hand.",,False,False,,https://riftbound.gg/cards/ogn-252-super-mega-death-rocket/
OGN-253,Darius - Hand of Noxus,Origins,Rare,Legend,,Fury; Order,,,Darius,"{Exhaust}: [Reaction], [Legion] — [Add] {1 Energy}. (Abilities that add resources can't be reacted to. Get the effect if you've played a card this turn.)",,False,False,,https://riftbound.gg/cards/ogn-253-darius-hand-of-noxus/
OGN-253-P,"Darius, Hand of Noxus (Origins Release Event Promo)",Origins,Rare,Legend,,Fury; Order,,,Darius,"{Exhaust}: [Reaction], [Legion] — [Add] {1 Energy}. (Abilities that add resources can't be reacted to. Get the effect if you've played a card this turn.)",,True,False,,https://riftbound.gg/cards/ogn-253-p-darius-hand-of-noxus/
OGN-254,Noxian Guillotine,Origins,Epic,Spell,Signature,Fury; Order,4,,Darius,"[Action] (Play on your turn or in showdowns.)
Choose a unit. Kill it the next time it takes damage this turn.
[Legion] — Kill it now instead. (Get the effect if you've played another card this turn.)",,False,False,,https://riftbound.gg/cards/ogn-254-noxian-guillotine/
OGN-255,Ahri - Nine-Tailed Fox,Origins,Rare,Legend,Champion,Calm; Mind,,,Ahri,"When an enemy unit attacks a battlefield you control, give it -1 {Might} this turn, to a minimum of 1 {Might}.",,False,False,,https://riftbound.gg/cards/ogn-255-ahri-nine-tailed-fox/
OGN-255-P,Ahri - Nine-Tailed Fox (Origins Release Event Promo),Origins,Rare,Legend,,Calm; Mind,,,Ahri,"When an enemy unit attacks a battlefield you control, give it -1 {Might} this turn, to a minimum of 1 {Might}.",,True,False,,https://riftbound.gg/cards/ogn-255-p-ahri-nine-tailed-fox/
OGN-256,Fox-Fire,Origins,Epic,Spell,Signature,Calm; Mind,3,,Ahri,"[Hidden] (Hide now for {Any Rune} to react with later for {0 Energy}.)
[Action] (Play on your turn or in showdowns.)
Kill any number of units at a battlefield with total Might 4 or less.",,False,False,,https://riftbound.gg/cards/ogn-256-fox-fire/
OGN-257,Lee Sin - Blind Monk,Origins,Rare,Legend,,Calm; Body,,,Lee Sin,"{1 Energy}, {Exhaust}: Buff a friendly unit. (If it doesn't have a buff, it gets a +1 {Might} buff.)",,False,False,,https://riftbound.gg/cards/ogn-257-lee-sin-blind-monk/
OGN-257-P,Lee Sin - Blind Monk (Origins Release Event Promo),Origins,Rare,Legend,,Calm; Body,,,Lee Sin,"{1 Energy}, {Exhaust}: Buff a friendly unit. (If it doesn't have a buff, it gets a +1 {Might} buff.)",,True,False,,https://riftbound.gg/cards/ogn-257-p-lee-sin-blind-monk/
OGN-258,Dragon's Rage,Origins,Epic,Spell,Signature,Calm; Body,4,,Lee Sin,Move an enemy unit. Then choose another enemy unit at its destination. They deal damage equal to their Mights to each other.,,False,False,Move an enemy unit. Then do this: Choose another enemy unit at its destination. They deal damage equal to their Mights to each other.,https://riftbound.gg/cards/ogn-258-dragons-rage/
OGN-259,Yasuo - Unforgiven,Origins,Rare,Legend,Champion,Calm; Chaos,,,Yasuo,"{2 Energy}, {Exhaust}: Move a friendly unit to or from its base.",,False,False,"{2 Energy}, {Exhaust}: Move a friendly unit to or from its base.",https://riftbound.gg/cards/ogn-259-yasuo-unforgiven/
OGN-259-P,Yasuo - Unforgiven (Origins Release Event Promo),Origins,Rare,Legend,,Calm; Chaos,,,Yasuo,"{2 Energy}, {Exhaust}: Move a friendly unit to or from your base.",,True,False,"{2 Energy}, {Exhaust}: Move a friendly unit to or from its base.",https://riftbound.gg/cards/ogn-259-p-yasuo-unforgiven/
OGN-260,Last Breath,Origins,Epic,Spell,Signature,Calm; Chaos,3,,Yasuo,"[Action] (Play on your turn or in showdowns.)
Ready a friendly unit. It deals damage equal to its Might to an enemy unit at a battlefield.",,False,False,,https://riftbound.gg/cards/ogn-260-last-breath/
OGN-261,Leona - Radiant Dawn,Origins,Rare,Legend,,Calm; Order,,,Leona,"When you stun one or more enemy units, buff a friendly unit. (If it doesn't have a buff, it gets a +1 {Might} buff.)",,False,False,,https://riftbound.gg/cards/ogn-261-leona-radiant-dawn/
OGN-261-P,Leona - Radiant Dawn (Origins Release Event Promo),Origins,Rare,Legend,,Calm; Order,,,Leona,"When you stun one or more enemy units, buff a friendly unit. (If it doesn't have a buff, it gets a +1 {Might} buff.)",,True,False,,https://riftbound.gg/cards/ogn-261-p-leona-radiant-dawn/
OGN-262,Zenith Blade,Origins,Epic,Spell,Signature,Calm; Order,3,,Leona,"[Action] (Play on your turn or in showdowns.)
Stun an enemy unit at a battlefield. You may move a friendly unit to that enemy unit's battlefield. (A stunned unit doesn't deal combat damage this turn.)",,False,False,,https://riftbound.gg/cards/ogn-262-zenith-blade/
OGN-263,Teemo - Swift Scout,Origins,Rare,Legend,,Mind; Chaos,,,Teemo,"You may pay {1 Energy} to hide a card with [Hidden] instead of {Any Rune}.
{1 Energy}, {Exhaust}: Put a Teemo unit you own into your hand from your Champion Zone or the board.",,False,False,,https://riftbound.gg/cards/ogn-263-teemo-swift-scout/
OGN-263-P,Teemo - Swift Scout (Origins Release Event Promo),Origins,Rare,Legend,,Mind; Chaos,,,Teemo,"You may pay {1 Energy} to hide a card with [Hidden] instead of {Any Rune}.
{1 Energy}, {Exhaust}: Put a Teemo unit you own into your hand from your Champion Zone or the board.",,True,False,,https://riftbound.gg/cards/ogn-263-p-teemo-swift-scout/
OGN-263-a,"Teemo - Swift Scout (Worlds Bundle 2025 
Promo)",Origins,Showcase,Legend,,Mind; Chaos,,,Teemo,"You may pay {1 Energy} to hide a card with [Hidden] instead of {Any Rune}.
{1 Energy}, {Exhaust}: Put a Teemo unit you own into your hand from your Champion Zone or the board.",,True,False,,https://riftbound.gg/cards/ogn-263-a-teemo-swift-scout/
OGN-264,Guerilla Warfare,Origins,Epic,Spell,Signature,Mind; Chaos,2,,Teemo,Return up to two cards with [Hidden] from your trash to your hand. You can hide cards ignoring costs this turn.,,False,False,,https://riftbound.gg/cards/ogn-264-guerilla-warfare/
OGN-265,Viktor - Herald of the Arcane,Origins,Rare,Legend,,Mind; Order,,,Viktor,"{1 Energy}, {Exhaust}: Play a 1 {Might} Recruit unit token.",,False,False,,https://riftbound.gg/cards/ogn-265-viktor-herald-of-the-arcane/
OGN-265-P,Viktor - Herald of the Arcane (Origins Release Event Promo),Origins,Rare,Legend,,Mind; Order,,,Viktor,"{1 Energy}, {Exhaust}: Play a 1 {Might} Recruit unit token.",,True,False,,https://riftbound.gg/cards/ogn-265-p-viktor-herald-of-the-arcane/
OGN-266,Siphon Power,Origins,Epic,Spell,Signature,Mind; Order,2,,Viktor,"[Reaction] (Play any time, even before spells and abilities resolve.)
Choose a battlefield. Give friendly units there +1 {Might} this turn and enemy units there -1 {Might} this turn, to a minimum of 1 {Might}.",,False,False,,https://riftbound.gg/cards/ogn-266-siphon-power/
OGN-267,Miss Fortune - Bounty Hunter,Origins,Rare,Legend,Champion,Body; Chaos,,,Miss Fortune,{Exhaust}: Give a unit [Ganking] this turn. (It can move from battlefield to battlefield.),,False,False,,https://riftbound.gg/cards/ogn-267-miss-fortune-bounty-hunter/
OGN-267-P,"Miss Fortune, Bounty Hunter (Origins Release Event Promo)",Origins,Rare,Legend,,Body; Chaos,,,Miss Fortune,{Exhaust}: Give a unit [Ganking] this turn. (It can move from battlefield to battlefield.),,True,False,,https://riftbound.gg/cards/ogn-267-p-miss-fortune-bounty-hunter/
OGN-268,Bullet Time,Origins,Epic,Spell,Signature,Body; Chaos,1,,Miss Fortune,"[Action] (Play on your turn or in showdowns.)
Pay any amount of {Any Rune} to deal that much damage to all enemy units at a battlefield.",,False,False,,https://riftbound.gg/cards/ogn-268-bullet-time/
OGN-269,Sett - The Boss,Origins,Rare,Legend,,Body; Order,,,Sett,"When a buffed unit you control would die, you may pay {Any Rune} and exhaust me to spend its buff and recall it exhausted instead. (Send it to base. This isn't a move.)
When you conquer, ready me.",,False,False,"If a buffed unit you control would die, you may pay {Any Rune}, exhaust me, and spend its buff to heal it, exhaust it, and recall it instead. (Send it to base. This isn't a move.)
When you conquer, ready me.",https://riftbound.gg/cards/ogn-269-sett-the-boss/
OGN-269-P,Sett - The Boss (Origins Release Event Promo),Origins,Rare,Legend,,Body; Order,,,Sett,"When a buffed unit you control would die, you may pay {Any Rune} and exhaust me to spend its buff and recall it exhausted instead. (Send it to base. This isn't a move.)
When you conquer, ready me.",,True,False,"If a buffed unit you control would die, you may pay {Any Rune}, exhaust me, and spend its buff to heal it, exhaust it, and recall it instead. (Send it to base. This isn't a move.)
When you conquer, ready me.",https://riftbound.gg/cards/ogn-269-p-sett-the-boss/
OGN-270,Showstopper,Origins,Epic,Spell,Signature,Body; Order,1,,Sett,"Buff a friendly unit in your base, then move it to a battlefield. (If it doesn't have a buff, it gets a +1 {Might} buff.)",,False,False,,https://riftbound.gg/cards/ogn-270-showstopper/
OGN-271,Recruit // Buff,Origins,Common,Unit,Token,Colorless,0,1,Recruit,,“To strike against any of us is to strike against all of us!”,False,False,,https://riftbound.gg/cards/ogn-271-recruit/
OGN-271a,Recruit // Buff (TFT Promo),Origins,Common,Unit,Token,Colorless,0,1,Recruit,,,True,False,,https://riftbound.gg/cards/ogn-271a-recruit/
OGN-272,Recruit // Buff (NX),Origins,Common,Unit,Token,Colorless,0,1,Recruit,,“Few earn the right to call themselves Trifarian.”,False,False,,https://riftbound.gg/cards/ogn-272-recruit/
OGN-273,Recruit // Buff (ZN),Origins,Common,Unit,Token,Colorless,0,1,Recruit,,“We are the future.”,False,False,,https://riftbound.gg/cards/ogn-273-recruit/
OGN-274,Sprite // Buff,Origins,Common,Unit,Token,Colorless,0,3,Fae,"[Temporary] (Kill me at the start of your Beginning Phase, before scoring.)","Dreams rarely linger, but the dreamer is still changed.",False,False,,https://riftbound.gg/cards/ogn-274-sprite/
OGN-275,Altar to Unity,Origins,Uncommon,Battlefield,,Colorless,,,,"When you hold here, play a 1 {Might} Recruit unit token in your base.",,False,False,,https://riftbound.gg/cards/ogn-275-altar-to-unity/
OGN-275a,Altar to Unity (Teamfight Tactics Paris Open Promo),Origins,Showcase,Battlefield,,Colorless,,,,"When you hold here, play a 1 {Might} Recruit unit token in your base.",,True,False,,https://riftbound.gg/cards/ogn-275a-altar-to-unity/
OGN-276,Aspirant's Climb,Origins,Uncommon,Battlefield,,Colorless,,,,Increase the points needed to win the game by 1.,,False,False,,https://riftbound.gg/cards/ogn-276-aspirants-climb/
OGN-276a,Aspirant's Climb (Worlds Bundle 2025 Promo),Origins,Showcase,Battlefield,,Colorless,,,,Increase the points needed to win the game by 1.,,True,False,,https://riftbound.gg/cards/ogn-276a-aspirants-climb/
OGN-277,Back-Alley Bar,Origins,Uncommon,Battlefield,,Colorless,,,,"When a unit moves from here, give it +1 {Might} this turn.",,False,False,,https://riftbound.gg/cards/ogn-277-back-alley-bar/
OGN-278,Bandle Tree,Origins,Uncommon,Battlefield,,Colorless,,,,You may hide an additional card here.,,False,False,,https://riftbound.gg/cards/ogn-278-bandle-tree/
OGN-278a,Bandle Tree (Worlds Bundle 2025 Promo),Origins,Showcase,Battlefield,,Colorless,,,,You may hide an additional card here.,,True,False,,https://riftbound.gg/cards/ogn-278a-bandle-tree/
OGN-279,Fortified Position,Origins,Uncommon,Battlefield,,Colorless,,,,"When you defend here, choose a unit. It gains [Shield 2] this combat. (+2 {Might} while it's a defender.)",,False,False,,https://riftbound.gg/cards/ogn-279-fortified-position/
OGN-279/298,Fortified Position (Oversized),Origins Proving Grounds,Uncommon,Battlefield,,Colorless,,,,"When you defend here, choose a unit. It gains SHIELD 2 this combat. (+2 might while It's a defender.)",,True,False,,https://riftbound.gg/cards/ogn-279298-fortified-position-oversized/
OGN-280,Grove of the God-Willow,Origins,Uncommon,Battlefield,,Colorless,,,,"When you hold here, draw 1.",,False,False,,https://riftbound.gg/cards/ogn-280-grove-of-the-god-willow/
OGN-281,Hallowed Tomb,Origins,Uncommon,Battlefield,,Colorless,,,,"When you hold here, you may return your Chosen Champion from your trash to your Champion Zone if it is empty.",,False,False,,https://riftbound.gg/cards/ogn-281-hallowed-tomb/
OGN-282,Monastery of Hirana,Origins,Uncommon,Battlefield,,Colorless,,,,"When you conquer here, you may spend a buff to draw 1.",,False,False,,https://riftbound.gg/cards/ogn-282-monastery-of-hirana/
OGN-283,Navori Fighting Pit,Origins,Uncommon,Battlefield,,Colorless,,,,"When you hold here, buff a unit here. (If it doesn't have a buff, it gets a +1 {Might} buff.)",,False,False,,https://riftbound.gg/cards/ogn-283-navori-fighting-pit/
OGN-284,Obelisk of Power,Origins,Uncommon,Battlefield,,Colorless,,,,"At the start of each player's first Beginning Phase, that player channels 1 rune.",,False,True,,https://riftbound.gg/cards/ogn-284-obelisk-of-power/
OGN-285,Reaver's Row,Origins,Uncommon,Battlefield,,Colorless,,,,"When you defend here, you may move a friendly unit here to base.",,False,True,,https://riftbound.gg/cards/ogn-285-reavers-row/
OGN-286,Reckoner's Arena,Origins,Uncommon,Battlefield,,Colorless,,,,"When you hold here, activate the conquer effects of units here.",,False,False,,https://riftbound.gg/cards/ogn-286-reckoners-arena/
OGN-287,Sigil of the Storm,Origins,Uncommon,Battlefield,,Colorless,,,,"When you conquer here, recycle one of your runes.",,False,False,"When you conquer here, you must recycle one of your runes. (This doesn’t choose anything.)",https://riftbound.gg/cards/ogn-287-sigil-of-the-storm/
OGN-288,Startipped Peak,Origins,Uncommon,Battlefield,,Colorless,,,,"When you hold here, you may channel 1 rune exhausted.",,False,False,,https://riftbound.gg/cards/ogn-288-startipped-peak/
OGN-288/298,Startipped Peak (Oversized),Origins Proving Grounds,Uncommon,Battlefield,,Colorless,,,,"When you hold here, you may channel 1 rune exhausted.",,True,False,,https://riftbound.gg/cards/ogn-288298-startipped-peak-oversized/
OGN-289,Targon's Peak,Origins,Uncommon,Battlefield,,Colorless,,,,"When you conquer here, ready 2 runes at the end of this turn.",,False,False,"When you conquer here, ready up to 2 runes at the end of this turn.",https://riftbound.gg/cards/ogn-289-targons-peak/
OGN-290,The Arena's Greatest,Origins,Uncommon,Battlefield,,Colorless,,,,"At the start of each player's first Beginning Phase, that player gains 1 point.",,False,False,,https://riftbound.gg/cards/ogn-290-the-arenas-greatest/
OGN-291,The Candlelit Sanctum,Origins,Uncommon,Battlefield,,Colorless,,,,"When you conquer here, look at the top two cards of your Main Deck. You may recycle one or both of them. Put those you don't back in any order.",,False,False,,https://riftbound.gg/cards/ogn-291-the-candlelit-sanctum/
OGN-292,The Dreaming Tree,Origins,Uncommon,Battlefield,,Colorless,,,,"When a player chooses a friendly unit here with a spell for the first time each turn, they draw 1.",,False,True,"When a player chooses a friendly unit here with a spell for the first time each turn, they draw 1.",https://riftbound.gg/cards/ogn-292-the-dreaming-tree/
OGN-293,The Grand Plaza,Origins,Uncommon,Battlefield,,Colorless,,,,"When you hold here, if you have 7+ units here, you win the game.",,False,False,,https://riftbound.gg/cards/ogn-293-the-grand-plaza/
OGN-293a,The Grand Plaza (Worlds Bundle 2025 Promo),Origins,Showcase,Battlefield,,Colorless,,,,"When you hold here, if you have 7+ units here, you win the game.",,True,False,,https://riftbound.gg/cards/ogn-293a-the-grand-plaza/
OGN-294,Trifarian War Camp,Origins,Uncommon,Battlefield,,Colorless,,,,Units here have +1 {Might}. (This includes attackers.),,False,False,,https://riftbound.gg/cards/ogn-294-trifarian-war-camp/
OGN-294/298,Trifarian War Camp (Oversized),Origins Proving Grounds,Uncommon,Battlefield,,Colorless,,,,Units here have +1 [might] . (Including attackers.),,True,False,,https://riftbound.gg/cards/ogn-294298-trifarian-war-camp-oversized/
OGN-295,Vilemaw's Lair,Origins,Uncommon,Battlefield,,Colorless,,,,Units can't move from here to base.,,False,False,,https://riftbound.gg/cards/ogn-295-vilemaws-lair/
OGN-296,Void Gate,Origins,Uncommon,Battlefield,,Colorless,,,,Spells and abilities affecting units here each deal 1 Bonus Damage. (Each instance of damage the spell deals is increased by 1.),,False,False,Spells and abilities deal 1 Bonus Damage to units here. (Each instance of damage the spell deals to a unit here is increased by 1.),https://riftbound.gg/cards/ogn-296-void-gate/
OGN-296/298,Void Gate (Oversized),Origins Proving Grounds,Uncommon,Battlefield,,Colorless,,,,Spells and abilities affecting units here each deal 1 Bonus Damage. (Each instance of damage the spell deals is increased by 1.),,True,False,Spells and abilities deal 1 Bonus Damage to units here. (Each instance of damage the spell deals to a unit here is increased by 1.),https://riftbound.gg/cards/ogn-296298-void-gate-oversized/
OGN-297,Windswept Hillock,Origins,Uncommon,Battlefield,,Colorless,,,,Units here have [Ganking]. (They can move from battlefield to battlefield.),,False,False,,https://riftbound.gg/cards/ogn-297-windswept-hillock/
OGN-298,Zaun Warrens,Origins,Uncommon,Battlefield,,Colorless,,,,"When you conquer here, discard 1, then draw 1.",,False,False,,https://riftbound.gg/cards/ogn-298-zaun-warrens/
OGN-299,Kai'Sa - Daughter of the Void,Origins,Showcase,Legend,,Fury; Mind,,,Kai'Sa,{Exhaust}: [Reaction] — [Add] {Any Rune}. Use only to play spells. (Abilities that add resources can't be reacted to.),,False,False,,https://riftbound.gg/cards/ogn-299-kaisa-daughter-of-the-void/
OGN-299-STAR,Kai'Sa - Daughter of the Void,Origins,Showcase,Legend,,Fury; Mind,,,Kai'Sa,{Exhaust}: [Reaction] — [Add] {Any Rune}. Use only to play spells. (Abilities that add resources can't be reacted to.),,False,False,,https://riftbound.gg/cards/ogn-299-star-daughter-of-the-void/
OGN-300,Volibear - Relentless Storm,Origins,Showcase,Legend,,Fury; Body,,,Volibear,"When you play a [Mighty] unit, you may exhaust me to channel 1 rune exhausted. (A unit is Mighty while it has 5+ {Might}.)",,False,False,,https://riftbound.gg/cards/ogn-300-volibear-relentless-storm/
OGN-300-STAR,Volibear - Relentless Storm,Origins,Showcase,Legend,,Fury; Body,,,Volibear,"When you play a [Mighty] unit, you may exhaust me to channel 1 rune exhausted. (A unit is Mighty while it has 5+ {Might}.)",,False,False,,https://riftbound.gg/cards/ogn-300-star-relentless-storm/
OGN-301,Jinx - Loose Cannon,Origins,Showcase,Legend,,Fury; Chaos,,,Jinx,"At start of your Beginning Phase, draw 1 if you have one or fewer cards in your hand.",,False,False,,https://riftbound.gg/cards/ogn-301-jinx-loose-cannon/
OGN-301-STAR,Jinx - Loose Cannon,Origins,Showcase,Legend,,Fury; Chaos,,,Jinx,"At start of your Beginning Phase, draw 1 if you have one or fewer cards in your hand.",,False,False,,https://riftbound.gg/cards/ogn-301-star-loose-cannon/
OGN-302,Darius - Hand of Noxus,Origins,Showcase,Legend,,Fury; Order,,,Darius,"{Exhaust}: [Reaction], [Legion] — [Add] {1 Energy}. (Abilities that add resources can't be reacted to. Get the effect if you've played a card this turn.)",,False,False,,https://riftbound.gg/cards/ogn-302-darius-hand-of-noxus/
OGN-302-STAR,Darius - Hand of Noxus,Origins,Showcase,Legend,,Fury; Order,,,Darius,"{Exhaust}: [Reaction], [Legion] — [Add] {1 Energy}. (Abilities that add resources can't be reacted to. Get the effect if you've played a card this turn.)",,False,False,,https://riftbound.gg/cards/ogn-302-star-hand-of-noxus/
OGN-303,Ahri - Nine-Tailed Fox,Origins,Showcase,Legend,,Calm; Mind,,,Ahri,"When an enemy unit attacks a battlefield you control, give it -1 {Might} this turn, to a minimum of 1 {Might}.",,False,False,,https://riftbound.gg/cards/ogn-303-ahri-nine-tailed-fox/
OGN-303-STAR,Ahri - Nine-Tailed Fox,Origins,Showcase,Legend,,Calm; Mind,,,Ahri,"When an enemy unit attacks a battlefield you control, give it -1 {Might} this turn, to a minimum of 1 {Might}.",,False,False,,https://riftbound.gg/cards/ogn-303-star-nine-tailed-fox/
OGN-304,Lee Sin - Blind Monk,Origins,Showcase,Legend,,Calm; Body,,,Lee Sin,"{1 Energy}, {Exhaust}: Buff a friendly unit. (If it doesn't have a buff, it gets a +1 {Might} buff.)",,False,False,,https://riftbound.gg/cards/ogn-304-lee-sin-blind-monk/
OGN-304-STAR,Lee Sin - Blind Monk,Origins,Showcase,Legend,,Calm; Body,,,Lee Sin,"{1 Energy}, {Exhaust}: Buff a friendly unit. (If it doesn't have a buff, it gets a +1 {Might} buff.)",,False,False,,https://riftbound.gg/cards/ogn-304-star-blind-monk/
OGN-305,Yasuo - Unforgiven,Origins,Showcase,Legend,,Calm; Chaos,,,Yasuo,"{2 Energy}, {Exhaust}: Move a friendly unit to or from its base.",,False,False,"{2 Energy}, {Exhaust}: Move a friendly unit to or from its base.",https://riftbound.gg/cards/ogn-305-yasuo-unforgiven/
OGN-305-STAR,Yasuo - Unforgiven,Origins,Showcase,Legend,,Calm; Chaos,,,Yasuo,"{2 Energy}, {Exhaust}: Move a friendly unit to or from its base.",,False,False,"{2 Energy}, {Exhaust}: Move a friendly unit to or from its base.",https://riftbound.gg/cards/ogn-305-star-unforgiven/
OGN-306,Leona - Radiant Dawn,Origins,Showcase,Legend,,Calm; Order,,,Leona,"When you stun one or more enemy units, buff a friendly unit. (If it doesn't have a buff, it gets a +1 {Might} buff.)",,False,False,,https://riftbound.gg/cards/ogn-306-leona-radiant-dawn/
OGN-306-STAR,Leona - Radiant Dawn,Origins,Showcase,Legend,,Calm; Order,,,Leona,"When you stun one or more enemy units, buff a friendly unit. (If it doesn't have a buff, it gets a +1 {Might} buff.)",,False,False,,https://riftbound.gg/cards/ogn-306-star-radiant-dawn/
OGN-307,Teemo - Swift Scout,Origins,Showcase,Legend,,Mind; Chaos,,,Teemo,"You may pay {1 Energy} to hide a card with [Hidden] instead of {Any Rune}.
{1 Energy}, {Exhaust}: Put a Teemo unit you own into your hand from your Champion Zone or the board.",,False,False,,https://riftbound.gg/cards/ogn-307-teemo-swift-scout/
OGN-307-STAR,Teemo - Swift Scout,Origins,Showcase,Legend,,Mind; Chaos,,,Teemo,"You may pay {1 Energy} to hide a card with [Hidden] instead of {Any Rune}.
{1 Energy}, {Exhaust}: Put a Teemo unit you own into your hand from your Champion Zone or the board.",,False,False,,https://riftbound.gg/cards/ogn-307-star-swift-scout/
OGN-308,Viktor - Herald of the Arcane,Origins,Showcase,Legend,,Mind; Order,,,Viktor,"{1 Energy}, {Exhaust}: Play a 1 {Might} Recruit unit token.",,False,False,,https://riftbound.gg/cards/ogn-308-viktor-herald-of-the-arcane/
OGN-308-STAR,Viktor - Herald of the Arcane,Origins,Showcase,Legend,,Mind; Order,,,Viktor,"{1 Energy}, {Exhaust}: Play a 1 {Might} Recruit unit token.",,False,False,,https://riftbound.gg/cards/ogn-308-star-herald-of-the-arcane/
OGN-309,Miss Fortune - Bounty Hunter,Origins,Showcase,Legend,,Body; Chaos,,,Miss Fortune,{Exhaust}: Give a unit [Ganking] this turn. (It can move from battlefield to battlefield.),,False,False,,https://riftbound.gg/cards/ogn-309-miss-fortune-bounty-hunter/
OGN-309-STAR,Miss Fortune - Bounty Hunter,Origins,Showcase,Legend,,Body; Chaos,,,Miss Fortune,{Exhaust}: Give a unit [Ganking] this turn. (It can move from battlefield to battlefield.),,False,False,,https://riftbound.gg/cards/ogn-309-star-bounty-hunter/
OGN-310,Sett - The Boss,Origins,Showcase,Legend,,Body; Order,,,Sett,"When a buffed unit you control would die, you may pay {Any Rune} and exhaust me to spend its buff and recall it exhausted instead. (Send it to base. This isn't a move.)
When you conquer, ready me.",,False,False,"If a buffed unit you control would die, you may pay {Any Rune}, exhaust me, and spend its buff to heal it, exhaust it, and recall it instead. (Send it to base. This isn't a move.)
When you conquer, ready me.",https://riftbound.gg/cards/ogn-310-sett-the-boss/
OGN-310-STAR,Sett - The Boss,Origins,Showcase,Legend,,Body; Order,,,Sett,"When a buffed unit you control would die, you may pay {Any Rune} and exhaust me to spend its buff and recall it exhausted instead. (Send it to base. This isn't a move.)
When you conquer, ready me.",,False,False,"If a buffed unit you control would die, you may pay {Any Rune}, exhaust me, and spend its buff to heal it, exhaust it, and recall it instead. (Send it to base. This isn't a move.)
When you conquer, ready me.",https://riftbound.gg/cards/ogn-310-star-the-boss/
OGN-P,Buff (Fist Bump Promo),Origins,Common,,Token,,,1,,A unit may have no more than one buff at a time.,,True,False,,https://riftbound.gg/cards/ogn-p-buff/
OGS-001,Annie - Fiery,Proving Grounds,Epic,Unit,Champion,Fury,5,4,Annie; Noxus,Your spells and abilities deal 1 Bonus Damage. (Each instance of damage the spell deals is increased by 1.),“I never play with matches.”,False,False,,https://riftbound.gg/cards/ogs-001-annie-fiery/
OGS-001-P,Annie - Fiery (Spiritforged Nexus Night Promo),Proving Grounds,Epic,Unit,Champion,Fury,5,4,Annie; Noxus,Your spells and abilities deal 1 Bonus Damage. (Each instance of damage the spell deals is increased by 1.),“I never play with matches.”,True,False,,https://riftbound.gg/cards/ogs-001-p-annie-fiery/
OGS-002,Firestorm,Proving Grounds,Uncommon,Spell,,Fury,6,,,Deal 3 to all enemy units at a battlefield.,"“Eeny, meeny, miny, burn!” —Annie",False,False,,https://riftbound.gg/cards/ogs-002-firestorm/
OGS-003,Incinerate,Proving Grounds,Common,Spell,,Fury,2,,,"[Action] (Play on your turn or in showdowns.)
Deal 2 to a unit at a battlefield.",“You smell like burning!” —Annie,False,False,,https://riftbound.gg/cards/ogs-003-incinerate/
OGS-004,Master Yi - Meditative,Proving Grounds,Rare,Unit,Champion,Calm,5,4,Master Yi; Ionia,"While you have 8+ runes, I have +4 {Might}.",“Anger gives motivation without purpose.”,False,False,,https://riftbound.gg/cards/ogs-004-master-yi-meditative/
OGS-004-P,Master Yi - Meditative (Spiritforged Nexus Night Promo),Proving Grounds,Rare,Unit,Champion,Calm,5,4,Master Yi; Ionia,"While you have 8+ runes, I have +4 {Might}.",“Anger gives motivation without purpose.”,True,False,,https://riftbound.gg/cards/ogs-004-p-master-yi-meditative/
OGS-005,Zephyr Sage,Proving Grounds,Uncommon,Unit,,Calm,6,6,Ionia; Bird,[Shield] (+1 {Might} while I'm a defender.),“A true master is an eternal student.” – Master Yi,False,False,,https://riftbound.gg/cards/ogs-005-zephyr-sage/
OGS-006,Lux - Illuminated,Proving Grounds,Rare,Unit,Champion,Mind,6,5,Lux; Demacia,"When you play a spell that costs {5 Energy} or more, give me +3 {Might} this turn.",“No more holding back!”,False,False,,https://riftbound.gg/cards/ogs-006-lux-illuminated/
OGS-006-P,Lux - Illuminated (Spiritforged Nexus Night Promo),Proving Grounds,Rare,Unit,Champion,Mind,6,5,Lux; Demacia,"When you play a spell that costs {5 Energy} or more, give me +3 {Might} this turn.",“No more holding back!”,True,False,,https://riftbound.gg/cards/ogs-006-p-lux-illuminated/
OGS-007,Garen - Rugged,Proving Grounds,Rare,Unit,Champion,Body,6,5,Elite; Garen; Demacia,"[Assault 2], [Shield 2] (+2 {Might} while I'm an attacker or defender.)",“Fear is the first of many foes.”,False,False,,https://riftbound.gg/cards/ogs-007-garen-rugged/
OGS-007-P,Garen - Rugged (Spiritforged Nexus Night Promo),Proving Grounds,Rare,Unit,Champion,Body,6,5,Elite; Garen; Demacia,"[Assault 2], [Shield 2] (+2 {Might} while I'm an attacker or defender.)",“Fear is the first of many foes.”,True,False,,https://riftbound.gg/cards/ogs-007-p-garen-rugged/
OGS-008,Gentlemen's Duel,Proving Grounds,Common,Spell,,Body,6,,,"[Action] (Play on your turn or in showdowns.)
Give a friendly unit +3 {Might} this turn. Then choose an enemy unit. They deal damage equal to their Mights to each other.",A proper and formal way to kill your enemies.,False,False,,https://riftbound.gg/cards/ogs-008-gentlemens-duel/
OGS-009,Master Yi - Honed,Proving Grounds,Epic,Unit,Champion,Body,7,6,Master Yi; Ionia,"[Ganking] (I can move from battlefield to battlefield.)
I enter ready.",“The focused mind can pierce through stone.”,False,False,,https://riftbound.gg/cards/ogs-009-master-yi-honed/
OGS-009-P,Master Yi - Honed (Spiritforged Nexus Night Promo),Proving Grounds,Epic,Unit,Champion,Body,7,6,Master Yi; Ionia,"[Ganking] (I can move from battlefield to battlefield.)
I enter ready.",“The focused mind can pierce through stone.”,True,False,,https://riftbound.gg/cards/ogs-009-p-master-yi-honed/
OGS-010,Annie - Stubborn,Proving Grounds,Rare,Unit,Champion,Chaos,4,3,Annie; Noxus,"When you play me, return a spell from your trash to your hand.","""I want a turn!""",False,False,,https://riftbound.gg/cards/ogs-010-annie-stubborn/
OGS-010-P,Annie - Stubborn (Spiritforged Nexus Night Promo),Proving Grounds,Rare,Unit,Champion,Chaos,4,3,Annie; Noxus,"When you play me, return a spell from your trash to your hand.","""I want a turn!""",True,False,,https://riftbound.gg/cards/ogs-010-p-annie-stubborn/
OGS-011,Flash,Proving Grounds,Common,Spell,,Chaos,2,,,"[Reaction] (Play any time, even before spells and abilities resolve.)
Move up to 2 friendly units to base.",It’s not running away. It’s strategic repositioning.,False,False,,https://riftbound.gg/cards/ogs-011-flash/
OGS-011-P,Flash (LGS Play Promo),Proving Grounds,Common,Spell,,Chaos,2,,,"[Reaction] (Play any time, even before spells and abilities resolve.)
Move up to 2 friendly units to base.",It’s not running away. It’s strategic repositioning.,True,False,,https://riftbound.gg/cards/ogs-011-p-flash/
OGS-012,Blast of Power,Proving Grounds,Common,Spell,,Order,6,,,"[Action] (Play on your turn or in showdowns.)
Kill a unit at a battlefield.","""Illuminate the enemy!"" —Lux",False,False,,https://riftbound.gg/cards/ogs-012-blast-of-power/
OGS-013,Garen - Commander,Proving Grounds,Epic,Unit,Champion,Order,6,5,Elite; Garen; Demacia,Other friendly units have +1 {Might} here.,“For Demacia!”,False,False,,https://riftbound.gg/cards/ogs-013-garen-commander/
OGS-013-P,Garen - Commander (Spiritforged Nexus Night Promo),Proving Grounds,Epic,Unit,Champion,Order,6,5,Elite; Garen; Demacia,Other friendly units have +1 {Might} here.,“For Demacia!”,True,False,,https://riftbound.gg/cards/ogs-013-p-garen-commander/
OGS-014,Lux - Crownguard,Proving Grounds,Epic,Unit,Champion,Order,4,2,Lux; Demacia,{Exhaust}: [Reaction] — [Add] {2 Energy}. Use only to play spells. (Abilities that add resources can't be reacted to.),“I’ve been hiding my light long enough.”,False,False,,https://riftbound.gg/cards/ogs-014-lux-crownguard/
OGS-014-P,Lux - Crownguard (Spiritforged Nexus Night Promo),Proving Grounds,Epic,Unit,Champion,Order,4,2,Lux; Demacia,{Exhaust}: [Reaction] — [Add] {2 Energy}. Use only to play spells. (Abilities that add resources can't be reacted to.),,True,False,,https://riftbound.gg/cards/ogs-014-p-lux-crownguard/
OGS-015,Recruit the Vanguard,Proving Grounds,Uncommon,Spell,,Order,6,,,"[Action] (Play on your turn or in showdowns.)
Play four 1 {Might} Recruit unit tokens. (They can be played to your base or to battlefields you control.)",“My heart and sword always for Demacia.” —Garen,False,False,,https://riftbound.gg/cards/ogs-015-recruit-the-vanguard/
OGS-016,Vanguard Attendant,Proving Grounds,Common,Unit,,Order,6,5,Elite; Demacia,I enter ready.,Even the Vanguard needs a first line of defense.,False,False,,https://riftbound.gg/cards/ogs-016-vanguard-attendant/
OGS-017,Annie - Dark Child - Starter,Proving Grounds,Rare,Legend,Champion,Fury; Chaos,,,Annie,"At the end of your turn, ready 2 runes.",,False,False,"At the end of your turn, ready up to 2 runes.",https://riftbound.gg/cards/ogs-017-annie-dark-child/
OGS-017-P,Annie - Dark Child - Starter (Spiritforged Nexus Night Promo),Proving Grounds,Rare,Legend,Champion,Fury; Chaos,,,Annie,"At the end of your turn, ready 2 runes.",,True,False,"At the end of your turn, ready up to 2 runes.",https://riftbound.gg/cards/ogs-017-p-annie-dark-child/
OGS-018,Tibbers,Proving Grounds,Epic,Unit,Signature,Fury; Chaos,8,7,Annie,"When you play me, deal 3 to all units at battlefields.",“Bear hug!” —Annie,False,False,,https://riftbound.gg/cards/ogs-018-tibbers/
OGS-018-P,Tibbers (Spiritforged Nexus Night Promo),Proving Grounds,Epic,Unit,Signature,Fury; Chaos,8,7,Annie,"When you play me, deal 3 to all units at battlefields.",“Bear hug!” —Annie,True,False,,https://riftbound.gg/cards/ogs-018-p-tibbers/
OGS-019,Master Yi - Wuju Bladesman - Starter,Proving Grounds,Rare,Legend,Champion,Calm; Body,,,Master Yi,"While a friendly unit defends alone, it gets +2 {Might}.",,False,False,,https://riftbound.gg/cards/ogs-019-master-yi-wuju-bladesman/
OGS-019-P,Master Yi - Wuju Bladesman - Starter (Spiritforged Nexus Night Promo),Proving Grounds,Rare,Legend,Champion,Calm; Body,,,Master Yi,"While a friendly unit defends alone, it gets +2 {Might}.",,True,False,,https://riftbound.gg/cards/ogs-019-p-master-yi-wuju-bladesman/
OGS-020,Highlander,Proving Grounds,Epic,Spell,Signature,Calm; Body,4,,Master Yi,"[Reaction] (Play any time, even before spells and abilities resolve.)
Choose a friendly unit. The next time it dies this turn, recall it exhausted instead. (Send it to base. This isn't a move.)",,False,False,"[Reaction] (Play any time, even before spells and abilities resolve.)
Choose a friendly unit. The next time it would die this turn, heal it, exhaust it, and recall it instead. (Send it to base. This isn't a move.)",https://riftbound.gg/cards/ogs-020-highlander/
OGS-020-P,Highlander (Spiritforged Nexus Night Promo),Proving Grounds,Epic,Spell,Signature,Calm; Body,4,,Master Yi,"[Reaction] (Play any time, even before spells and abilities resolve.)
Choose a friendly unit. The next time it dies this turn, recall it exhausted instead. (Send it to base. This isn't a move.)",,True,False,"[Reaction] (Play any time, even before spells and abilities resolve.)
Choose a friendly unit. The next time it would die this turn, heal it, exhaust it, and recall it instead. (Send it to base. This isn't a move.)",https://riftbound.gg/cards/ogs-020-p-highlander/
OGS-021,Lux - Lady of Luminosity - Starter,Proving Grounds,Rare,Legend,Champion,Mind; Order,,,Lux,"When you play a spell that costs {5 Energy} or more, draw 1.",,False,False,,https://riftbound.gg/cards/ogs-021-lux-lady-of-luminosity/
OGS-021-P,Lux - Lady of Luminosity - Starter (Spiritforged Nexus Night Promo),Proving Grounds,Rare,Legend,Champion,Mind; Order,,,Lux,"When you play a spell that costs {5 Energy} or more, draw 1.",,True,False,,https://riftbound.gg/cards/ogs-021-p-lux-lady-of-luminosity/
OGS-022,Final Spark,Proving Grounds,Epic,Spell,Signature,Mind; Order,8,,Lux,"[Action] (Play on your turn or in showdowns.)
Deal 8 to a unit.",,False,False,,https://riftbound.gg/cards/ogs-022-final-spark/
OGS-022-P,Final Spark (Spiritforged Nexus Night Promo),Proving Grounds,Epic,Spell,Signature,Mind; Order,8,,Lux,"[Action] (Play on your turn or in showdowns.)
Deal 8 to a unit.",,True,False,,https://riftbound.gg/cards/ogs-022-p-final-spark/
OGS-023,Garen - Might of Demacia - Starter,Proving Grounds,Rare,Legend,Champion,Body; Order,,,Garen,"When you conquer, if you have 4+ units at that battlefield, draw 2.",,False,False,,https://riftbound.gg/cards/ogs-023-garen-might-of-demacia/
OGS-023-P,Garen - Might of Demacia - Starter (Spiritforged Nexus Night Promo),Proving Grounds,Rare,Legend,Champion,Body; Order,,,Garen,"When you conquer, if you have 4+ units at that battlefield, draw 2.",,True,False,,https://riftbound.gg/cards/ogs-023-p-garen-might-of-demacia/
OGS-024,Decisive Strike,Proving Grounds,Epic,Spell,Signature,Body; Order,5,,Garen,"[Action] (Play on your turn or in showdowns.)
Give friendly units +2 {Might} this turn.",,False,False,,https://riftbound.gg/cards/ogs-024-decisive-strike/
OGS-024-P,Decisive Strike (Spiritforged Nexus Night Promo),Proving Grounds,Epic,Spell,Signature,Body; Order,5,,Garen,"[Action] (Play on your turn or in showdowns.)
Give friendly units +2 {Might} this turn.",,True,False,,https://riftbound.gg/cards/ogs-024-p-decisive-strike/
SFD-001,Against the Odds,Spiritforged,Common,Spell,,Fury,2,,,"[Reaction] (Play any time, even before spells and abilities resolve.)
Give a friendly unit at a battlefield +2 {Might} this turn for each enemy unit there.",“We are what we overcome.” —Pantheon,False,False,,https://riftbound.gg/cards/sfd-001-against-the-odds/
SFD-002,Armed Assailant,Spiritforged,Common,Unit,,Fury,6,6,Noxus,"[Accelerate] (You may pay {1 Energy}{Fury Rune} as an additional cost to have me enter ready.)
[Weaponmaster] (When you play me, you may [Equip] one of your Equipment to me for {Any Rune} less, even if it's already attached.)",,False,False,,https://riftbound.gg/cards/sfd-002-armed-assailant/
SFD-003,Blood Rush,Spiritforged,Common,Spell,,Fury,1,,,"[Action] (Play on your turn or in showdowns.)
[Repeat] {1 Energy} (You may pay the additional cost to repeat this spell's effect.)
Give a unit [Assault 2]. (+2 {Might} while it's an attacker.)",,False,False,"[Action] (Play on your turn or in showdowns.)
[Repeat] {1 Energy} (You may pay the additional cost to repeat this spell's effect.)
Give a unit [Assault 2] this turn. (+2 {Might} while it's an attacker.)",https://riftbound.gg/cards/sfd-003-blood-rush/
SFD-004,Bushwhack,Spiritforged,Common,Spell,,Fury,2,,,"[Hidden] (Hide now for {Any Rune} to react with later for {0 Energy}.)
Friendly units enter ready this turn. Play a Gold gear token exhausted.",Always check the brush.,False,False,,https://riftbound.gg/cards/sfd-004-bushwhack/
SFD-005,Detonate,Spiritforged,Common,Spell,,Fury,1,,,Kill a gear. Its controller draws 2.,Nobody wants to be left holding the exploding end of the stick.,False,False,,https://riftbound.gg/cards/sfd-005-detonate/
SFD-006,Eager Drakehound,Spiritforged,Common,Unit,,Fury,3,3,Dog; Dragon; Noxus,I enter ready.,"There are two kinds of drakehound trainer: strict, and dead.",False,False,,https://riftbound.gg/cards/sfd-006-eager-drakehound/
SFD-007,Gem Jammer,Spiritforged,Common,Unit,,Fury,2,2,Mech; Bandle City,"When you play me, give a unit [Ganking] this turn. (It can move from battlefield to battlefield.)",“You have GOT to see this.”,False,False,,https://riftbound.gg/cards/sfd-007-gem-jammer/
SFD-007-P,Gem Jammer (Spiritforged Nexus Night Promo),Spiritforged,Common,Unit,,Fury,2,2,Mech; Bandle City,"When you play me, give a unit [Ganking] this turn. (It can move from battlefield to battlefield.)",“You have GOT to see this.”,True,False,,https://riftbound.gg/cards/sfd-007-p-gem-jammer/
SFD-008,Sentinel Adept,Spiritforged,Common,Unit,,Fury,3,3,Shadow Isles; Sentinel,"[Weaponmaster] (When you play me, you may [Equip] one of your Equipment to me for {Any Rune} less, even if it's already attached.)",“My turn.”,False,False,,https://riftbound.gg/cards/sfd-008-sentinel-adept/
SFD-009,Serrated Dirk,Spiritforged,Common,Gear,,Fury,1,,Equipment,[Equip] {Fury Rune} ({Fury Rune}: Attach this to a unit you control.),,False,False,,https://riftbound.gg/cards/sfd-009-serrated-dirk/
SFD-009-P,Serrated Dirk (Spiritforged Nexus Night Promo),Spiritforged,Common,Gear,,Fury,1,,Equipment,[Equip] {Fury Rune} ({Fury Rune}: Attach this to a unit you control.),,True,False,,https://riftbound.gg/cards/sfd-009-p-serrated-dirk/
SFD-010,Void Drone,Spiritforged,Common,Unit,,Fury,3,3,The Void,I cost {2 Energy} less to play from anywhere other than your hand.,"Rek'Sai's children appear without warning, ambushing their prey from beneath the Shuriman sands.",False,False,,https://riftbound.gg/cards/sfd-010-void-drone/
SFD-011,Angle Shot,Spiritforged,Uncommon,Spell,,Fury,2,,,"[Reaction] (Play any time, even before spells and abilities resolve.)
Choose a unit and an Equipment with the same controller. Attach that Equipment to that unit or detach that Equipment from that unit. Draw 1.","“Admit it, you’re hooked.”",False,False,,https://riftbound.gg/cards/sfd-011-angle-shot/
SFD-012,Battering Ram,Spiritforged,Uncommon,Unit,,Fury,5,5,Trifarian; Noxus,"I cost {1 Energy} less for each card you've played this turn, to a minimum of {1 Energy}.",They call it “the Noxian hello.”,False,False,,https://riftbound.gg/cards/sfd-012-battering-ram/
SFD-013,Blast Corps Cadet,Spiritforged,Uncommon,Unit,,Fury,2,2,Piltover,"You may pay {1 Energy}{Fury Rune} as an additional cost to play me.
When you play me, if you paid the additional cost, deal 2 to a unit at a battlefield.","The bigger the bangs, the less you have to aim.",False,False,,https://riftbound.gg/cards/sfd-013-blast-corps-cadet/
SFD-013-P,Blast Corps Cadet (Spiritforged Nexus Night Promo),Spiritforged,Uncommon,Unit,,Fury,2,2,Piltover,"You may pay {1 Energy}{Fury Rune} as an additional cost to play me.
When you play me, if you paid the additional cost, deal 2 to a unit at a battlefield.",,True,False,,https://riftbound.gg/cards/sfd-013-p-blast-corps-cadet/
SFD-014,Minotaur Reckoner,Spiritforged,Uncommon,Unit,,Fury,5,5,Noxus,Units can't move to base.,"He is blessed with immense patience, a gift he feels compelled to share.",False,False,,https://riftbound.gg/cards/sfd-014-minotaur-reckoner/
SFD-015,Perched Grimwyrm,Spiritforged,Uncommon,Unit,,Fury,4,5,Dragon; Shadow Isles,Play me only to a battlefield you conquered this turn. (You can't play me anywhere else.),"When you see the Grimwyrm’s shadow, it’s already too late.",False,False,,https://riftbound.gg/cards/sfd-015-perched-grimwyrm/
SFD-016,Recurve Bow,Spiritforged,Uncommon,Gear,,Fury,2,,Equipment,[Equip] {Fury Rune} ({Fury Rune}: Attach this to a unit you control.),,False,False,,https://riftbound.gg/cards/sfd-016-recurve-bow/
SFD-017,Sudden Storm,Spiritforged,Uncommon,Spell,,Fury,3,,,"[Hidden] (Hide now for {Any Rune} to react with later for {0 Energy}.)
[Action] (Play on your turn or in showdowns.)
Deal 2 to a unit at a battlefield. If it's attacking, deal 4 to it instead.",Haste lays waste.,False,False,,https://riftbound.gg/cards/sfd-017-sudden-storm/
SFD-018,Void Hatchling,Spiritforged,Uncommon,Unit,,Fury,2,2,The Void,"If you would reveal cards from a deck, look at the top card first. You may recycle it. Then reveal those cards.","From the moment of hatching, xer’sai serve their queen.",False,False,,https://riftbound.gg/cards/sfd-018-void-hatchling/
SFD-019,Assembly Rig,Spiritforged,Rare,Gear,,Fury,4,,,"{1 Energy}{Fury Rune}, Recycle a unit from your trash, {Exhaust}: Play a 3 {Might} Mech unit token to your base.",“Can’t believe someone would throw this out!”,False,False,,https://riftbound.gg/cards/sfd-019-assembly-rig/
SFD-020,Draven - Vanquisher,Spiritforged,Rare,Unit,Champion,Fury,4,4,Draven; Noxus,"When I win a combat, play a Gold gear token exhausted.
When I attack or defend, you may pay {Fury Rune}. If you do, give me +2 {Might} this turn.","“Man, I’m good.”",False,True,,https://riftbound.gg/cards/sfd-020-draven-vanquisher/
SFD-020A,Draven - Vanquisher,Spiritforged,Showcase,Unit,Champion,Fury,4,4,Draven; Noxus,"When I win a combat, play a Gold gear token exhausted.
When I attack or defend, you may pay {Fury Rune}. If you do, give me +2 {Might} this turn.","“Man, I’m good.”",False,True,,https://riftbound.gg/cards/sfd-020a-draven-vanquisher/
SFD-021,Ferrous Forerunner,Spiritforged,Rare,Unit,,Fury,6,6,Mech; Yordle; Bandle City,"[Deathknell] — Play two 3 {Might} Mech unit tokens to your base. (When I die, get the effect.)",“You see a wreck waiting to happen. I just see parts that aren’t spare yet.”,False,False,,https://riftbound.gg/cards/sfd-021-ferrous-forerunner/
SFD-022,Long Sword,Spiritforged,Rare,Gear,,Fury,2,2,Equipment,"[Quick-Draw] (This has [Reaction]. When you play it, attach it to a unit you control.)
[Equip] {Fury Rune} ({Fury Rune}: Attach this to a unit you control.)",Efforts to create the Longer Sword quickly ran into diminishing returns.,False,False,,https://riftbound.gg/cards/sfd-022-long-sword/
SFD-022-P,Long Sword (Spiritforged April 2026 Summoner Skirmish Participation Promo),Spiritforged,Rare,Gear,,Fury,2,2,Equipment,"[Quick-Draw] (This has [Reaction]. When you play it, attach it to a unit you control.)
[Equip] {Fury Rune} ({Fury Rune}: Attach this to a unit you control.)",Efforts to create the Longer Sword quickly ran into diminishing returns.,True,False,,https://riftbound.gg/cards/sfd-022-p-long-sword/
SFD-023,Piercing Light,Spiritforged,Rare,Spell,,Fury,2,,,"[Repeat] {2 Energy}{Fury Rune} (You may pay the additional cost to repeat this spell's effect.)
Deal 2 to a unit at a battlefield, then deal 2 to up to one other unit.",“I got two good reasons for you to turn back.” —Lucian,False,False,,https://riftbound.gg/cards/sfd-023-piercing-light/
SFD-024,Rell - Magnetic,Spiritforged,Rare,Unit,Champion,Fury,4,4,Rell; Noxus,"[Tank] (I must be assigned combat damage first.)
When I attack, you may play an Equipment with Energy cost no more than {2 Energy}, ignoring its cost, and attach it to me.","“Bones shatter and people lie, but I can always count on iron.”",False,False,"[Tank] (I must be assigned combat damage first.)
When I attack, you may play an Equipment with Energy cost no more than {2 Energy}, ignoring its cost. If you do, then do this: Attach it to me.",https://riftbound.gg/cards/sfd-024-rell-magnetic/
SFD-025,Rengar - Pouncing,Spiritforged,Rare,Unit,Champion,Fury,3,3,Cat; Rengar; Ixtal,"[Reaction] (Play any time, even before spells and abilities resolve, including to a battlefield you control.)
[Assault 2] (+2 {Might} while I'm an attacker.)
I can be played to a battlefield you're attacking.","“Tonight, we hunt!”",False,False,,https://riftbound.gg/cards/sfd-025-rengar-pouncing/
SFD-025-P,Rengar - Pouncing (Unleashed Nexus Night Promo),Spiritforged,Showcase,Unit,Champion,Fury,3,3,Cat; Rengar; Ixtal,"[Reaction] (Play any time, even before spells and abilities resolve, including to a battlefield you control.)
[Assault 2] (+2 {Might} while I'm an attacker.)
I can be played to a battlefield you're attacking.",,True,False,,https://riftbound.gg/cards/sfd-025-p-rengar-pouncing/
SFD-026,Rumble - Hotheaded,Spiritforged,Rare,Unit,Champion,Fury,4,4,Mech; Yordle; Rumble; Bandle City,"Your Mechs each have [Assault]. (+1 {Might} while we're attackers.)
When I conquer, you may recycle another friendly unit to play a Mech from your trash. Reduce its Energy cost by the Might of the unit you recycled.",,False,False,,https://riftbound.gg/cards/sfd-026-rumble-hotheaded/
SFD-026A,Rumble - Hotheaded,Spiritforged,Showcase,Unit,Champion,Fury,4,4,Mech; Yordle; Rumble; Bandle City,"Your Mechs each have [Assault]. (+1 {Might} while we're attackers.)
When I conquer, you may recycle another friendly unit to play a Mech from your trash. Reduce its Energy cost by the Might of the unit you recycled.",,False,False,,https://riftbound.gg/cards/sfd-026a-rumble-hotheaded/
SFD-027,Dunebreaker,Spiritforged,Epic,Unit,,Fury,7,7,The Void,"If you have two or fewer cards in your hand, I enter ready.
When I hold, draw 2.",Dunes don’t break like branches. They break like waves.,False,False,,https://riftbound.gg/cards/sfd-027-dunebreaker/
SFD-028,Lucian - Gunslinger,Spiritforged,Epic,Unit,Champion,Fury,3,2,Lucian; Demacia; Sentinel,"[Assault] (+1 {Might} while I'm an attacker.)
When I attack, deal damage equal to my [Assault] to an enemy unit here.",“Everybody dies. Some just need a little help.”,False,False,,https://riftbound.gg/cards/sfd-028-lucian-gunslinger/
SFD-028A,Lucian - Gunslinger,Spiritforged,Showcase,Unit,Champion,Fury,3,2,Lucian; Demacia; Sentinel,"[Assault] (+1 {Might} while I'm an attacker.)
When I attack, deal damage equal to my [Assault] to an enemy unit here.",“Everybody dies. Some just need a little help.”,False,False,,https://riftbound.gg/cards/sfd-028a-lucian-gunslinger/
SFD-029,Rek'Sai - Breacher,Spiritforged,Epic,Unit,Champion,Fury,3,3,Rek'Sai; The Void,"[Accelerate] (You may pay {1 Energy}{Fury Rune} as an additional cost to have me enter ready.)
[Assault] (+1 {Might} while I'm an attacker.)
Friendly units played from anywhere other than a player's hand have [Accelerate].",,False,False,,https://riftbound.gg/cards/sfd-029-reksai-breacher/
SFD-029A,Rek'Sai - Breacher,Spiritforged,Showcase,Unit,Champion,Fury,3,3,Rek'Sai; The Void,"[Accelerate] (You may pay {1 Energy}{Fury Rune} as an additional cost to have me enter ready.)
[Assault] (+1 {Might} while I'm an attacker.)
Friendly units played from anywhere other than a player's hand have [Accelerate].",,False,False,,https://riftbound.gg/cards/sfd-029a-reksai-breacher/
SFD-030,Skyfall of Areion,Spiritforged,Epic,Gear,,Fury,3,2,Equipment,[Equip] {1 Energy}{Fury Rune} ({1 Energy}{Fury Rune}: Attach this to a unit you control.),"My hold effects are also conquer effects, and vice versa.",False,False,,https://riftbound.gg/cards/sfd-030-skyfall-of-areion/
SFD-031,Desert's Call,Spiritforged,Common,Spell,,Calm,2,,,"[Repeat] {2 Energy} (You may pay the additional cost to repeat this spell's effect.)
Play a 2 {Might} Sand Soldier unit token.",The Great Sai desert hides as many spears as it does secrets.,False,False,,https://riftbound.gg/cards/sfd-031-deserts-call/
SFD-032,Disarming Rake,Spiritforged,Common,Unit,,Calm,3,2,Demacia,"When you play me, you may kill a gear.","“I like to break things: swords, arms, hearts …”",False,False,,https://riftbound.gg/cards/sfd-032-disarming-rake/
SFD-033,Doran's Shield,Spiritforged,Common,Gear,,Calm,1,1,Equipment,[Equip] {Calm Rune} ({Calm Rune}: Attach this to a unit you control.),,False,False,,https://riftbound.gg/cards/sfd-033-dorans-shield/
SFD-033-P,Doran's Shield (Spiritforged Nexus Night Promo),Spiritforged,Common,Gear,,Calm,1,1,Equipment,[Equip] {Calm Rune} ({Calm Rune}: Attach this to a unit you control.),,True,False,,https://riftbound.gg/cards/sfd-033-p-dorans-shield/
SFD-034,Feral Strength,Spiritforged,Common,Spell,,Calm,2,,,"[Reaction] (Play any time, even before spells and abilities resolve.)
[Repeat] {2 Energy} (You may pay the additional cost to repeat this spell's effect.)
Give a unit +2 {Might} this turn.",,False,False,,https://riftbound.gg/cards/sfd-034-feral-strength/
SFD-035,Guardian of the Passage,Spiritforged,Common,Unit,,Calm,6,6,Spirit; Shadow Isles,"When I hold, you may return a unit or gear from your trash to your hand.","In the Shadow Isles, the veil between life and death is thin indeed.",False,False,,https://riftbound.gg/cards/sfd-035-guardian-of-the-passage/
SFD-036,Lonely Poro,Spiritforged,Common,Unit,,Calm,2,2,Poro; Freljord,"[Deathknell] — If I died alone, draw 1. (When I die, get the effect. I'm alone if there are no other friendly units here.)","Far from fluff and all alone  
None to mourn but ice and stone  
— Ode to a Lonely Poro",False,False,,https://riftbound.gg/cards/sfd-036-lonely-poro/
SFD-037,Navori Scout,Spiritforged,Common,Unit,,Calm,4,4,Yordle; Ionia,[Deflect] (Opponents must pay {Any Rune} to choose me with a spell or ability.),The Navori Brotherhood has neither a height requirement nor a retirement age.,False,False,,https://riftbound.gg/cards/sfd-037-navori-scout/
SFD-037-P,Navori Scout (Spiritforged Nexus Night Promo),Spiritforged,Common,Unit,,Calm,4,4,Yordle; Ionia,[Deflect] (Opponents must pay {Any Rune} to choose me with a spell or ability.),,True,False,,https://riftbound.gg/cards/sfd-037-p-navori-scout/
SFD-038,Ribbon Dancer,Spiritforged,Common,Unit,,Calm,3,3,Ionia,"When I move to a battlefield, give another friendly unit +1 {Might} this turn.",A flutter of silk is all the warning her enemies get.,False,False,,https://riftbound.gg/cards/sfd-038-ribbon-dancer/
SFD-039,Royal Entourage,Spiritforged,Common,Unit,,Calm,3,4,Shurima,"When you play me, ready or exhaust a legend.","After the seat of the ancient Shuriman Empire rose from the sands and its immortal emperor stepped out of myth to lead it, those who first embraced his rule were richly rewarded.",False,False,,https://riftbound.gg/cards/sfd-039-royal-entourage/
SFD-040,Thwonk!,Spiritforged,Common,Spell,,Calm,2,,,"[Action] (Play on your turn or in showdowns.)
[Repeat] {2 Energy} (You may pay the additional cost to repeat this spell's effect.)
Stun an attacking unit. (It doesn't deal combat damage this turn.)",,False,False,,https://riftbound.gg/cards/sfd-040-thwonk/
SFD-041,Apprentice Smith,Spiritforged,Uncommon,Unit,,Calm,2,2,Freljord,"When I move, reveal the top card of your Main Deck. If it's a gear, draw it. Otherwise, recycle it.","“My mentor says every failed project is a lesson. Me, I use ’em as paperweights.”",False,False,,https://riftbound.gg/cards/sfd-041-apprentice-smith/
SFD-042,Brutalizer,Spiritforged,Uncommon,Gear,,Calm,2,1,Equipment,[Equip] {Calm Rune} ({Calm Rune}: Attach this to a unit you control.),,False,False,,https://riftbound.gg/cards/sfd-042-brutalizer/
SFD-043,Emperor's Divide,Spiritforged,Uncommon,Spell,,Calm,2,,,"[Hidden] (Hide now for {Any Rune} to react with later for {0 Energy}.)
[Action] (Play on your turn or in showdowns.)
Move any number of friendly units at a battlefield to their base.",The sands of battle shift at Azir’s command.,False,False,,https://riftbound.gg/cards/sfd-043-emperors-divide/
SFD-044,Legion Quartermaster,Spiritforged,Uncommon,Unit,,Calm,3,4,Trifarian; Noxus,"As an additional cost to play me, return a friendly gear to its owner's hand.",“An ancient runeblade! Very rare. Take it to Tent 3 for processing.”,False,False,,https://riftbound.gg/cards/sfd-044-legion-quartermaster/
SFD-045,Not So Fast,Spiritforged,Uncommon,Spell,,Calm,2,,,"[Reaction] (Play any time, even before spells and abilities resolve.)
Counter an enemy spell or ability that chooses a friendly unit or gear.",,False,False,,https://riftbound.gg/cards/sfd-045-not-so-fast/
SFD-046,Poro Snax,Spiritforged,Uncommon,Gear,,Calm,1,,,"When you play this, draw 1.
{1 Energy}{Calm Rune}, {Exhaust}, Kill this: Draw 1.","“Eat, eat and grow strong!”",False,False,,https://riftbound.gg/cards/sfd-046-poro-snax/
SFD-047,Simian Ancestor,Spiritforged,Uncommon,Unit,,Calm,5,5,Ionia,"When you buff me, ready me.","“I’m faster than I look. Older too, if you can believe it.”",False,False,,https://riftbound.gg/cards/sfd-047-simian-ancestor/
SFD-048,Stellacorn Herder,Spiritforged,Uncommon,Unit,,Calm,4,3,Mount Targon,"When I move, draw 1.",“Finding lost stellacorns is easy! It’s catching them that’s the hard part.”,False,False,,https://riftbound.gg/cards/sfd-048-stellacorn-herder/
SFD-048-P,Stellacorn Herder (Spiritforged Nexus Night Promo),Spiritforged,Uncommon,Unit,,Calm,4,3,Mount Targon,"When I move, draw 1.",“Finding lost stellacorns is easy! It’s catching them that’s the hard part.”,True,False,,https://riftbound.gg/cards/sfd-048-p-stellacorn-herder/
SFD-049,Aphelios - Exalted,Spiritforged,Rare,Unit,Champion,Calm,4,4,Aphelios; Mount Targon,"When you attach an Equipment to me, choose one that hasn't been chosen this turn —Ready 2 runes.Channel 1 rune exhausted.Buff a friendly unit.",,False,False,,https://riftbound.gg/cards/sfd-049-aphelios-exalted/
SFD-050,Azir - Ascendant,Spiritforged,Rare,Unit,Champion,Calm,6,6,Bird; Azir; Shurima,"{Calm Rune}: [Action] — Choose a unit you control. Move me to its location and it to my original location. If it's equipped, you may attach one of its Equipment to me. Use only once per turn.","“Challenge Shurima, challenge fate.”",False,False,,https://riftbound.gg/cards/sfd-050-azir-ascendant/
SFD-050A,Azir - Ascendant,Spiritforged,Showcase,Unit,Champion,Calm,6,6,Bird; Azir; Shurima,"{Calm Rune}: [Action] — Choose a unit you control. Move me to its location and it to my original location. If it's equipped, you may attach one of its Equipment to me. Use only once per turn.","“Challenge Shurima, challenge fate.”",False,False,,https://riftbound.gg/cards/sfd-050a-azir-ascendant/
SFD-051,Guardian Angel,Spiritforged,Rare,Gear,,Calm,2,1,Equipment,[Equip] {Calm Rune} ({Calm Rune}: Attach this to a unit you control.),,False,False,,https://riftbound.gg/cards/sfd-051-guardian-angel/
SFD-051-P,Guardian Angel (Spiritforged April 2026 Summoner Skirmish Top 8 Promo),Spiritforged,Rare,Gear,,Calm,2,1,Equipment,[Equip] {Calm Rune} ({Calm Rune}: Attach this to a unit you control.),,True,False,,https://riftbound.gg/cards/sfd-051-p-guardian-angel/
SFD-051-P2,Guardian Angel (Spiritforged April 2026 Summoner Skirmish Champion Promo),Spiritforged,Rare,Gear,,Calm,2,1,Equipment,[Equip] {Calm Rune} ({Calm Rune}: Attach this to a unit you control.),,True,False,,https://riftbound.gg/cards/sfd-051-p2-guardian-angel/
SFD-052,Heart of Dark Ice,Spiritforged,Rare,Gear,,Calm,3,,,{Exhaust}: Give a unit +3 {Might} this turn.,“All will kneel … in time.” —Lissandra,False,False,,https://riftbound.gg/cards/sfd-052-heart-of-dark-ice/
SFD-053,Janna - Savior,Spiritforged,Rare,Unit,Champion,Calm,3,3,Janna; Zaun,"[Reaction] (Play any time, even before spells and abilities resolve, including to a battlefield you control.)
When you play me, heal your units here, then move an enemy unit from here to its base.",“Gale winds unleashed!”,False,False,"[Reaction] (Play any time, even before spells and abilities resolve, including to a battlefield you control.)
When you play me, heal your units here, then move up to one enemy unit from here to its base.",https://riftbound.gg/cards/sfd-053-janna-savior/
SFD-054,Jax - Unmatched,Spiritforged,Rare,Unit,Champion,Calm,5,5,Jax; Icathia,"[Deflect] (Opponents must pay {Any Rune} to choose me with a spell or ability.)
Each Equipment in your hand has [Quick-Draw]. (It gains [Reaction]. When you play it, attach it to a unit you control.)",“Fighting words! My favorite kind.”,False,False,"[Deflect] (Opponents must pay {Any Rune} to choose me with a spell or ability.)
Your Equipment everywhere have [Quick-Draw]. (Each gains [Reaction]. When you play it, attach it to a unit you control.)",https://riftbound.gg/cards/sfd-054-jax-unmatched/
SFD-054A,Jax - Unmatched,Spiritforged,Showcase,Unit,Champion,Calm,5,5,Jax; Icathia,"[Deflect] (Opponents must pay {Any Rune} to choose me with a spell or ability.)
Each Equipment in your hand has [Quick-Draw]. (It gains [Reaction]. When you play it, attach it to a unit you control.)",“Fighting words! My favorite kind.”,False,False,"[Deflect] (Opponents must pay {Any Rune} to choose me with a spell or ability.)
Your Equipment everywhere have [Quick-Draw]. (Each gains [Reaction]. When you play it, attach it to a unit you control.)",https://riftbound.gg/cards/sfd-054a-jax-unmatched/
SFD-055,Needlessly Large Yordle,Spiritforged,Rare,Unit,,Calm,10,5,Yordle; Bandle City,"[Shield 5] (+5 {Might} while I'm a defender.)
[Tank] (I must be assigned combat damage first.)
I cost {2 Energy}{Calm Rune} less for each point you scored from holding this turn.",How did a yordle get so big? You’re welcome to ask him.,False,False,,https://riftbound.gg/cards/sfd-055-needlessly-large-yordle/
SFD-056,Sterak's Gage,Spiritforged,Rare,Gear,,Calm,3,3,Equipment,"[Quick-Draw] (This has [Reaction]. When you play it, attach it to a unit you control.)
[Equip] {Calm Rune} ({Calm Rune}: Attach this to a unit you control.)",Claws for concern.,False,False,,https://riftbound.gg/cards/sfd-056-steraks-gage/
SFD-057,Irelia - Fervent,Spiritforged,Epic,Unit,Champion,Calm,5,4,Irelia; Ionia,"[Deflect] (Opponents must pay {Any Rune} to choose me with a spell or ability.)
When you choose or ready me, give me +1 {Might} this turn.","“Do we want to be safe, or free? The choice is ours.”",False,False,,https://riftbound.gg/cards/sfd-057-irelia-fervent/
SFD-057A,Irelia - Fervent,Spiritforged,Showcase,Unit,Champion,Calm,5,4,Irelia; Ionia,"[Deflect] (Opponents must pay {Any Rune} to choose me with a spell or ability.)
When you choose or ready me, give me +1 {Might} this turn.","“Do we want to be safe, or free? The choice is ours.”",False,False,,https://riftbound.gg/cards/sfd-057a-irelia-fervent/
SFD-058,Ornn - Blacksmith,Spiritforged,Epic,Unit,Champion,Calm,5,5,Ornn; Freljord,"When you play me or when I hold, look at the top 4 cards of your Main Deck. You may reveal a gear from among them and draw it. Then recycle the rest.",“Gods do not need followers. Followers need gods.”,False,False,,https://riftbound.gg/cards/sfd-058-ornn-blacksmith/
SFD-058A,Ornn - Blacksmith,Spiritforged,Showcase,Unit,Champion,Calm,5,5,Ornn; Freljord,"When you play me or when I hold, look at the top 4 cards of your Main Deck. You may reveal a gear from among them and draw it. Then recycle the rest.",“Gods do not need followers. Followers need gods.”,False,False,,https://riftbound.gg/cards/sfd-058a-ornn-blacksmith/
SFD-059,Svellsongur,Spiritforged,Epic,Gear,,Calm,3,,Equipment,"[Equip] {1 Energy}{Calm Rune} ({1 Energy}{Calm Rune}: Attach this to a unit you control.)
As this is attached to a unit, copy that unit's text to this Equipment's effect text for as long as this is attached to it.",“Only the greatest Freljord heroes have weapons made of True Ice!” —Nunu,False,False,,https://riftbound.gg/cards/sfd-059-svellsongur/
SFD-059-P,Svellsongur (Judge Promo),Spiritforged,Epic,Gear,,Calm,3,,Equipment,"[Equip] {1 Energy}{Calm Rune} ({1 Energy}{Calm Rune}: Attach this to a unit you control.)
As this is attached to a unit, copy that unit's text to this Equipment's effect text for as long as this is attached to it.",,True,False,,https://riftbound.gg/cards/sfd-059-p-svellsongur/
SFD-060,Tianna Crownguard,Spiritforged,Epic,Unit,,Calm,7,4,Elite; Demacia,"[Deflect] (Opponents must pay {Any Rune} to choose me with a spell or ability.)
While I'm at a battlefield, opponents can't score points.","“I will stand for my country, my family, and nothing else.”",False,False,"[Deflect] (Opponents must pay {Any Rune} to choose me with a spell or ability.)
While I'm at a battlefield, opponents can't gain points.",https://riftbound.gg/cards/sfd-060-tianna-crownguard/
SFD-061,Aspiring Engineer,Spiritforged,Common,Unit,,Mind,3,3,Piltover,"When you play me, return a gear from your trash to your hand.","“Before you know it, I’ll be running this place.”",False,False,,https://riftbound.gg/cards/sfd-061-aspiring-engineer/
SFD-062,Bubble Bot,Spiritforged,Common,Unit,,Mind,3,3,Mech; Yordle; Bandle City,"When you play me, ready another friendly Mech.","The first Bubble Bot started as a practical joke in the scrapyard, but the Mark II soon replaced the morning wake-up bell.",False,False,,https://riftbound.gg/cards/sfd-062-bubble-bot/
SFD-063,Chemtech Cask,Spiritforged,Common,Gear,,Mind,1,,,"When you play a spell on an opponent's turn, you may exhaust me to play a Gold gear token exhausted.",“Piltover coos over perfumes while Zaun struggles to breathe.” —Renata Glasc,False,False,,https://riftbound.gg/cards/sfd-063-chemtech-cask/
SFD-064,Cloth Armor,Spiritforged,Common,Gear,,Mind,1,,Equipment,"[Quick-Draw] (This has [Reaction]. When you play it, attach it to a unit you control.)
[Equip] {Mind Rune} ({Mind Rune}: Attach this to a unit you control.)",,False,False,,https://riftbound.gg/cards/sfd-064-cloth-armor/
SFD-064-P,Cloth Armor (Spiritforged Nexus Night Promo),Spiritforged,Common,Gear,,Mind,1,,Equipment,"[Quick-Draw] (This has [Reaction]. When you play it, attach it to a unit you control.)
[Equip] {Mind Rune} ({Mind Rune}: Attach this to a unit you control.)",,True,False,,https://riftbound.gg/cards/sfd-064-p-cloth-armor/
SFD-065,Forecaster,Spiritforged,Common,Unit,,Mind,2,2,Mech; Yordle; Bandle City,"Your Mechs have [Vision]. (When you play us, look at the top card of your Main Deck. You may recycle it.)",A good mech pilot has quick reflexes. A great one doesn’t need them.,False,False,,https://riftbound.gg/cards/sfd-065-forecaster/
SFD-066,Frigid Touch,Spiritforged,Common,Spell,,Mind,2,,,"[Reaction] (Play any time, even before spells and abilities resolve.)
[Repeat] {2 Energy} (You may pay the additional cost to repeat this spell's effect.)
Give a unit -2 {Might} this turn.",“Freeze.”,False,False,,https://riftbound.gg/cards/sfd-066-frigid-touch/
SFD-067,Frostcoat Cub,Spiritforged,Common,Unit,,Mind,3,3,Dog; Freljord,"You may pay {Mind Rune} as an additional cost to play me.
When you play me, if you paid the additional cost, give a unit -2 {Might} this turn.","In the Freljord, cuteness is just another survival tactic.",False,False,,https://riftbound.gg/cards/sfd-067-frostcoat-cub/
SFD-067-P,Frostcoat Cub (Spiritforged Nexus Night Promo),Spiritforged,Common,Unit,,Mind,3,3,Dog; Freljord,"You may pay {Mind Rune} as an additional cost to play me.
When you play me, if you paid the additional cost, give a unit -2 {Might} this turn.","In the Freljord, cuteness is just another survival tactic.",True,False,,https://riftbound.gg/cards/sfd-067-p-frostcoat-cub/
SFD-068,Gearhead,Spiritforged,Common,Unit,,Mind,5,3,Zaun,"[Accelerate] (You may pay {1 Energy}{Mind Rune} as an additional cost to have me enter ready.)
Each Equipment attached to me gives double its base Might bonus.",“Some people dream about the future. I’m living it.”,False,False,,https://riftbound.gg/cards/sfd-068-gearhead/
SFD-069,Plundering Poro,Spiritforged,Common,Unit,,Mind,2,2,Poro; Pirate; Bilgewater,"When I conquer, play a Gold gear token exhausted.",Piracy is the universal language.,False,False,,https://riftbound.gg/cards/sfd-069-plundering-poro/
SFD-070,Wages of Pain,Spiritforged,Common,Spell,,Mind,3,,,"[Hidden] (Hide now for {Any Rune} to react with later for {0 Energy}.)
[Action] (Play on your turn or in showdowns.)
Deal 3 to a unit at a battlefield. Play a Gold gear token exhausted.",Smash AND grab.,False,False,,https://riftbound.gg/cards/sfd-070-wages-of-pain/
SFD-071,Breakneck Mech,Spiritforged,Uncommon,Unit,,Mind,8,7,Mech; Yordle; Bandle City,"Your Mechs have [Deflect] and [Ganking]. (Opponents must pay {Any Rune} to choose us with a spell or ability. We can move from battlefield to battlefield.)
I enter ready if you control another Mech.",I enter ready if you control another Mech.,False,False,,https://riftbound.gg/cards/sfd-071-breakneck-mech/
SFD-072,Dropboarder,Spiritforged,Uncommon,Unit,,Mind,4,4,Zaun,"When you play me, if you control two or more gear, ready me.","Piltover prides itself on progress, but the Firelights prove that Zaun is no less inventive.",False,False,,https://riftbound.gg/cards/sfd-072-dropboarder/
SFD-073,Experimental Hexplate,Spiritforged,Uncommon,Gear,,Mind,1,1,Equipment,[Equip] {Mind Rune} ({Mind Rune}: Attach this to a unit you control.),I am a Mech.,False,False,,https://riftbound.gg/cards/sfd-073-experimental-hexplate/
SFD-074,Pickpocket,Spiritforged,Uncommon,Unit,,Mind,3,3,Zaun,"When you play me, you may kill a gear with Energy cost no more than {1 Energy}. If you do, play a Gold gear token exhausted.","“Sticky fingers never linger.”  
—Pickpockets’ motto",False,False,,https://riftbound.gg/cards/sfd-074-pickpocket/
SFD-075,Prize of Progress,Spiritforged,Uncommon,Unit,,Mind,4,3,Mech; Piltover,"When you use an activated ability of a gear, give me +1 {Might} this turn.","In Piltover’s Progress Day parade, even the floats are groundbreaking innovations.",False,False,,https://riftbound.gg/cards/sfd-075-prize-of-progress/
SFD-076,Production Surge,Spiritforged,Uncommon,Spell,,Mind,4,,,"This costs {2 Energy} less if you control a Mech.
Play a 3 {Might} Mech unit token to your base.
Draw 1.","When in doubt, make more mechs.",False,False,,https://riftbound.gg/cards/sfd-076-production-surge/
SFD-076-P,Production Surge (Spiritforged Nexus Night Promo),Spiritforged,Uncommon,Spell,,Mind,4,,,"This costs {2 Energy} less if you control a Mech.
Play a 3 {Might} Mech unit token to your base.
Draw 1.",,True,False,,https://riftbound.gg/cards/sfd-076-p-production-surge/
SFD-077,Rocket Barrage,Spiritforged,Uncommon,Spell,,Mind,4,,,"[Repeat] {4 Energy}{Mind Rune} (You may pay the additional cost to repeat this spell's effect, and may make different choices.)
Choose one —Deal 4 to a unit in a base.Kill a gear.",,False,False,,https://riftbound.gg/cards/sfd-077-rocket-barrage/
SFD-078,Temporal Portal,Spiritforged,Uncommon,Gear,,Mind,3,,,"{Any Rune}, {Exhaust}: Give the next spell you play this turn [Repeat] equal to its cost. (You may pay the additional cost to repeat the spell's effect.)",Those who study history get to choose whether they’ll repeat it.,False,False,,https://riftbound.gg/cards/sfd-078-temporal-portal/
SFD-079,Bard - Mercurial,Spiritforged,Rare,Unit,Champion,Mind,4,4,Bard,"You may exhaust your legend as an additional cost to play me.
When you play me, if you paid the additional cost, move any number of your units to an open battlefield.",(Mysterious chiming noises intensify.),False,False,,https://riftbound.gg/cards/sfd-079-bard-mercurial/
SFD-080,Bellows Breath,Spiritforged,Rare,Spell,,Mind,1,,,"[Action] (Play on your turn or in showdowns.)
[Repeat] {1 Energy}{Mind Rune} (You may pay the additional cost to repeat this spell's effect.)
Deal 1 to up to three units at the same location.",“My work speaks in the roar of flame and the ringing of steel.” —Ornn,False,False,,https://riftbound.gg/cards/sfd-080-bellows-breath/
SFD-081,Card Sharp,Spiritforged,Rare,Unit,,Mind,3,3,Bilgewater,"When you play me, you and each opponent may play a Gold gear token exhausted. For each opponent who did, you play a Gold gear token exhausted.",“Call.”,False,False,,https://riftbound.gg/cards/sfd-081-card-sharp/
SFD-082,Ezreal - Dashing,Spiritforged,Rare,Unit,Champion,Mind,4,3,Ezreal; Piltover,"When I attack or defend, deal damage equal to my Might to an enemy unit here.
I don't deal combat damage.
{Mind Rune}: [Action] — Move me to your base.",“Time for a true display of skill.”,False,False,,https://riftbound.gg/cards/sfd-082-ezreal-dashing/
SFD-082A,Ezreal - Dashing,Spiritforged,Showcase,Unit,Champion,Mind,4,3,Ezreal; Piltover,"When I attack or defend, deal damage equal to my Might to an enemy unit here.
I don't deal combat damage.
{Mind Rune}: [Action] — Move me to your base.",“Time for a true display of skill.”,False,False,,https://riftbound.gg/cards/sfd-082a-ezreal-dashing/
SFD-083,Hextech Anomaly,Spiritforged,Rare,Gear,,Mind,3,,,{Exhaust}: [Reaction] — Pay any amount of {Any Rune} to [Add] that much Energy. (Abilities that add resources can't be reacted to.),“Hextech promises to transform the present. But progress must not come at the future’s expense!” —Heimerdinger,False,False,,https://riftbound.gg/cards/sfd-083-hextech-anomaly/
SFD-084,Jayce - Man of Progress,Spiritforged,Rare,Unit,Champion,Mind,4,4,Jayce; Piltover,"When you play me, you may kill a friendly gear. If you do, you may play a gear with Energy cost no more than {7 Energy} from hand this turn, ignoring its Energy cost. (You must still pay its Power cost.)",“This is what the future looks like.”,False,False,,https://riftbound.gg/cards/sfd-084-jayce-man-of-progress/
SFD-084-P,Jayce - Man of Progress (Evo 2026 Promo),Spiritforged,Rare,Unit,Champion,Mind,4,4,Jayce; Piltover,"When you play me, you may kill a friendly gear. If you do, you may play a gear with Energy cost no more than {7 Energy} from hand this turn, ignoring its Energy cost. (You must still pay its Power cost.)",“This is what the future looks like.”,True,False,,https://riftbound.gg/cards/sfd-084-p-jayce-man-of-progress/
SFD-085,Ornn - Forge God,Spiritforged,Rare,Unit,Champion,Mind,6,4,Ornn; Freljord,"[Deflect 2] (Opponents must pay {Any Rune}{Any Rune} to choose me with a spell or ability.)
[Weaponmaster] (When you play me, you may [Equip] one of your Equipment to me for {Any Rune} less, even if it's already attached.)
I have +1 {Might} for each friendly gear.",,False,False,,https://riftbound.gg/cards/sfd-085-ornn-forge-god/
SFD-085A,Ornn - Forge God,Spiritforged,Showcase,Unit,Champion,Mind,6,4,Ornn; Freljord,"[Deflect 2] (Opponents must pay {Any Rune}{Any Rune} to choose me with a spell or ability.)
[Weaponmaster] (When you play me, you may [Equip] one of your Equipment to me for {Any Rune} less, even if it's already attached.)
I have +1 {Might} for each friendly gear.",,False,False,,https://riftbound.gg/cards/sfd-085a-ornn-forge-god/
SFD-086,World Atlas,Spiritforged,Rare,Gear,,Mind,3,2,Equipment,[Equip] {Mind Rune} ({Mind Rune}: Attach this to a unit you control.),,False,False,,https://riftbound.gg/cards/sfd-086-world-atlas/
SFD-086-P,World Atlas (Spiritforged March 2026 Summoner Skirmish Participation Promo),Spiritforged,Rare,Gear,,Mind,3,2,Equipment,[Equip] {Mind Rune} ({Mind Rune}: Attach this to a unit you control.),,True,False,,https://riftbound.gg/cards/sfd-086-p-world-atlas/
SFD-087,Premonition,Spiritforged,Epic,Spell,,Mind,2,,,"[Reaction] (Play any time, even before spells and abilities resolve.)
Draw 3.","Wisdom through power, power through wisdom.",False,False,,https://riftbound.gg/cards/sfd-087-premonition/
SFD-088,Renata Glasc - Mastermind,Spiritforged,Epic,Unit,Champion,Mind,5,4,Renata Glasc; Zaun,"{1 Energy}{Mind Rune}: Draw 1.
{4 Energy}{Mind Rune}{Mind Rune}{Mind Rune}{Mind Rune}, {Exhaust}: Score 1 point.
Use my abilities only while I'm at a battlefield.",“Progress comes at a price others aren’t willing to pay.”,False,False,,https://riftbound.gg/cards/sfd-088-renata-glasc-mastermind/
SFD-088A,Renata Glasc - Mastermind,Spiritforged,Showcase,Unit,Champion,Mind,5,4,Renata Glasc; Zaun,"{1 Energy}{Mind Rune}: Draw 1.
{4 Energy}{Mind Rune}{Mind Rune}{Mind Rune}{Mind Rune}, {Exhaust}: Score 1 point.
Use my abilities only while I'm at a battlefield.",“Progress comes at a price others aren’t willing to pay.”,False,False,,https://riftbound.gg/cards/sfd-088a-renata-glasc-mastermind/
SFD-089,Rumble - Scrapper,Spiritforged,Epic,Unit,Champion,Mind,5,4,Mech; Yordle; Rumble; Bandle City,"Your Mechs have +1 {Might} (including me).
When I hold, play a 3 {Might} Mech unit token to your base.",“Ever looked up to a yordle?”,False,False,,https://riftbound.gg/cards/sfd-089-rumble-scrapper/
SFD-089A,Rumble - Scrapper,Spiritforged,Showcase,Unit,Champion,Mind,5,4,Mech; Yordle; Rumble; Bandle City,"Your Mechs have +1 {Might} (including me).
When I hold, play a 3 {Might} Mech unit token to your base.",“Ever looked up to a yordle?”,False,False,,https://riftbound.gg/cards/sfd-089a-rumble-scrapper/
SFD-090,The Zero Drive,Spiritforged,Epic,Gear,,Mind,3,2,Equipment,"[Equip] {1 Energy}{Mind Rune} ({1 Energy}{Mind Rune}: Attach this to a unit you control.)
{3 Energy}{Mind Rune}, Banish this: Play all units banished with this, ignoring their costs. (Use only if unattached.)",,False,False,,https://riftbound.gg/cards/sfd-090-the-zero-drive/
SFD-091,Buhru Captain,Spiritforged,Common,Unit,,Body,3,3,Bilgewater,"When you play me, you may draw 1 or buff me. (To buff a unit, give it a +1 {Might} buff if it doesn't already have one.)",“The Buhru knew these waters long before the flotsam of Bilgewater washed up on our shores. We know them still.”,False,False,,https://riftbound.gg/cards/sfd-091-buhru-captain/
SFD-092,Combat Chef,Spiritforged,Common,Unit,,Body,5,5,Demacia,"[Weaponmaster] (When you play me, you may [Equip] one of your Equipment to me for {Any Rune} less, even if it's already attached.)",“The tastiest soup is the one you eat after almost getting your head chopped off.”,False,False,,https://riftbound.gg/cards/sfd-092-combat-chef/
SFD-093,Dauntless Vanguard,Spiritforged,Common,Unit,,Body,4,4,Elite; Demacia,You may play me to an occupied enemy battlefield.,"When the Demacian Elite receive an order, their commander considers the mission complete.",False,False,,https://riftbound.gg/cards/sfd-093-dauntless-vanguard/
SFD-094,Direwing,Spiritforged,Common,Unit,,Body,7,7,Dragon; Demacia,I enter ready if you control another Dragon.,A dragon’s definition of “prey” is all-inclusive.,False,False,,https://riftbound.gg/cards/sfd-094-direwing/
SFD-095,Doran's Blade,Spiritforged,Common,Gear,,Body,2,2,Equipment,[Equip] {Body Rune} ({Body Rune}: Attach this to a unit you control.),“I guess I could … throw it at someone.” —Miss Fortune,False,False,,https://riftbound.gg/cards/sfd-095-dorans-blade/
SFD-095-P,Doran's Blade (Spiritforged Nexus Night Promo),Spiritforged,Common,Gear,,Body,2,2,Equipment,[Equip] {Body Rune} ({Body Rune}: Attach this to a unit you control.),“I guess I could … throw it at someone.” —Miss Fortune,True,False,,https://riftbound.gg/cards/sfd-095-p-dorans-blade/
SFD-096,Laurent Bladekeeper,Spiritforged,Common,Unit,,Body,3,3,Demacia,Ganking (I can move from battlefield to battlefield.),“This old dog has plenty of tricks already.”,False,False,,https://riftbound.gg/cards/sfd-096-laurent-bladekeeper/
SFD-097,Punch First,Spiritforged,Common,Spell,,Body,1,,,"[Action] (Play on your turn or in showdowns.)
Give a unit +5 {Might} this turn.",It’s not for the inquisitive.,False,False,,https://riftbound.gg/cards/sfd-097-punch-first/
SFD-098,Sea Monkey,Spiritforged,Common,Unit,,Body,2,2,Pirate; Bilgewater,"You may pay {1 Energy} as an additional cost to play me.
When you play me, if you paid the additional cost, buff me. (Give me a +1 {Might} buff if I don't already have one.)","“Do, monkey.” —Nilah",False,False,,https://riftbound.gg/cards/sfd-098-sea-monkey/
SFD-098-P,Sea Monkey (Spiritforged Nexus Night Promo),Spiritforged,Common,Unit,,Body,2,2,Bilgewater,"You may pay {1 Energy} as an additional cost to play me.
When you play me, if you paid the additional cost, buff me. (Give me a +1 {Might} buff if I don't already have one.)",,True,False,,https://riftbound.gg/cards/sfd-098-p-sea-monkey/
SFD-099,Veteran Poro,Spiritforged,Common,Unit,,Body,2,2,Poro; Freljord,"[Weaponmaster] (When you play me, you may [Equip] one of your Equipment to me for {Any Rune} less, even if it's already attached.)","“Train hard, little poro, and one day you will be strong.” —Braum",False,False,,https://riftbound.gg/cards/sfd-099-veteran-poro/
SFD-100,Yordle Explorer,Spiritforged,Common,Unit,,Body,4,4,Yordle; Bandle City,"When you play a card with Power cost {Any Rune}{Any Rune} or more, draw 1.",“We can’t stop yet! We’re just getting started!”,False,False,,https://riftbound.gg/cards/sfd-100-yordle-explorer/
SFD-101,Fae Dragon,Spiritforged,Uncommon,Unit,,Body,7,7,Fae; Dragon; Bandle City,"When you play me, buff up to four friendly units. (Give each a +1 {Might} buff if it doesn't have one.)
When you spend a buff, play a Gold gear token exhausted.",The fae who guard the boundary of the spirit realm take their job as seriously as they take anything.,False,False,,https://riftbound.gg/cards/sfd-101-fae-dragon/
SFD-101-P,Fae Dragon (Spiritforged Nexus Night Promo),Spiritforged,Uncommon,Unit,,Body,7,7,Fae; Dragon; Bandle City,"When you play me, buff up to four friendly units. (Give each a +1 {Might} buff if it doesn't have one.)
When you spend a buff, play a Gold gear token exhausted.",,True,False,,https://riftbound.gg/cards/sfd-101-p-fae-dragon/
SFD-102,Hexdrinker,Spiritforged,Uncommon,Gear,,Body,2,1,Equipment,[Equip] {Body Rune} ({Body Rune}: Attach this to a unit you control.),,False,False,,https://riftbound.gg/cards/sfd-102-hexdrinker/
SFD-103,Jaull-Fish,Spiritforged,Uncommon,Unit,,Body,7,6,Bilgewater,"[Accelerate] (You may pay {1 Energy}{Body Rune} as an additional cost to have me enter ready.)
I cost {2 Energy} less for each of your [Mighty] units. (A unit is Mighty while it has 5+ {Might}.)",It’s not hungry. It’s not territorial. It just really hates boats.,False,False,,https://riftbound.gg/cards/sfd-103-jaull-fish/
SFD-104,Petricite Monument,Spiritforged,Uncommon,Gear,,Body,2,,,"[Temporary] (Kill this at the start of its controller's Beginning Phase, before scoring.)
Friendly units have [Deflect]. (Opponents must pay {Any Rune} to choose them with a spell or ability.)",Monuments of magic-absorbing petricite serve both to protect the Kingdom of Demacia and to celebrate it.,False,False,,https://riftbound.gg/cards/sfd-104-petricite-monument/
SFD-105,Ruin Runner,Spiritforged,Uncommon,Unit,,Body,6,5,Shurima,I can't be chosen by enemy spells and abilities.,“Catch me if you can.”,False,False,,https://riftbound.gg/cards/sfd-105-ruin-runner/
SFD-106,Show of Strength,Spiritforged,Uncommon,Spell,,Body,2,,,"[Reaction] (Play any time, even before spells and abilities resolve.)
Draw 1 for each of your [Mighty] units. (A unit is Mighty while it has 5+ {Might}.)",Strength in numbers.,False,False,,https://riftbound.gg/cards/sfd-106-show-of-strength/
SFD-107,Strike Down,Spiritforged,Uncommon,Spell,,Body,3,,,Choose an equipped friendly unit. It deals damage equal to its Might to an enemy unit. Then detach an Equipment from it.,“Is that all it takes?”,False,False,,https://riftbound.gg/cards/sfd-107-strike-down/
SFD-108,Warmog's Armor,Spiritforged,Uncommon,Gear,,Body,1,1,Equipment,[Equip] {Body Rune} ({Body Rune}: Attach this to a unit you control.),"When I conquer, buff me. (If I don’t have a buff, I get a +1🛡 buff.)",False,False,,https://riftbound.gg/cards/sfd-108-warmogs-armor/
SFD-109,Akshan - Mischievous,Spiritforged,Rare,Unit,Champion,Body,4,4,Akshan; Shurima; Sentinel,"[Weaponmaster]
You may pay {Body Rune}{Body Rune} as an additional cost to play me.
When you play me, if you paid the additional cost, move an enemy gear to your base. You control it until I leave the board. If it's an Equipment, attach it to me.",,False,False,,https://riftbound.gg/cards/sfd-109-akshan-mischievous/
SFD-110,Fiora - Peerless,Spiritforged,Rare,Unit,Champion,Body,3,3,Fiora; Demacia,"When I attack or defend one on one, double my Might this combat.",“I have no equal.”,False,False,,https://riftbound.gg/cards/sfd-110-fiora-peerless/
SFD-110A,Fiora - Peerless,Spiritforged,Showcase,Unit,Champion,Body,3,3,Fiora; Demacia,"When I attack or defend one on one, double my Might this combat.",“I have no equal.”,False,False,,https://riftbound.gg/cards/sfd-110a-fiora-peerless/
SFD-111,Here to Help,Spiritforged,Rare,Spell,,Body,2,,,"[Hidden] (Hide now for {Any Rune} to react with later for {0 Energy}.)
[Action] (Play on your turn or in showdowns.)
You may play a unit from hand to a battlefield you control, reducing its cost by {3 Energy}.",,False,False,,https://riftbound.gg/cards/sfd-111-here-to-help/
SFD-112,Kato the Arm,Spiritforged,Rare,Unit,,Body,4,3,Noxus,"[Deflect] (Opponents must pay {Any Rune} to choose me with a spell or ability.)
When I move to a battlefield, give a friendly unit my keywords and +{Might} equal to my Might this turn.",“Let’s give ‘em a good show!”,False,False,"[Deflect] (Opponents must pay {Any Rune} to choose me with a spell or ability.)
When I move to a battlefield, give another friendly unit my keywords and +{Might} equal to my Might this turn.",https://riftbound.gg/cards/sfd-112-kato-the-arm/
SFD-113,Lucian - Merciless,Spiritforged,Rare,Unit,Champion,Body,3,3,Lucian; Demacia; Sentinel,"[Weaponmaster] (When you play me, you may [Equip] one of your Equipment to me for {Any Rune} less, even if it's already attached.)
The first time I conquer each turn, ready me.",“One of us finds peace. One of us walks away.”,False,False,,https://riftbound.gg/cards/sfd-113-lucian-merciless/
SFD-113A,Lucian - Merciless,Spiritforged,Showcase,Unit,Champion,Body,3,3,Lucian; Demacia; Sentinel,"[Weaponmaster] (When you play me, you may [Equip] one of your Equipment to me for {Any Rune} less, even if it's already attached.)
The first time I conquer each turn, ready me.",“One of us finds peace. One of us walks away.”,False,False,,https://riftbound.gg/cards/sfd-113a-lucian-merciless/
SFD-114,Marching Orders,Spiritforged,Rare,Spell,,Body,3,,,"[Action] (Play on your turn or in showdowns.)
[Repeat] {3 Energy} (You may pay the additional cost to repeat this spell's effect.)
Choose a friendly unit anywhere and an enemy unit at a battlefield. They deal damage equal to their Mights to each other.",,False,False,,https://riftbound.gg/cards/sfd-114-marching-orders/
SFD-115,Trinity Force,Spiritforged,Rare,Gear,,Body,4,2,Equipment,[Equip] {Body Rune} ({Body Rune}: Attach this to a unit you control.),,False,False,,https://riftbound.gg/cards/sfd-115-trinity-force/
SFD-116,Yone - Blademaster,Spiritforged,Rare,Unit,Champion,Body,5,5,Yone; Ionia; Demon,"[Weaponmaster] (When you play me, you may [Equip] one of your Equipment to me for {Any Rune} less, even if it's already attached.)
When I conquer an open battlefield, deal damage equal to my Might to an enemy unit in a base.",,False,False,"[Weaponmaster] (When you play me, you may [Equip] one of your Equipment to me for {Any Rune} less, even if it's already attached.)
When I conquer a battlefield that was uncontrolled, deal damage equal to my Might to an enemy unit in a base.",https://riftbound.gg/cards/sfd-116-yone-blademaster/
SFD-116-P,Yone - Blademaster (Pre-Rift Promo),Spiritforged,Rare,Unit,Champion,Body,5,5,Yone; Ionia; Demon,"[Weaponmaster] (When you play me, you may [Equip] one of your Equipment to me for {Any Rune} less, even if it's already attached.)
When I conquer an open battlefield, deal damage equal to my Might to an enemy unit in a base.",,True,False,"[Weaponmaster] (When you play me, you may [Equip] one of your Equipment to me for {Any Rune} less, even if it's already attached.)
When I conquer a battlefield that was uncontrolled, deal damage equal to my Might to an enemy unit in a base.",https://riftbound.gg/cards/sfd-116-yone-blademaster-pre-rift-promo/
SFD-117,Ancient Henge,Spiritforged,Epic,Gear,,Body,2,,,{Exhaust}: [Reaction] — Pay any amount of Energy to [Add] that much {Any Rune}. (Abilities that add resources can't be reacted to.),"“It’s not enough to protect a pile of ice and stone. We must protect each other, and build a community on the foundations our ancestors left us.” —Ashe",False,False,,https://riftbound.gg/cards/sfd-117-ancient-henge/
SFD-118,Boneshiver,Spiritforged,Epic,Gear,,Body,3,2,Equipment,[Equip] {1 Energy}{Body Rune} ({1 Energy}{Body Rune}: Attach this to a unit you control.),,False,False,,https://riftbound.gg/cards/sfd-118-boneshiver/
SFD-118a-P,Boneshiver (Regional Qualifier Bologna Participation Promo),Spiritforged,Epic,Gear,,Body,3,2,Equipment,[Equip] {1 Energy}{Body Rune} ({1 Energy}{Body Rune}: Attach this to a unit you control.),,True,False,,https://riftbound.gg/cards/sfd-118a-p-boneshiver/
SFD-119,Jax - Unrelenting,Spiritforged,Epic,Unit,Champion,Body,4,3,Jax; Icathia,"[Weaponmaster] (When you play me, you may [Equip] one of your Equipment to me for {Any Rune} less, even if it's already attached.)
When you attach an Equipment to me, you may pay {1 Energy} to draw 1.",,False,False,,https://riftbound.gg/cards/sfd-119-jax-unrelenting/
SFD-119A,Jax - Unrelenting,Spiritforged,Showcase,Unit,Champion,Body,4,3,Jax; Icathia,"[Weaponmaster] (When you play me, you may [Equip] one of your Equipment to me for {Any Rune} less, even if it's already attached.)
When you attach an Equipment to me, you may pay {1 Energy} to draw 1.",,False,False,,https://riftbound.gg/cards/sfd-119a-jax-unrelenting/
SFD-120,Sivir - Ambitious,Spiritforged,Epic,Unit,Champion,Body,6,7,Sivir; Shurima,"[Deflect 2] (Opponents must pay {Any Rune}{Any Rune} to choose me with a spell or Ability.)
When I conquer after an attack, if you assigned 5 or more excess damage to enemy units, you may deal that much to an enemy unit.",“Honor is the rust on a dull blade.”,False,False,,https://riftbound.gg/cards/sfd-120-sivir-ambitious/
SFD-120A,Sivir - Ambitious,Spiritforged,Showcase,Unit,Champion,Body,6,7,Sivir; Shurima,"[Deflect 2] (Opponents must pay {Any Rune}{Any Rune} to choose me with a spell or Ability.)
When I conquer after an attack, if you assigned 5 or more excess damage to enemy units, you may deal that much to an enemy unit.",“Honor is the rust on a dull blade.”,False,False,,https://riftbound.gg/cards/sfd-120a-sivir-ambitious/
SFD-121,Black Market Broker,Spiritforged,Common,Unit,,Chaos,3,3,Zaun,"When you play a card from face down, play a Gold gear token exhausted.",“Top of the line. Never used. And no pesky licenses to worry about.”,False,False,,https://riftbound.gg/cards/sfd-121-black-market-broker/
SFD-122,Called Shot,Spiritforged,Common,Spell,,Chaos,,,,"[Action] (Play on your turn or in showdowns.)
[Repeat] {Chaos Rune} (You may pay the additional cost to repeat this spell's effect.)
Look at the top 2 cards of your Main Deck. Draw one and recycle the other.",,False,True,,https://riftbound.gg/cards/sfd-122-called-shot/
SFD-123,Corrupt Enforcer,Spiritforged,Common,Unit,,Chaos,3,4,Piltover,"When I move to a battlefield, discard 1.
When I win a combat, draw 1.","In his eyes, the law binds but does not protect.",False,False,,https://riftbound.gg/cards/sfd-123-corrupt-enforcer/
SFD-124,Doran's Ring,Spiritforged,Common,Gear,,Chaos,1,1,Equipment,[Equip] {Chaos Rune} ({Chaos Rune}: Attach this to a unit you control.),,False,False,,https://riftbound.gg/cards/sfd-124-dorans-ring/
SFD-124-P,Doran's Ring (Spiritforged Nexus Night Promo),Spiritforged,Common,Gear,,Chaos,1,1,Equipment,[Equip] {Chaos Rune} ({Chaos Rune}: Attach this to a unit you control.),,True,False,,https://riftbound.gg/cards/sfd-124-p-dorans-ring/
SFD-125,Fae Porter,Spiritforged,Common,Unit,,Chaos,4,4,Fae; Ionia,"When I move to a battlefield, you may pay {Chaos Rune} to move a unit you control to the same battlefield.",A surprisingly soft landing.,False,False,,https://riftbound.gg/cards/sfd-125-fae-porter/
SFD-126,Loyal Pup,Spiritforged,Common,Unit,,Chaos,3,3,Dog; Bandle City,"When you defend at a battlefield, you may move me there.",“Arf!”,False,False,,https://riftbound.gg/cards/sfd-126-loyal-pup/
SFD-127,Master Bingwen,Spiritforged,Common,Unit,,Chaos,6,6,Ionia,"[Weaponmaster] (When you play me, you may [Equip] one of your Equipment to me for {Any Rune} less, even if it's already attached.)","“Perceive your own weakness, before your opponent does.”",False,False,,https://riftbound.gg/cards/sfd-127-master-bingwen/
SFD-128,Overzealous Fan,Spiritforged,Common,Unit,,Chaos,2,2,Noxus,"When I defend, you may kill me to move an attacking unit to its base.",“Like Draven says ... Hit ‘em where it hurts!”,False,False,,https://riftbound.gg/cards/sfd-128-overzealous-fan/
SFD-129,Temptation,Spiritforged,Common,Spell,,Chaos,2,,,"[Repeat] {2 Energy} (You may pay the additional cost to repeat this spell's effect.)
Move an enemy unit to a location where there's a unit with the same controller.",Seems legit.,False,False,,https://riftbound.gg/cards/sfd-129-temptation/
SFD-130,Treasure Hunter,Spiritforged,Common,Unit,,Chaos,2,1,Shurima,"When I move, play a Gold gear token exhausted.",“I’m sure they won’t miss it.”,False,False,,https://riftbound.gg/cards/sfd-130-treasure-hunter/
SFD-130-P,Treasure Hunter (Spiritforged Nexus Night Promo),Spiritforged,Common,Unit,,Chaos,2,1,Shurima,"When I move, play a Gold gear token exhausted.",“I’m sure they won’t miss it.”,True,False,,https://riftbound.gg/cards/sfd-130-p-treasure-hunter/
SFD-131,Ancient Warmonger,Spiritforged,Uncommon,Unit,,Chaos,5,4,Spirit; Noxus,"[Accelerate] (You may pay {1 Energy}{Chaos Rune} as an additional cost to have me enter ready.)
I have [Assault] equal to the number of enemy units here. (+1 {Might} while I'm an attacker for each instance of Assault.)",,False,False,,https://riftbound.gg/cards/sfd-131-ancient-warmonger/
SFD-132,Beast Below,Spiritforged,Uncommon,Unit,,Chaos,7,8,Bilgewater,"When you play me, return another friendly unit and an enemy unit to their owners' hands.",Terror knows no allegiance.,False,False,,https://riftbound.gg/cards/sfd-132-beast-below/
SFD-133,Boots of Swiftness,Spiritforged,Uncommon,Gear,,Chaos,3,2,Equipment,[Equip] {Chaos Rune} ({Chaos Rune}: Attach this to a unit you control.),,False,False,,https://riftbound.gg/cards/sfd-133-boots-of-swiftness/
SFD-134,Cull,Spiritforged,Uncommon,Gear,,Chaos,1,1,Equipment,[Equip] {Chaos Rune} ({Chaos Rune}: Attach this to a unit you control.),,False,False,,https://riftbound.gg/cards/sfd-134-cull/
SFD-135,Factory Recall,Spiritforged,Uncommon,Spell,,Chaos,1,,,"[Action] (Play on your turn or in showdowns.)
Return a gear to its owner's hand.",“NO REFUNDS!”,False,False,,https://riftbound.gg/cards/sfd-135-factory-recall/
SFD-136,Hard Bargain,Spiritforged,Uncommon,Spell,,Chaos,2,,,"[Reaction] (Play any time, even before spells and abilities resolve.)
[Repeat] {2 Energy} (You may pay the additional cost to repeat this spell's effect.)
Counter a spell unless its controller pays {2 Energy}.",,False,False,,https://riftbound.gg/cards/sfd-136-hard-bargain/
SFD-137,Harpoon Squad,Spiritforged,Uncommon,Unit,,Chaos,4,4,Pirate; Bilgewater,"When I move from a battlefield, give me +2 {Might} this turn.",No room for fear on the boat.,False,False,,https://riftbound.gg/cards/sfd-137-harpoon-squad/
SFD-137-P,Harpoon Squad (Spiritforged Nexus Night Promo),Spiritforged,Uncommon,Unit,,Chaos,4,4,Pirate; Bilgewater,"When I move from a battlefield, give me +2 {Might} this turn.",,True,False,,https://riftbound.gg/cards/sfd-137-p-harpoon-squad/
SFD-138,Windsinger,Spiritforged,Uncommon,Unit,,Chaos,2,1,Ionia,"Hidden (Hide now for {Any Rune} to react with later for {0 Energy}.)
When you play me, you may return another unit at a battlefield with 3 {Might} or less to its owner's hand.",She never sticks around for encores.,False,False,,https://riftbound.gg/cards/sfd-138-windsinger/
SFD-139,Edge of Night,Spiritforged,Rare,Gear,,Chaos,3,2,Equipment,"[Hidden] (Hide now for {Any Rune} to react with later for {0 Energy}.)
When you play this from face down, attach it to a unit you control here.
[Equip] {Chaos Rune} ({Chaos Rune}: Attach this to a unit you control.)",Every shadow an ally.,False,False,"[Hidden] (Hide now for {Any Rune} to react with later for {0 Energy}.)
When you play this from face down, attach it to a unit you control (here).
[Equip] {Chaos Rune} ({Chaos Rune}: Attach this to a unit you control.)",https://riftbound.gg/cards/sfd-139-edge-of-night/
SFD-139-P,Edge of Night (Spiritforged March 2026 Summoner Skirmish Top 8 Promo),Spiritforged,Rare,Gear,,Chaos,3,2,Equipment,"[Hidden] (Hide now for {Any Rune} to react with later for {0 Energy}.)
When you play this from face down, attach it to a unit you control here.
[Equip] {Chaos Rune} ({Chaos Rune}: Attach this to a unit you control.)",,True,False,"[Hidden] (Hide now for {Any Rune} to react with later for {0 Energy}.)
When you play this from face down, attach it to a unit you control (here).
[Equip] {Chaos Rune} ({Chaos Rune}: Attach this to a unit you control.)",https://riftbound.gg/cards/sfd-139-p-edge-of-night/
SFD-139-P2,Edge of Night (Spiritforged March 2026 Summoner Skirmish Champion Promo),Spiritforged,Rare,Gear,,Chaos,3,2,Equipment,"[Hidden] (Hide now for {Any Rune} to react with later for {0 Energy}.)
When you play this from face down, attach it to a unit you control here.
[Equip] {Chaos Rune} ({Chaos Rune}: Attach this to a unit you control.)",,True,False,"[Hidden] (Hide now for {Any Rune} to react with later for {0 Energy}.)
When you play this from face down, attach it to a unit you control (here).
[Equip] {Chaos Rune} ({Chaos Rune}: Attach this to a unit you control.)",https://riftbound.gg/cards/sfd-139-p2-edge-of-night/
SFD-140,Fizz - Trickster,Spiritforged,Rare,Unit,Champion,Chaos,3,3,Yordle; Fizz; Bilgewater,"When you play me, you may play a spell from your trash with Energy cost no more than {3 Energy}, ignoring its Energy cost. Recycle that spell after you play it. (You must still pay its Power cost.)",“One jump ahead of you.”,False,False,,https://riftbound.gg/cards/sfd-140-fizz-trickster/
SFD-141,Irelia - Graceful,Spiritforged,Rare,Unit,Champion,Chaos,4,4,Irelia; Ionia,Your spells that choose me cost {1 Energy} or {Any Rune} less.,“None can do what I do; so I will do it.”,False,False,,https://riftbound.gg/cards/sfd-141-irelia-graceful/
SFD-141A,Irelia - Graceful,Spiritforged,Showcase,Unit,Champion,Chaos,4,4,Irelia; Ionia,Your spells that choose me cost {1 Energy} or {Any Rune} less.,“None can do what I do; so I will do it.”,False,False,,https://riftbound.gg/cards/sfd-141a-irelia-graceful/
SFD-142,Jae Medarda,Spiritforged,Rare,Unit,,Chaos,5,5,Noxus,"When you choose me with a spell, draw 1.","A scion of the militant Medarda family, Jae seeks enchanted treasure rather than power or glory.",False,False,,https://riftbound.gg/cards/sfd-142-jae-medarda/
SFD-143,Sivir - Mercenary,Spiritforged,Rare,Unit,Champion,Chaos,4,4,Sivir; Shurima,"[Accelerate] (You may pay {1 Energy}{Chaos Rune} as an additional cost to have me enter ready.)
If you've spent at least {Any Rune}{Any Rune} this turn, I have +2 {Might} and [Ganking]. (I can move from battlefield to battlefield.)",,False,False,,https://riftbound.gg/cards/sfd-143-sivir-mercenary/
SFD-143A,Sivir - Mercenary,Spiritforged,Showcase,Unit,Champion,Chaos,4,4,Sivir; Shurima,"[Accelerate] (You may pay {1 Energy}{Chaos Rune} as an additional cost to have me enter ready.)
If you've spent at least {Any Rune}{Any Rune} this turn, I have +2 {Might} and [Ganking]. (I can move from battlefield to battlefield.)",,False,False,,https://riftbound.gg/cards/sfd-143a-sivir-mercenary/
SFD-144,Spirit Wheel,Spiritforged,Rare,Gear,,Chaos,2,,,"When you choose a friendly unit, you may pay {1 Energy} and exhaust this to draw 1.",Never broken.,False,False,,https://riftbound.gg/cards/sfd-144-spirit-wheel/
SFD-145,Switcheroo,Spiritforged,Rare,Spell,,Chaos,2,,,"[Hidden] (Hide now for {Any Rune} to react with later for {0 Energy}.)
[Action] (Play on your turn or in showdowns.)
Swap the Might of two units at the same battlefield this turn.",Always look out for the little guy.,False,False,,https://riftbound.gg/cards/sfd-145-switcheroo/
SFD-146,Vex - Cheerless,Spiritforged,Rare,Unit,Champion,Chaos,5,5,Yordle; Vex; Shadow Isles,"While I'm in combat, friendly spells cost {1 Energy}{Any Rune} less to a minimum of {1 Energy}, and enemy spells cost {1 Energy}{Any Rune} more.",“Let’s turn these smiles upside down.”,False,False,,https://riftbound.gg/cards/sfd-146-vex-cheerless/
SFD-147,Downwell,Spiritforged,Epic,Spell,,Chaos,8,,,Return all units and gear to their owners' hands.,Sunk costs have a very painful definition in Bilgewater Bay.,False,False,,https://riftbound.gg/cards/sfd-147-downwell/
SFD-148,Draven - Audacious,Spiritforged,Epic,Unit,Champion,Chaos,6,6,Draven; Noxus,"[Deflect] (Opponents must pay {Any Rune} to choose me with a spell or ability.)
The first time I win a combat each turn, you score 1 point.
When I die in combat, choose an opponent. They score 1 point.",,False,False,,https://riftbound.gg/cards/sfd-148-draven-audacious/
SFD-148A,Draven - Audacious,Spiritforged,Showcase,Unit,Champion,Chaos,6,6,Draven; Noxus,"[Deflect] (Opponents must pay {Any Rune} to choose me with a spell or ability.)
The first time I win a combat each turn, you score 1 point.
When I die in combat, choose an opponent. They score 1 point.",,False,False,,https://riftbound.gg/cards/sfd-148a-draven-audacious/
SFD-149,Ezreal - Prodigy,Spiritforged,Epic,Unit,Champion,Chaos,3,3,Ezreal; Piltover,"When you play me, discard 1, then draw 2.
Optional additional costs you pay cost {1 Energy} or {Any Rune} less.",“Who needs a map?”,False,False,,https://riftbound.gg/cards/sfd-149-ezreal-prodigy/
SFD-149A,Ezreal - Prodigy,Spiritforged,Showcase,Unit,Champion,Chaos,3,3,Ezreal; Piltover,"When you play me, discard 1, then draw 2.
Optional additional costs you pay cost {1 Energy} or {Any Rune} less.",“Who needs a map?”,False,False,,https://riftbound.gg/cards/sfd-149a-ezreal-prodigy/
SFD-150,Last Rites,Spiritforged,Epic,Gear,,Chaos,3,2,Equipment,"[Equip] — {Chaos Rune}, Recycle 2 cards from your trash (Pay the cost: Attach this to a unit you control.)",,False,False,,https://riftbound.gg/cards/sfd-150-last-rites/
SFD-151,Bonds of Strength,Spiritforged,Common,Spell,,Order,2,,,"[Reaction] (Play any time, even before spells and abilities resolve.)
[Repeat] {2 Energy} (You may pay the additional cost to repeat this spell's effect.)
Give two friendly units each +1 {Might} this turn.",A vow is stronger than the words that make it.,False,False,,https://riftbound.gg/cards/sfd-151-bonds-of-strength/
SFD-152,Eminent Benefactor,Spiritforged,Common,Unit,,Order,6,5,Piltover,"When I hold, play two Gold gear tokens exhausted.",Few things are more costly than free money.,False,False,,https://riftbound.gg/cards/sfd-152-eminent-benefactor/
SFD-153,Eye of the Herald,Spiritforged,Common,Gear,,Order,1,,Equipment,[Equip] {Order Rune} ({Order Rune}: Attach this to a unit you control.),,False,False,,https://riftbound.gg/cards/sfd-153-eye-of-the-herald/
SFD-153-P,Eye of the Herald (Spiritforged Nexus Night Promo),Spiritforged,Common,Gear,,Order,1,,Equipment,[Equip] {Order Rune} ({Order Rune}: Attach this to a unit you control.),,True,False,,https://riftbound.gg/cards/sfd-153-p-eye-of-the-herald/
SFD-154,Guards!,Spiritforged,Common,Spell,,Order,3,,,"[Hidden] (Hide now for {Any Rune} to react with later for {0 Energy}.)
Play a 2 {Might} Sand Soldier unit token. You may pay {Order Rune} to ready it.",“My empire lives in every grain of sand.” —Azir,False,False,"[Hidden] (Hide now for {Any Rune} to react with later for {0 Energy}.)
Play a 2 {Might} Sand Soldier unit token. Then do this: You may pay {Order Rune} to ready it.",https://riftbound.gg/cards/sfd-154-guards/
SFD-155,Honest Broker,Spiritforged,Common,Unit,,Order,2,2,Ionia,"[Deathknell] — Play a Gold gear token exhausted. (When I die, get the effect.)","Among criminals, gangsters, and thieves, she trades in the most valuable currency: trust.",False,False,,https://riftbound.gg/cards/sfd-155-honest-broker/
SFD-156,Laurent Duelist,Spiritforged,Common,Unit,,Order,4,3,Demacia,[Assault 2] (+2 {Might} while I'm an attacker.),"“No, my old foil, this isn’t revenge—it’s épéeback.”",False,False,,https://riftbound.gg/cards/sfd-156-laurent-duelist/
SFD-156-P,Laurent Duelist (Spiritforged Nexus Night Promo),Spiritforged,Common,Unit,,Order,4,3,Demacia,[Assault 2] (+2 {Might} while I'm an attacker.),,True,False,,https://riftbound.gg/cards/sfd-156-p-laurent-duelist/
SFD-157,Royal Guard,Spiritforged,Common,Unit,,Order,4,2,Shurima,"When you play me, play a 2 {Might} Sand Soldier unit token here.",A ruler’s true power is in the loyalty they inspire.,False,False,,https://riftbound.gg/cards/sfd-157-royal-guard/
SFD-158,Sandshifter,Spiritforged,Common,Unit,,Order,5,6,Shurima,"When you play me, kill an enemy unit with 3 {Might} or less.",“Recognize your emperor... or the sands will make you.”,False,False,,https://riftbound.gg/cards/sfd-158-sandshifter/
SFD-159,Trusty Ramhound,Spiritforged,Common,Unit,,Order,2,2,Dog; Elite; Demacia,"While you have another unit here, I have +1 {Might}.",It’s always best to have a dog in the fight.,False,False,,https://riftbound.gg/cards/sfd-159-trusty-ramhound/
SFD-160,Zaun Punk,Spiritforged,Common,Unit,,Order,3,3,Zaun,"You may kill a friendly gear as an additional cost to play me.
When you play me, if you paid the additional cost, kill a gear.",The guitar isn’t the only thing he shreds.,False,False,,https://riftbound.gg/cards/sfd-160-zaun-punk/
SFD-161,B.F. Sword,Spiritforged,Uncommon,Gear,,Order,4,3,Equipment,[Equip] {Order Rune} ({Order Rune}: Attach this to a unit you control.),It certainly is big.,False,False,,https://riftbound.gg/cards/sfd-161-bf-sword/
SFD-162,Blood Money,Spiritforged,Uncommon,Spell,,Order,2,,,"[Action] (Play on your turn or in showdowns.)
Kill a unit at a battlefield with 2 {Might} or less. If it was an enemy unit, play a Gold gear token exhausted. If it was a friendly unit, play two Gold gear tokens exhausted.","Even among the unscrupulous, betrayal costs extra.",False,False,,https://riftbound.gg/cards/sfd-162-blood-money/
SFD-163,Deathgrip,Spiritforged,Uncommon,Spell,,Order,2,,,"[Reaction] (Play any time, even before spells and abilities resolve.)
Kill a friendly unit to give +{Might} equal to its Might to another friendly unit this turn. Draw 1.",“Death is my kindness.” —Mordekaiser,False,False,"[Reaction] (Play any time, even before spells and abilities resolve.)
Kill a friendly unit. If you do, give +{Might} equal to its Might to another friendly unit this turn.
Draw 1.",https://riftbound.gg/cards/sfd-163-deathgrip/
SFD-164,Drag Under,Spiritforged,Uncommon,Spell,,Order,5,,,"[Action] (Play on your turn or in showdowns.)
I cost {2 Energy} less to play from anywhere other than your hand.
Kill a unit at a battlefield.","“If we hurry, we can reach the oasis by nightfall.”  
— Common last words",False,False,,https://riftbound.gg/cards/sfd-164-drag-under/
SFD-165,Glasc Mixologist,Spiritforged,Uncommon,Unit,,Order,5,5,Zaun,"[Deathknell] — You may play a unit with cost no more than {3 Energy} and no more than {Any Rune} from your trash, ignoring its cost. (When I die, get the effect.)",“The difference between medicine and poison is the dosage.” — Renata Glasc,False,False,,https://riftbound.gg/cards/sfd-165-glasc-mixologist/
SFD-166,Rally the Troops,Spiritforged,Uncommon,Spell,,Order,2,,,"[Action] (Play on your turn or in showdowns.)
When a friendly unit is played this turn, buff it. (If it doesn't have a buff, it gets a +1 {Might} buff.)
Draw 1.",“DEMACIA!”,False,False,,https://riftbound.gg/cards/sfd-166-rally-the-troops/
SFD-167,Unsung Hero,Spiritforged,Uncommon,Unit,,Order,2,2,Elite; Demacia,"[Deathknell] — If I was [Mighty], draw 2. (When I die, get the effect. I'm Mighty while I have 5+ {Might}.)",She gave everything she had for the cause—even her legacy.,False,False,,https://riftbound.gg/cards/sfd-167-unsung-hero/
SFD-167-P,Unsung Hero (Spiritforged Nexus Night Promo),Spiritforged,Uncommon,Unit,,Order,2,2,Elite; Demacia,"[Deathknell] — If I was [Mighty], draw 2. (When I die, get the effect. I'm Mighty while I have 5+ {Might}.)",She gave everything she had for the cause—even her legacy.,True,False,,https://riftbound.gg/cards/sfd-167-p-unsung-hero/
SFD-168,Vanguard Armory,Spiritforged,Uncommon,Gear,,Order,7,,,{Exhaust}: Play three 1 {Might} Recruit unit tokens. (You may play them to different locations.),It takes more than a sword and shield to make a soldier. But it’s a good start.,False,False,,https://riftbound.gg/cards/sfd-168-vanguard-armory/
SFD-169,Altar of Memories,Spiritforged,Rare,Gear,,Order,2,,,"When a friendly unit dies, you may exhaust me to draw 1, then put a card from your hand on the top or bottom of your Main Deck.",“The spider demands sacrifice.” —Elise,False,False,,https://riftbound.gg/cards/sfd-169-altar-of-memories/
SFD-170,Rek'Sai - Swarm Queen,Spiritforged,Rare,Unit,Champion,Order,5,5,Rek'Sai; The Void,"When I attack, you may reveal the top 2 cards of your Main Deck. You may play one. Then recycle the rest. If the played card is a unit, you may play it here.",“KKRRKRKRKRKKK!”,False,False,"When I attack, you may reveal the top 2 cards of your Main Deck. You may banish one, then play it. If it is a unit, you may play it here. Recycle the rest.",https://riftbound.gg/cards/sfd-170-reksai-swarm-queen/
SFD-170A,Rek'Sai - Swarm Queen,Spiritforged,Showcase,Unit,Champion,Order,5,5,Rek'Sai; The Void,"When I attack, you may reveal the top 2 cards of your Main Deck. You may play one. Then recycle the rest. If the played card is a unit, you may play it here.",“KKRRKRKRRKKRK!”,False,False,"When I attack, you may reveal the top 2 cards of your Main Deck. You may banish one, then play it. If it is a unit, you may play it here. Recycle the rest.",https://riftbound.gg/cards/sfd-170a-reksai-swarm-queen/
SFD-171,Renata Glasc - Industrialist,Spiritforged,Rare,Unit,Champion,Order,4,4,Renata Glasc; Zaun,Your tokens enter ready.,“Nothing’s free. All I ask is your loyalty.”,False,False,,https://riftbound.gg/cards/sfd-171-renata-glasc-industrialist/
SFD-171A,Renata Glasc - Industrialist,Spiritforged,Showcase,Unit,Champion,Order,4,4,Renata Glasc; Zaun,Your tokens enter ready.,“Nothing’s free. All I ask is your loyalty.”,False,False,,https://riftbound.gg/cards/sfd-171a-renata-glasc-industrialist/
SFD-172,Sacred Shears,Spiritforged,Rare,Gear,,Order,2,1,Equipment,[Equip] {Order Rune} ({Order Rune}: Attach this to a unit you control.),,False,False,,https://riftbound.gg/cards/sfd-172-sacred-shears/
SFD-173,Soraka - Wanderer,Spiritforged,Rare,Unit,Champion,Order,4,4,Soraka; Mount Targon,"I must be assigned combat damage last.
If another unit you control here would die, if it has less Might than me, instead heal it, exhaust it, and recall it. (Send it to base. This isn't a move.)",“Never waste a breath.”,False,False,,https://riftbound.gg/cards/sfd-173-soraka-wanderer/
SFD-174,Trove Golem,Spiritforged,Rare,Unit,,Order,8,9,Freljord,"When you play me, play four Gold gear tokens exhausted.",As expensive as it is expansive.,False,False,,https://riftbound.gg/cards/sfd-174-trove-golem/
SFD-175,Undertitan,Spiritforged,Rare,Unit,,Order,6,5,The Void,"When you play me, give your other units +2 {Might} this turn.
As I'm revealed from your deck, [Add] {2 Energy}.","If it stayed under, it would be less of a problem.",False,False,,https://riftbound.gg/cards/sfd-175-undertitan/
SFD-176,Xin Zhao - Vigilant,Spiritforged,Rare,Unit,Champion,Order,3,4,Demacia; Xin Zhao,"[Tank] (I must be assigned combat damage first.)
I enter ready if you have two or more other units in your base.",“A Demacian does not retreat!”,False,False,,https://riftbound.gg/cards/sfd-176-xin-zhao-vigilant/
SFD-177,Azir - Sovereign,Spiritforged,Epic,Unit,Champion,Order,4,4,Bird; Azir; Shurima,"[Accelerate] (You may pay {1 Energy}{Order Rune} as an additional cost to have me enter ready.)
When I attack, you may move any number of your token units to this battlefield.","“You need not follow, but you must witness.”",False,False,,https://riftbound.gg/cards/sfd-177-azir-sovereign/
SFD-177A,Azir - Sovereign,Spiritforged,Showcase,Unit,Champion,Order,4,4,Bird; Azir; Shurima,"[Accelerate] (You may pay {1 Energy}{Order Rune} as an additional cost to have me enter ready.)
When I attack, you may move any number of your token units to this battlefield.","“You need not follow, but you must witness.”",False,False,,https://riftbound.gg/cards/sfd-177a-azir-sovereign/
SFD-178,Blade of the Ruined King,Spiritforged,Epic,Gear,,Order,3,4,Equipment,"[Equip] — {Order Rune}, Kill a friendly unit (Pay the cost: Attach this to a unit you control.)",“You are not the hero of this tale.”,False,False,,https://riftbound.gg/cards/sfd-178-blade-of-the-ruined-king/
SFD-178-P,Blade of the Ruined King (Regional Qualifier Bologna Top 8 Promo),Spiritforged,Epic,Gear,,Order,3,4,Equipment,"[Equip] — {Order Rune}, Kill a friendly unit (Pay the cost: Attach this to a unit you control.)",“You are not the hero of this tale.”,True,False,,https://riftbound.gg/cards/sfd-178-p-blade-of-the-ruined-king/
SFD-178a-P,Blade of the Ruined King (Regional Qualifier Bologna Champion Promo),Spiritforged,Epic,Gear,,Order,3,4,Equipment,"[Equip] — {Order Rune}, Kill a friendly unit (Pay the cost: Attach this to a unit you control.)",“You are not the hero of this tale.”,True,False,,https://riftbound.gg/cards/sfd-178a-p-blade-of-the-ruined-king/
SFD-179,Corina Veraza,Spiritforged,Epic,Unit,,Order,7,6,Zaun,"[Accelerate] (You may pay {1 Energy}{Order Rune} as an additional cost to have me enter ready.)
When I move to a battlefield, play three 1 {Might} Recruit unit tokens here.",“I told them that every achievement had its cost. I didn’t tell them who would pay it.”,False,False,,https://riftbound.gg/cards/sfd-179-corina-veraza/
SFD-180,Fiora - Worthy,Spiritforged,Epic,Unit,Champion,Order,3,3,Fiora; Demacia,"When a unit you control becomes [Mighty], you may pay {Order Rune} to ready it. (A unit is Mighty while it has 5+ {Might}.)",“Strike quickly. Strike deftly.”,False,False,,https://riftbound.gg/cards/sfd-180-fiora-worthy/
SFD-180A,Fiora - Worthy,Spiritforged,Showcase,Unit,Champion,Order,3,3,Fiora; Demacia,"When a unit you control becomes [Mighty], you may pay {Order Rune} to ready it. (A unit is Mighty while it has 5+ {Might}.)",“Strike quickly. Strike deftly.”,False,False,,https://riftbound.gg/cards/sfd-180a-fiora-worthy/
SFD-181,Rumble - Mechanized Menace,Spiritforged,Rare,Legend,,Fury; Mind,,,Rumble,Your Mechs have [Shield]. (+1 {Might} while they're defenders.),,False,False,,https://riftbound.gg/cards/sfd-181-rumble-mechanized-menace/
SFD-182,Danger Zone,Spiritforged,Epic,Spell,Signature,Fury; Mind,1,,Rumble,"[Reaction] (Play any time, even before spells and abilities resolve.)
[Repeat] {1 Energy}{Any Rune} (You may pay the additional cost to repeat this spell's effect.)
Give your Mechs +1 {Might} this turn.",,False,False,,https://riftbound.gg/cards/sfd-182-danger-zone/
SFD-183,Lucian - Purifier,Spiritforged,Rare,Legend,,Fury; Body,,,Lucian,Your Equipment each give [Assault]. (+1 {Might} while equipped unit is an attacker.),,False,False,,https://riftbound.gg/cards/sfd-183-lucian-purifier/
SFD-184,Relentless Pursuit,Spiritforged,Epic,Spell,Signature,Fury; Body,2,,Lucian,"[Action] (Play on your turn or in showdowns.)
Move a friendly unit. You may attach an Equipment with the same controller to it. This turn, that unit has ""When I conquer, you may move me to my base.""",,False,False,"[Action] (Play on your turn or in showdowns.)
Move a friendly unit. You may attach up to one Equipment with the same controller to it. This turn, that unit has ""When I conquer, you may move me to my base.""",https://riftbound.gg/cards/sfd-184-relentless-pursuit/
SFD-185,Draven - Glorious Executioner,Spiritforged,Rare,Legend,,Fury; Chaos,,,Draven,"When you win a combat, draw 1. (You win if only your units remain after combat.)",,False,False,,https://riftbound.gg/cards/sfd-185-draven-glorious-executioner/
SFD-186,Spinning Axe,Spiritforged,Epic,Gear,Signature,Fury; Chaos,2,3,Draven; Equipment,"[Quick-Draw] (This has [Reaction]. When you play it, attach it to a unit you control.)
[Equip] {Any Rune} ({Any Rune}: Attach this to a unit you control.)
[Temporary] (If this is unattached, kill it at the start of its controller's Beginning Phase, before scoring.)","“Got axes, need victims.” —Draven",False,False,,https://riftbound.gg/cards/sfd-186-spinning-axe/
SFD-187,Rek'Sai - Void Burrower,Spiritforged,Rare,Legend,,Fury; Order,,,Rek'Sai,"When you conquer, you may exhaust me to reveal the top 2 cards of your Main Deck. You may play one. Then recycle the rest.",,False,False,"When you conquer, you may exhaust me to reveal the top 2 cards of your Main Deck. You may banish one, then play it. Recycle the rest.",https://riftbound.gg/cards/sfd-187-reksai-void-burrower/
SFD-188,Void Rush,Spiritforged,Epic,Spell,Signature,Fury; Order,2,,Rek'Sai,"Reveal the top 2 cards of your Main Deck. You may play one of them, reducing its cost by {2 Energy}. Draw any you did not play this way.",,False,False,"Reveal the top 2 cards of your Main Deck. You may banish one, then play it, reducing its cost by {2 Energy}. Draw any you didn't banish.",https://riftbound.gg/cards/sfd-188-void-rush/
SFD-189,Ornn - Fire Below the Mountain,Spiritforged,Rare,Legend,,Calm; Mind,,,Ornn,{Exhaust}: [Reaction] — [Add] {Any Rune}. Use only to play gear or use gear abilities. (Abilities that add resources can't be reacted to.),,False,False,,https://riftbound.gg/cards/sfd-189-ornn-fire-below-the-mountain/
SFD-190,Forgefire Cape,Spiritforged,Epic,Gear,Signature,Calm; Mind,4,3,Ornn; Equipment,"[Unique] (Your deck can have only 1 card with this name.)
[Equip] {Any Rune} ({Any Rune}: Attach this to a unit you control.)",,False,False,,https://riftbound.gg/cards/sfd-190-forgefire-cape/
SFD-191,Rabadon's Deathcrown,Spiritforged,Epic,Gear,Signature,Calm; Mind,4,3,Ornn; Equipment,"[Unique] (Your deck can have only 1 card with this name.)
[Equip] {Any Rune} ({Any Rune}: Attach this to a unit you control.)",,False,False,,https://riftbound.gg/cards/sfd-191-rabadons-deathcrown/
SFD-192,Shurelya's Requiem,Spiritforged,Epic,Gear,Signature,Calm; Mind,4,2,Ornn; Equipment,"[Unique] (Your deck can have only 1 card with this name.)
[Equip] {Any Rune} ({Any Rune}: Attach this to a unit you control.)
When you play this, ready your units.",,False,False,,https://riftbound.gg/cards/sfd-192-shurelyas-requiem/
SFD-193,Jax - Grandmaster at Arms,Spiritforged,Rare,Legend,,Calm; Body,,,Jax,"{1 Energy}, {Exhaust}: Attach a detached Equipment you control to a unit you control.
{Exhaust}: Attach an attached Equipment you control to a unit you control.",,False,False,,https://riftbound.gg/cards/sfd-193-jax-grandmaster-at-arms/
SFD-194,Counter Strike,Spiritforged,Epic,Spell,Signature,Calm; Body,2,,Jax,"[Reaction] (Play any time, even before spells and abilities resolve.)
Choose a unit. The next time that unit would be dealt damage this turn, prevent it. Draw 1.",“That all you got?!” – Jax,False,False,,https://riftbound.gg/cards/sfd-194-counter-strike/
SFD-195,Irelia - Blade Dancer,Spiritforged,Rare,Legend,,Calm; Chaos,,,Irelia,"When you choose a friendly unit, you may exhaust me and pay {Any Rune} to ready it.
When you conquer, you may pay {1 Energy} to ready me.",,False,False,,https://riftbound.gg/cards/sfd-195-irelia-blade-dancer/
SFD-195a-P,Irelia - Blade Dancer (Lunar Revel Bundle 2026),Spiritforged,Showcase,Legend,,Calm; Chaos,,,Irelia,"When you choose a friendly unit, you may exhaust me and pay {Any Rune} to ready it.
When you conquer, you may pay {1 Energy} to ready me.",,True,False,,https://riftbound.gg/cards/sfd-195a-p-irelia-blade-dancer/
SFD-196,Defiant Dance,Spiritforged,Epic,Spell,Signature,Calm; Chaos,1,,Irelia,"[Reaction] (Play any time, even before spells and abilities resolve.)
Give a unit +2 {Might} this turn and another unit -2 {Might} this turn.",“I am both the tranquil sea and the tempest.”,False,False,,https://riftbound.gg/cards/sfd-196-defiant-dance/
SFD-197,Azir - Emperor of the Sands,Spiritforged,Rare,Legend,,Calm; Order,,,Azir,"Your Sand Soldiers have [Weaponmaster].
{1 Energy}, {Exhaust}: Play a 2 {Might} Sand Soldier unit token to your base. Use only if you've played an Equipment this turn.",,False,False,,https://riftbound.gg/cards/sfd-197-azir-emperor-of-the-sands/
SFD-198,Arise!,Spiritforged,Epic,Spell,Signature,Calm; Order,6,,Azir,Play a 2 {Might} Sand Soldier unit token for each Equipment you control. Then ready two of them.,“The order is given!” — Azir,False,False,Play a 2 {Might} Sand Soldier unit token for each Equipment you control. Then do this: Ready up to two of them.,https://riftbound.gg/cards/sfd-198-arise/
SFD-199,Ezreal - Prodigal Explorer,Spiritforged,Rare,Legend,,Mind; Chaos,,,Ezreal,{Exhaust}: [Reaction] — Draw 1. Use only if you've chosen enemy units and/or gear twice this turn with spells or unit abilities.,,False,False,,https://riftbound.gg/cards/sfd-199-ezreal-prodigal-explorer/
SFD-200,Arcane Shift,Spiritforged,Epic,Spell,Signature,Mind; Chaos,3,,Ezreal,"[Action] (Play on your turn or in showdowns.)
Banish a friendly unit, then its owner plays it, ignoring its cost. Deal 3 to an enemy unit at a battlefield. Banish this.",“Hah! I can blink and still not miss.” —Ezreal,False,False,,https://riftbound.gg/cards/sfd-200-arcane-shift/
SFD-201,Renata Glasc - Chem-Baroness,Spiritforged,Rare,Legend,,Mind; Order,,,Renata Glasc,"When you or an ally hold, you may exhaust me to play a Gold gear token exhausted.
While your score is within 3 points of the Victory Score, your Gold [ADD] an additional {1 Energy}.",,False,False,,https://riftbound.gg/cards/sfd-201-renata-glasc-chem-baroness/
SFD-202,Hostile Takeover,Spiritforged,Epic,Spell,Signature,Mind; Order,5,,Renata Glasc,"[Hidden] (Hide now for {Any Rune} to react with later for {0 Energy}.)
Take control of an enemy unit at a battlefield. Ready it. (Start a combat if other enemies are there. Otherwise, conquer.)
Lose control of that unit and recall it at end of turn. (Send it to base. This isn't a move.)",,False,False,,https://riftbound.gg/cards/sfd-202-hostile-takeover/
SFD-203,Sivir - Battle Mistress,Spiritforged,Rare,Legend,,Body; Chaos,,,Sivir,"When you recycle a rune, you may exhaust me to play a Gold gear token exhausted.
When one or more enemy units die, ready me.",,False,False,,https://riftbound.gg/cards/sfd-203-sivir-battle-mistress/
SFD-204,On the Hunt,Spiritforged,Epic,Spell,Signature,Body; Chaos,1,,Sivir,Ready your units.,"“Step light, strike hard.” —Sivir",False,False,,https://riftbound.gg/cards/sfd-204-on-the-hunt/
SFD-205,Fiora - Grand Duelist,Spiritforged,Rare,Legend,,Body; Order,,,Fiora,"When one of your units becomes [Mighty], you may exhaust me to channel 1 rune exhausted. (A unit is Mighty while it has 5+ {Might}.)",,False,False,,https://riftbound.gg/cards/sfd-205-fiora-grand-duelist/
SFD-206,Riposte,Spiritforged,Epic,Spell,Signature,Body; Order,2,,Fiora,"[Reaction] (Play any time, even before spells and abilities resolve.)
Choose a friendly unit and a spell. Counter that spell and give that unit +{Might} equal to that spell's Energy cost this turn.",“Too slow!” — Fiora,False,False,,https://riftbound.gg/cards/sfd-206-riposte/
SFD-207,Emperor's Dais,Spiritforged,Uncommon,Battlefield,,Colorless,,,,"When you conquer here, you may pay {1 Energy} and return a unit you control here to its owner's hand. If you do, play a 2 {Might} Sand Soldier unit token here.",,False,False,,https://riftbound.gg/cards/sfd-207-emperors-dais/
SFD-208,Forge of the Fluft,Spiritforged,Uncommon,Battlefield,,Colorless,,,,"While you control this battlefield, friendly legends have ""{Exhaust}: Attach an Equipment you control to a unit you control.""",,False,False,,https://riftbound.gg/cards/sfd-208-forge-of-the-fluft/
SFD-209,Forgotten Monument,Spiritforged,Uncommon,Battlefield,,Colorless,,,,Players can't score here until their third turn.,,False,False,,https://riftbound.gg/cards/sfd-209-forgotten-monument/
SFD-210,Hall of Legends,Spiritforged,Uncommon,Battlefield,,Colorless,,,,"When you conquer here, you may pay {1 Energy} to ready your legend.",,False,False,,https://riftbound.gg/cards/sfd-210-hall-of-legends/
SFD-211,Marai Spire,Spiritforged,Uncommon,Battlefield,,Colorless,,,,"While you control this battlefield, friendly [Repeat] costs cost {1 Energy} less.",,False,False,,https://riftbound.gg/cards/sfd-211-marai-spire/
SFD-212,Minefield,Spiritforged,Uncommon,Battlefield,,Colorless,,,,"When you conquer here, put the top 2 cards of your Main Deck into your trash.",,False,False,,https://riftbound.gg/cards/sfd-212-minefield/
SFD-213,Ornn's Forge,Spiritforged,Uncommon,Battlefield,,Colorless,,,,"While you control this battlefield, the first friendly non-token gear played each turn costs {1 Energy} less.",,False,False,,https://riftbound.gg/cards/sfd-213-ornns-forge/
SFD-214,Power Nexus,Spiritforged,Uncommon,Battlefield,,Colorless,,,,"When you hold here, you may pay {Any Rune}{Any Rune}{Any Rune}{Any Rune} to score 1 point.",,False,False,,https://riftbound.gg/cards/sfd-214-power-nexus/
SFD-215,Ravenbloom Conservatory,Spiritforged,Uncommon,Battlefield,,Colorless,,,,"When you defend here, reveal the top card of your Main Deck. If it's a spell, put it in your hand. Otherwise, recycle it.",,False,False,,https://riftbound.gg/cards/sfd-215-ravenbloom-conservatory/
SFD-216,Rockfall Path,Spiritforged,Uncommon,Battlefield,,Colorless,,,,Units can't be played here.,,False,False,,https://riftbound.gg/cards/sfd-216-rockfall-path/
SFD-217,Seat of Power,Spiritforged,Uncommon,Battlefield,,Colorless,,,,"When you conquer here, draw 1 for each other battlefield you or allies control..",,False,False,,https://riftbound.gg/cards/sfd-217-seat-of-power/
SFD-218,Sunken Temple,Spiritforged,Uncommon,Battlefield,,Colorless,,,,"When you conquer here with one or more [Mighty] units, you may pay {1 Energy} to draw 1. (A unit is Mighty while it has 5+ {Might}.)",,False,False,,https://riftbound.gg/cards/sfd-218-sunken-temple/
SFD-219,The Papertree,Spiritforged,Uncommon,Battlefield,,Colorless,,,,"When you hold here, each player channels 1 rune exhausted.",,False,False,,https://riftbound.gg/cards/sfd-219-the-papertree/
SFD-220,Treasure Hoard,Spiritforged,Uncommon,Battlefield,,Colorless,,,,"When you conquer here, you may pay {1 Energy} to play a Gold gear token exhausted.",,False,False,,https://riftbound.gg/cards/sfd-220-treasure-hoard/
SFD-221,Veiled Temple,Spiritforged,Uncommon,Battlefield,,Colorless,,,,"When you conquer here, you may ready a friendly gear. If it's an Equipment, you may detach it.",,False,False,,https://riftbound.gg/cards/sfd-221-veiled-temple/
SFD-222,Seal of Rage,Spiritforged,Showcase,Gear,,Fury,,,,{Exhaust}: [Reaction] — [Add] {Fury Rune}. (Abilities that add resources can't be reacted to.),,False,False,,https://riftbound.gg/cards/sfd-222-seal-of-rage/
SFD-223,Vayne - Hunter,Spiritforged,Showcase,Unit,Champion,Fury,4,2,Vayne; Demacia; Sentinel,"[Assault 3] (+3 {Might} while I'm an attacker.)
If an opponent controls a battlefield, I enter ready.
When I conquer, you may pay {1 Energy} to return me to my owner's hand.",“Goodbye… for now.”,False,False,,https://riftbound.gg/cards/sfd-223-vayne-hunter/
SFD-223-STAR,Vayne - Hunter,Spiritforged,Showcase,Unit,Champion,Fury,4,2,Vayne; Demacia; Sentinel,"[Assault 3] (+3 {Might} while I'm an attacker.)
If an opponent controls a battlefield, I enter ready.
When I conquer, you may pay {1 Energy} to return me to my owner's hand.",“Goodbye… for now.”,False,False,,https://riftbound.gg/cards/sfd-223-star-vayne-hunter/
SFD-224,Aphelios - Exalted,Spiritforged,Showcase,Unit,Champion,Calm,4,4,Aphelios; Mount Targon,"When you attach an Equipment to me, choose one that hasn't been chosen this turn —Ready 2 runes.Channel 1 rune exhausted.Buff a friendly unit.",,False,False,,https://riftbound.gg/cards/sfd-224-aphelios-exalted/
SFD-224-STAR,Aphelios - Exalted,Spiritforged,Showcase,Unit,Champion,Calm,4,4,Aphelios; Mount Targon,"When you attach an Equipment to me, choose one that hasn't been chosen this turn —Ready 2 runes.Channel 1 rune exhausted.Buff a friendly unit.",,False,False,,https://riftbound.gg/cards/sfd-224-star-aphelios-exalted/
SFD-225,Irelia - Fervent,Spiritforged,Showcase,Unit,Champion,Calm,5,4,Irelia; Ionia,"[Deflect] (Opponents must pay {Any Rune} to choose me with a spell or ability.)
When you choose or ready me, give me +1 {Might} this turn.",“Everyone has a purpose.”,False,False,,https://riftbound.gg/cards/sfd-225-irelia-fervent/
SFD-225-STAR,Irelia - Fervent,Spiritforged,Showcase,Unit,Champion,Calm,5,4,Irelia; Ionia,"[Deflect] (Opponents must pay {Any Rune} to choose me with a spell or ability.)
When you choose or ready me, give me +1 {Might} this turn.",“Everyone has a purpose.”,False,False,,https://riftbound.gg/cards/sfd-225-star-irelia-fervent/
SFD-226,Seal of Focus,Spiritforged,Showcase,Gear,,Calm,,,,{Exhaust}: [Reaction] — [Add] {Calm Rune}. (Abilities that add resources can't be reacted to.),,False,False,,https://riftbound.gg/cards/sfd-226-seal-of-focus/
SFD-227,Ahri - Inquisitive,Spiritforged,Showcase,Unit,Champion,Mind,3,3,Ahri,"When I attack or defend, give an enemy unit here -2 {Might} this turn, to a minimum of 1 {Might}.",“Just remember... to follow the fox.”,False,False,,https://riftbound.gg/cards/sfd-227-ahri-inquisitive/
SFD-227-STAR,Ahri - Inquisitive,Spiritforged,Showcase,Unit,Champion,Mind,3,3,Ahri,"When I attack or defend, give an enemy unit here -2 {Might} this turn, to a minimum of 1 {Might}.",“Just remember… to follow the fox.”,False,False,,https://riftbound.gg/cards/sfd-227-star-ahri-inquisitive/
SFD-228,Bard - Mercurial,Spiritforged,Showcase,Unit,Champion,Mind,4,4,Bard,"You may exhaust your legend as an additional cost to play me.
When you play me, if you paid the additional cost, move any number of your units to an open battlefield.",(Mysterious flower noises intensify.),False,False,,https://riftbound.gg/cards/sfd-228-bard-mercurial/
SFD-228-STAR,Bard - Mercurial,Spiritforged,Showcase,Unit,Champion,Mind,4,4,Bard,"You may exhaust your legend as an additional cost to play me.
When you play me, if you paid the additional cost, move any number of your units to an open battlefield.",(Mysterious flower noises intensify.),False,False,,https://riftbound.gg/cards/sfd-228-star-bard-mercurial/
SFD-229,Seal of Insight,Spiritforged,Showcase,Gear,,Mind,,,,{Exhaust}: [Reaction] — [Add] {Mind Rune}. (Abilities that add resources can't be reacted to.),,False,False,,https://riftbound.gg/cards/sfd-229-seal-of-insight/
SFD-230,Teemo - Strategist,Spiritforged,Showcase,Unit,Champion,Mind,2,2,Yordle; Teemo,"[Hidden] (Hide now for {Any Rune} to react with later for {0 Energy}.)
When I defend or I'm played from [Hidden], reveal the top 5 cards of your Main Deck. Deal 1 to an enemy unit here for each card with [Hidden], then recycle them.",,False,False,"[Hidden] (Hide now for {Any Rune} to react with later for {0 Energy}.)
When I defend, choose an enemy unit here and reveal the top 5 cards of your Main Deck. Deal 1 to that unit for each card with [Hidden] revealed this way, then recycle the revealed cards.",https://riftbound.gg/cards/sfd-230-teemo-strategist/
SFD-230-STAR,Teemo - Strategist,Spiritforged,Showcase,Unit,Champion,Mind,2,2,Yordle; Teemo,"[Hidden] (Hide now for {Any Rune} to react with later for {0 Energy}.)
When I defend or I'm played from [Hidden], reveal the top 5 cards of your Main Deck. Deal 1 to an enemy unit here for each card with [Hidden], then recycle them.",,False,False,"[Hidden] (Hide now for {Any Rune} to react with later for {0 Energy}.)
When I defend, choose an enemy unit here and reveal the top 5 cards of your Main Deck. Deal 1 to that unit for each card with [Hidden] revealed this way, then recycle the revealed cards.",https://riftbound.gg/cards/sfd-230-star-teemo-strategist/
SFD-231,Seal of Strength,Spiritforged,Showcase,Gear,,Body,,,,{Exhaust}: [Reaction] — [Add] {Body Rune}. (Abilities that add resources can't be reacted to.),,False,False,,https://riftbound.gg/cards/sfd-231-seal-of-strength/
SFD-232,Sett - Brawler,Spiritforged,Showcase,Unit,Champion,Body,5,4,Sett,"When I'm played and when I conquer, buff me. (If I don't have a buff, I get a +1 {Might} buff.)
Spend my buff: Give me +4 {Might} this turn.",“Kings or beggars—all the same to me.”,False,False,,https://riftbound.gg/cards/sfd-232-sett-brawler/
SFD-232-STAR,Sett - Brawler,Spiritforged,Showcase,Unit,Champion,Body,5,4,Sett,"When I'm played and when I conquer, buff me. (If I don't have a buff, I get a +1 {Might} buff.)
Spend my buff: Give me +4 {Might} this turn.",“Kings or beggars—all the same to me.”,False,False,,https://riftbound.gg/cards/sfd-232-star-sett-brawler/
SFD-233,Yone - Blademaster,Spiritforged,Showcase,Unit,Champion,Body,5,5,Yone; Ionia; Demon,"[Weaponmaster] (When you play me, you may [Equip] one of your Equipment to me for {Any Rune} less, even if it's already attached.)
When I conquer an open battlefield, deal damage equal to my Might to an enemy unit in a base.",,False,False,"[Weaponmaster] (When you play me, you may [Equip] one of your Equipment to me for {Any Rune} less, even if it's already attached.)
When I conquer a battlefield that was uncontrolled, deal damage equal to my Might to an enemy unit in a base.",https://riftbound.gg/cards/sfd-233-yone-blademaster/
SFD-233-STAR,Yone - Blademaster,Spiritforged,Showcase,Unit,Champion,Body,5,5,Yone; Ionia; Demon,"[Weaponmaster] (When you play me, you may [Equip] one of your Equipment to me for {Any Rune} less, even if it's already attached.)
When I conquer an open battlefield, deal damage equal to my Might to an enemy unit in a base.",,False,False,"[Weaponmaster] (When you play me, you may [Equip] one of your Equipment to me for {Any Rune} less, even if it's already attached.)
When I conquer a battlefield that was uncontrolled, deal damage equal to my Might to an enemy unit in a base.",https://riftbound.gg/cards/sfd-233-star-yone-blademaster/
SFD-234,Seal of Discord,Spiritforged,Showcase,Gear,,Chaos,,,,{Exhaust}: [Reaction] — [Add] {Chaos Rune}. (Abilities that add resources can't be reacted to.),,False,False,,https://riftbound.gg/cards/sfd-234-seal-of-discord/
SFD-235,Yasuo - Windrider,Spiritforged,Showcase,Unit,Champion,Chaos,5,4,Yasuo,"[Ganking] (I can move from battlefield to battlefield.)
The third time I move in a turn, you score 1 point.",“I hope you find the path that brings you joy.”,False,False,,https://riftbound.gg/cards/sfd-235-yasuo-windrider/
SFD-235-STAR,Yasuo - Windrider,Spiritforged,Showcase,Unit,Champion,Chaos,5,4,Yasuo,"[Ganking] (I can move from battlefield to battlefield.)
The third time I move in a turn, you score 1 point.",“I hope you find the path that brings you joy.”,False,False,,https://riftbound.gg/cards/sfd-235-star-yasuo-windrider/
SFD-236,Darius - Executioner,Spiritforged,Showcase,Unit,Champion,Order,6,6,Trifarian; Darius,"[Legion] — When you play me, ready me. (Get the effect if you've played another card this turn)
Other friendly units have +1 {Might} here.","“Even in death, I cannot lay down my axe.”",False,False,,https://riftbound.gg/cards/sfd-236-darius-executioner/
SFD-236-STAR,Darius - Executioner,Spiritforged,Showcase,Unit,Champion,Order,6,6,Trifarian; Darius,"[Legion] — When you play me, ready me. (Get the effect if you've played another card this turn)
Other friendly units have +1 {Might} here.","“Even in death, I cannot lay down my axe.”",False,False,,https://riftbound.gg/cards/sfd-236-star-darius-executioner/
SFD-237,Karma - Channeler,Spiritforged,Showcase,Unit,Champion,Order,6,6,Karma,"[Vision] (When you play me, look at the top card of your Main Deck. You may recycle it.)
When you recycle one or more cards, buff a friendly unit. (If it doesn't have a buff, it gets a +1 {Might} buff. Runes aren't cards.)","""Endings are beginnings with a different face.""",False,False,"[Vision] (When you play me, look at the top card of your Main Deck. You may recycle it.)
When you recycle one or more cards to your Main Deck, buff a friendly unit. (If it doesn't have a buff, it gets a +1 {Might} buff. Runes aren't cards.)",https://riftbound.gg/cards/sfd-237-karma-channeler/
SFD-237-STAR,Karma - Channeler,Spiritforged,Showcase,Unit,Champion,Order,6,6,Karma,"[Vision] (When you play me, look at the top card of your Main Deck. You may recycle it.)
When you recycle one or more cards, buff a friendly unit. (If it doesn't have a buff, it gets a +1 {Might} buff. Runes aren't cards.)","""Endings are beginnings with a different face.""",False,False,"[Vision] (When you play me, look at the top card of your Main Deck. You may recycle it.)
When you recycle one or more cards to your Main Deck, buff a friendly unit. (If it doesn't have a buff, it gets a +1 {Might} buff. Runes aren't cards.)",https://riftbound.gg/cards/sfd-237-star-karma-channeler/
SFD-238,Seal of Unity,Spiritforged,Showcase,Gear,,Order,,,,{Exhaust}: [Reaction] — [Add] {Order Rune}. (Abilities that add resources can't be reacted to.),,False,False,,https://riftbound.gg/cards/sfd-238-seal-of-unity/
SFD-239,Soraka - Wanderer,Spiritforged,Showcase,Unit,Champion,Order,4,4,Soraka; Mount Targon,"I must be assigned combat damage last.
If another unit you control here would die, if it has less Might than me, instead heal it, exhaust it, and recall it. (Send it to base. This isn't a move.)",“Do not let the envy of others rob you of your shine.”,False,False,,https://riftbound.gg/cards/sfd-239-soraka-wanderer/
SFD-239-STAR,Soraka - Wanderer,Spiritforged,Showcase,Unit,Champion,Order,4,4,Soraka; Mount Targon,"I must be assigned combat damage last.
If another unit you control here would die, if it has less Might than me, instead heal it, exhaust it, and recall it. (Send it to base. This isn't a move.)",“Do not let the envy of others rob you of your shine.”,False,False,,https://riftbound.gg/cards/sfd-239-star-soraka-wanderer/
SFD-240,Rumble - Mechanized Menace,Spiritforged,Showcase,Legend,,Fury; Mind,,,Rumble,Your Mechs have [Shield]. (+1 {Might} while they're defenders.),,False,False,,https://riftbound.gg/cards/sfd-240-rumble-mechanized-menace/
SFD-241,Lucian - Purifier,Spiritforged,Showcase,Legend,,Fury; Body,,,Lucian,Your Equipment each give [Assault]. (+1 {Might} while equipped unit is an attacker.),,False,False,,https://riftbound.gg/cards/sfd-241-lucian-purifier/
SFD-242,Draven - Glorious Executioner,Spiritforged,Showcase,Legend,,Fury; Chaos,,,Draven,"When you win a combat, draw 1. (You win if only your units remain after combat.)",,False,False,,https://riftbound.gg/cards/sfd-242-draven-glorious-executioner/
SFD-243,Rek'Sai - Void Burrower,Spiritforged,Showcase,Legend,,Fury; Order,,,Rek'Sai,"When you conquer, you may exhaust me to reveal the top 2 cards of your Main Deck. You may banish one, then play it. Recycle the rest.",,False,False,"When you conquer, you may exhaust me to reveal the top 2 cards of your Main Deck. You may banish one, then play it. Recycle the rest.",https://riftbound.gg/cards/sfd-243-reksai-void-burrower/
SFD-244,Ornn - Fire Below the Mountain,Spiritforged,Showcase,Legend,,Calm; Mind,,,Ornn,{Exhaust}: [Reaction] — [Add] {Any Rune}. Use only to play gear or use gear abilities. (Abilities that add resources can't be reacted to.),,False,False,,https://riftbound.gg/cards/sfd-244-ornn-fire-below-the-mountain/
SFD-245,Jax - Grandmaster at Arms,Spiritforged,Showcase,Legend,,Calm; Body,,,Jax,"{1 Energy}, {Exhaust}: Attach a detached Equipment you control to a unit you control.
{Exhaust}: Attach an attached Equipment you control to a unit you control.",,False,False,,https://riftbound.gg/cards/sfd-245-jax-grandmaster-at-arms/
SFD-246,Irelia - Blade Dancer,Spiritforged,Showcase,Legend,,Calm; Chaos,,,Irelia,"When you choose a friendly unit, you may exhaust me and pay {Any Rune} to ready it.
When you conquer, you may pay {1 Energy} to ready me.",,False,False,,https://riftbound.gg/cards/sfd-246-irelia-blade-dancer/
SFD-247,Azir - Emperor of the Sands,Spiritforged,Showcase,Legend,,Calm; Order,,,Azir,"Sand Soldiers you play have [Weaponmaster]. (When they're played, you may [Equip] one of your Equipment to them for {Any Rune} less.)
{1 Energy}, {Exhaust}: Play a 2 {Might} Sand Soldier unit token to your base. Use only if you've played an Equipment this turn.",,False,False,,https://riftbound.gg/cards/sfd-247-azir-emperor-of-the-sands/
SFD-248,Ezreal - Prodigal Explorer,Spiritforged,Showcase,Legend,,Mind; Chaos,,,Ezreal,{Exhaust}: [Reaction] — Draw 1. Use only if you've chosen enemy units and/or gear twice this turn with spells or unit abilities.,,False,False,,https://riftbound.gg/cards/sfd-248-ezreal-prodigal-explorer/
SFD-249,Renata Glasc - Chem-Baroness,Spiritforged,Showcase,Legend,,Mind; Order,,,Renata Glasc,"When you or an ally hold, you may exhaust me to play a Gold gear token exhausted.
While your score is within 3 points of the Victory Score, your Gold [ADD] an additional {1 Energy}.",,False,False,,https://riftbound.gg/cards/sfd-249-renata-glasc-chem-baroness/
SFD-250,Sivir - Battle Mistress,Spiritforged,Showcase,Legend,,Body; Chaos,,,Sivir,"When you recycle a rune, you may exhaust me to play a Gold gear token exhausted.
When one or more enemy units die, ready me.",,False,False,,https://riftbound.gg/cards/sfd-250-sivir-battle-mistress/
SFD-251,Fiora - Grand Duelist,Spiritforged,Showcase,Legend,,Body; Order,,,Fiora,"When one of your units becomes [Mighty], you may exhaust me to channel 1 rune exhausted. (A unit is Mighty while it has 5+ {Might}.)",,False,False,,https://riftbound.gg/cards/sfd-251-fiora-grand-duelist/
SFD-R01,Fury Rune,Spiritforged,Common,Rune,Basic,Fury,,,,,,False,False,,https://riftbound.gg/cards/sfd-r01-fury-rune/
SFD-R01a,Fury Rune,Spiritforged,Showcase,Rune,Basic,Fury,,,,,,False,False,,https://riftbound.gg/cards/sfd-r01a-fury-rune/
SFD-R01b,Fury Rune (Spiritforged Nexus Night Promo),Spiritforged,Showcase,Rune,Basic,Fury,,,,,,True,False,,https://riftbound.gg/cards/sfd-r01b-fury-rune/
SFD-R02,Calm Rune,Spiritforged,Common,Rune,Basic,Calm,,,,,,False,False,,https://riftbound.gg/cards/sfd-r02-calm-rune/
SFD-R02a,Calm Rune,Spiritforged,Showcase,Rune,Basic,Calm,,,,,,False,False,,https://riftbound.gg/cards/sfd-r02a-calm-rune/
SFD-R02b,Calm Rune (Spiritforged Nexus Night Promo),Spiritforged,Showcase,Rune,Basic,Calm,,,,,,True,False,,https://riftbound.gg/cards/sfd-r02b-calm-rune/
SFD-R03,Mind Rune,Spiritforged,Common,Rune,Basic,Mind,,,,,,False,False,,https://riftbound.gg/cards/sfd-r03-mind-rune/
SFD-R03a,Mind Rune,Spiritforged,Showcase,Rune,Basic,Mind,,,,,,False,False,,https://riftbound.gg/cards/sfd-r03a-mind-rune/
SFD-R03b,Mind Rune (Spiritforged Nexus Night Promo),Spiritforged,Showcase,Rune,Basic,Mind,,,,,,True,False,,https://riftbound.gg/cards/sfd-r03b-mind-rune/
SFD-R04,Body Rune,Spiritforged,Common,Rune,Basic,Body,,,,,,False,False,,https://riftbound.gg/cards/sfd-r04-body-rune/
SFD-R04a,Body Rune,Spiritforged,Showcase,Rune,Basic,Body,,,,,,False,False,,https://riftbound.gg/cards/sfd-r04a-body-rune/
SFD-R04b,Body Rune (Spiritforged Nexus Night Promo),Spiritforged,Showcase,Rune,Basic,Body,,,,,,True,False,,https://riftbound.gg/cards/sfd-r04b-body-rune/
SFD-R05,Chaos Rune,Spiritforged,Common,Rune,Basic,Chaos,,,,,,False,False,,https://riftbound.gg/cards/sfd-r05-chaos-rune/
SFD-R05a,Chaos Rune,Spiritforged,Showcase,Rune,Basic,Chaos,,,,,,False,False,,https://riftbound.gg/cards/sfd-r05a-chaos-rune/
SFD-R05b,Chaos Rune (Spiritforged Nexus Night Promo),Spiritforged,Showcase,Rune,Basic,Chaos,,,,,,True,False,,https://riftbound.gg/cards/sfd-r05b-chaos-rune/
SFD-R06,Order Rune,Spiritforged,Common,Rune,Basic,Order,,,,,,False,False,,https://riftbound.gg/cards/sfd-r06-order-rune/
SFD-R06a,Order Rune,Spiritforged,Showcase,Rune,Basic,Order,,,,,,False,False,,https://riftbound.gg/cards/sfd-r06a-order-rune/
SFD-R06b,Order Rune (Spiritforged Nexus Night Promo),Spiritforged,Showcase,Rune,Basic,Order,,,,,,True,False,,https://riftbound.gg/cards/sfd-r06b-order-rune/
SFD-T01,Mech // Buff,Spiritforged,Common,Unit,Token,Colorless,0,3,Mech,,"Sure, they’re loud, messy, and unreliable. But so are people, when you get down to it.",False,False,,https://riftbound.gg/cards/sfd-t01-mech/
SFD-T01g,Mech // Gold,Spiritforged,Common,Unit,Token,Colorless,0,3,Mech,,"Sure, they’re loud, messy, and unreliable. But so are people, when you get down to it.",False,False,,https://riftbound.gg/cards/sfd-t01g-mech/
SFD-T02,Sand Soldier // Buff,Spiritforged,Common,Unit,Token,Colorless,0,2,Shurima,,They do not rest. They do not hesitate. And they do not yield.,False,False,,https://riftbound.gg/cards/sfd-t02-sand-soldier/
SFD-T03,Gold // Buff,Spiritforged,Common,Gear,Token,Colorless,0,0,,"Kill this, {Exhaust}: [Reaction] — [Add] {Any Rune}. (Abilities that add resources can't be reacted to.)",,False,False,,https://riftbound.gg/cards/sfd-t03-gold/
UNL-001,Arena Kingpin,Unleashed,Common,Unit,,Fury,5,3,Yordle; Noxus,"I enter ready.
{Exhaust}: Give a unit +3 {Might} this turn.",Don’t you dare suggest it’s a hairpiece.,False,False,,https://riftbound.gg/cards/unl-001-arena-kingpin/
UNL-001-P,Arena Kingpin (Unleashed Nexus Night Promo),Unleashed,Common,Unit,,Fury,5,3,Yordle; Noxus,"I enter ready.
{Exhaust}: Give a unit +3 {Might} this turn.",,True,False,,https://riftbound.gg/cards/unl-001-p-arena-kingpin/
UNL-002,Inferna,Unleashed,Common,Unit,,Fury,2,1,Bilgewater,"[Ambush] (You may play me as a [Reaction] to a battlefield where you have units.)
[Assault 2] (+2 {Might} while I'm an attacker.)","“Ironic, isn’t it? Water all around us, but your boat’s still gonna burn.”",False,False,,https://riftbound.gg/cards/unl-002-inferna/
UNL-003,Mischievous Marai,Unleashed,Common,Unit,,Fury,2,2,Bilgewater,"[Hidden] (Hide now for {Any Rune} to react with later for {0 Energy}.)
When you play me to a battlefield, deal 2 to an enemy unit here.","As fickle as the sea, and almost as destructive.",False,False,,https://riftbound.gg/cards/unl-003-mischievous-marai/
UNL-004,Prepared Neophyte,Unleashed,Common,Unit,,Fury,3,1,Shadow Isles,"If you've spent {4 Energy} or more to play a spell this turn, I have +4 {Might}.",Power begets power.,False,False,,https://riftbound.gg/cards/unl-004-prepared-neophyte/
UNL-005,Revna the Lorekeeper,Unleashed,Common,Unit,,Fury,7,7,Freljord,"[Ganking] (I can move from battlefield to battlefield.)
When you play a spell, if you spent {4 Energy} or more, ready me.","“Nothing stops us! Not cold, not death!”",False,False,,https://riftbound.gg/cards/unl-005-revna-the-lorekeeper/
UNL-006,Sharkling,Unleashed,Common,Unit,,Fury,3,1,Bilgewater,"[Accelerate] (You may pay {1 Energy}{Fury Rune} as an additional cost to have me enter ready.)
[Assault 4] (+4 {Might} while I'm an attacker.)","“Don’t worry, it’s only a little one.”  
— Common last words",False,False,,https://riftbound.gg/cards/unl-006-sharkling/
UNL-007,Smite,Unleashed,Common,Spell,,Fury,2,,,"[Action] (Play on your turn or in showdowns.)
Deal 3 to a unit at a battlefield. If it would die this turn, banish it instead.",Timing is everything.,False,False,,https://riftbound.gg/cards/unl-007-smite/
UNL-008,Towering Pairofant,Unleashed,Common,Unit,,Fury,6,6,Shurima,"[Assault] (+1 {Might} while I'm an attacker.)
If a unit died this turn, I enter ready.",A pairofant never forgives.,False,False,,https://riftbound.gg/cards/unl-008-towering-pairofant/
UNL-009,Upstage Comedy,Unleashed,Common,Spell,,Fury,2,,,"[Repeat] {2 Energy} (You may pay the additional cost to repeat this spell's effect.)
Ready a unit.",Art is not always appreciated in its critic’s lifetime.,False,False,,https://riftbound.gg/cards/unl-009-upstage-comedy/
UNL-009-P,Upstage Comedy (Unleashed Nexus Night Promo),Unleashed,Common,Spell,,Fury,2,,,"[Repeat] {2 Energy} (You may pay the additional cost to repeat this spell's effect.)
Ready a unit.",,True,False,,https://riftbound.gg/cards/unl-009-p-upstage-comedy/
UNL-010,Vault Breaker,Unleashed,Common,Spell,,Fury,1,,,"[Action] (Play on your turn or in showdowns.)
Give a unit [Assault 2] and [Ganking] this turn. (+2 {Might} while it's an attacker. It can move from battlefield to battlefield.)","“If you hit a wall, hit it hard!”",False,False,,https://riftbound.gg/cards/unl-010-vault-breaker/
UNL-011,Fresh Beans,Unleashed,Uncommon,Gear,,Fury,2,,,"When you play a unit during a showdown, you may exhaust this to draw 1.",The freshest.,False,False,,https://riftbound.gg/cards/unl-011-fresh-beans/
UNL-012,Lord Broadmane,Unleashed,Uncommon,Unit,,Fury,5,5,Noxus,"[Ambush] (You may play me as a [Reaction] to a battlefield where you have units.)
When you play me, give your other units here [Assault] this turn. (+1 {Might} while they're attackers.)",,False,False,,https://riftbound.gg/cards/unl-012-lord-broadmane/
UNL-013,Lotus Trap,Unleashed,Uncommon,Spell,,Fury,2,,,"[Hidden] (Hide now for {Any Rune} to react with later for {0 Energy}.)
[Reaction] (Play any time, even before spells and abilities resolve.)
Choose a unit. Double all damage that would be dealt to it this turn.",“Art shall blossom from your fear.” —Jhin,False,False,,https://riftbound.gg/cards/unl-013-lotus-trap/
UNL-014,Monster Harpoon,Unleashed,Uncommon,Spell,,Fury,1,,,"[Action] (Play on your turn or in showdowns.)
Deal 2 to a unit at a battlefield. If you control a facedown card, deal 4 to it instead.","“Ready” and “fire” are easy. Aiming, now that’s the hard part.",False,False,,https://riftbound.gg/cards/unl-014-monster-harpoon/
UNL-015,Right of Conquest,Unleashed,Uncommon,Spell,,Fury,3,,,"Draw 1, then draw 1 for each battlefield you or allies control.",You get what you can take.,False,False,,https://riftbound.gg/cards/unl-015-right-of-conquest/
UNL-016,Scorchclaw,Unleashed,Uncommon,Unit,,Fury,3,3,Dog; Noxus,"[Hunt 2] (When I conquer or hold, gain 2 XP.)
[Level 3][>] I have +1 {Might} and enter ready. (While you have 3+ XP, get the effect.)",“Sit. Stay. Burn.”,False,False,,https://riftbound.gg/cards/unl-016-scorchclaw/
UNL-016-P,Scorchclaw (Unleashed Nexus Night Promo),Unleashed,Uncommon,Unit,,Fury,3,3,Dog; Noxus,"[Hunt 2] (When I conquer or hold, gain 2 XP.)
[Level 3][>] I have +1 {Might} and enter ready. (While you have 3+ XP, get the effect.)",,True,False,,https://riftbound.gg/cards/unl-016-p-scorchclaw/
UNL-017,Square Up,Unleashed,Uncommon,Spell,,Fury,4,,,"[Repeat] — Discard 1 (You may pay the additional cost to repeat this spell's effect.)
Give a unit [Assault 4] this turn. (+4 {Might} while it's an attacker.)",Nothing like a good roar to work up an appetite for violence.,False,False,,https://riftbound.gg/cards/unl-017-square-up/
UNL-018,Yeti Brawler,Unleashed,Uncommon,Unit,,Fury,6,6,Noxus,"When I conquer, if you assigned 3 or more excess damage, play two Gold gear tokens exhausted. (They have ""[Reaction][>] Kill this, {Exhaust}: [Add] {Any Rune}."")","If you love your job, it’s hardly work.",False,False,,https://riftbound.gg/cards/unl-018-yeti-brawler/
UNL-019,Blighted Battleaxe,Unleashed,Rare,Gear,,Fury,4,,Equipment,[Equip] {1 Energy}{Fury Rune} ({1 Energy}{Fury Rune}: Attach this to a unit you control.),,False,False,,https://riftbound.gg/cards/unl-019-blighted-battleaxe/
UNL-020,Dancing Grenade,Unleashed,Rare,Spell,,Fury,2,,,"Deal 2 to a unit. Its controller may play this spell again for {Any Rune}. If they do, this deals 1 additional Bonus Damage for each time this spell has dealt damage this turn.","“They’re puppets. I pull their strings, and then they dance.”",False,False,,https://riftbound.gg/cards/unl-020-dancing-grenade/
UNL-021,Grim Apothecary,Unleashed,Rare,Unit,,Fury,3,3,Noxus,"[Ambush] (You may play me as a [Reaction] to a battlefield where you have units.)
When you play me, you may return a friendly unit at a battlefield to its owner's hand.","The cure is better than the disease, but not by much.",False,False,,https://riftbound.gg/cards/unl-021-grim-apothecary/
UNL-022,Jhin - Murderous Artist,Unleashed,Rare,Unit,Champion,Fury,4,4,Jhin; Ionia,"[Deflect] (Opponents must pay {Any Rune} to choose me with a spell or ability.)
[Ganking] (I can move from battlefield to battlefield.)
When I move, [Add] {1 Energy}{Any Rune}. (Abilities that add resources can't be reacted to.)","“And now, the curtain rises.”",False,False,,https://riftbound.gg/cards/unl-022-jhin-murderous-artist/
UNL-022A,Jhin - Murderous Artist,Unleashed,Showcase,Unit,Champion,Fury,4,4,Jhin; Ionia,"[Deflect]
[Ganking]
When I move, [Add] {1 Energy}{Any Rune}.","“And now, the curtain rises.”",False,False,,https://riftbound.gg/cards/unl-022a-jhin-murderous-artist/
UNL-023,Katarina - Reckless,Unleashed,Rare,Unit,Champion,Fury,5,5,Katarina; Noxus,"When you hide a card, ready me.
When you play a card from face down, deal 2 to an enemy unit.",“Keep friends close and enemies guessing.”,False,False,,https://riftbound.gg/cards/unl-023-katarina-reckless/
UNL-024,Rengar - Unseen,Unleashed,Rare,Unit,Champion,Fury,4,4,Cat; Rengar; Ixtal,"[Accelerate] (You may pay {1 Energy}{Fury Rune} as an additional cost to have me enter ready.)
[Assault 2] (+2 {Might} while I'm an attacker.)
[Deflect] (Opponents must pay {Any Rune} to choose me with a spell or ability.)
[Ganking] (I can move from battlefield to battlefield.)",,False,False,,https://riftbound.gg/cards/unl-024-rengar-unseen/
UNL-024A,Rengar - Unseen,Unleashed,Showcase,Unit,Champion,Fury,4,4,Cat; Rengar; Ixtal,"[Accelerate]
[Assault 2]
[Deflect]
[Ganking]",“A true hunter never rests.”,False,False,,https://riftbound.gg/cards/unl-024a-rengar-unseen/
UNL-025,Undying Legion,Unleashed,Rare,Unit,,Fury,3,3,Spirit; Shadow Isles,[Legion][>] You may play me from your trash for {3 Energy}{Fury Rune}. (Get the effect if you've played another card this turn.),"“Choose carefully your oath, lest duty bind you even in death.”",False,False,,https://riftbound.gg/cards/unl-025-undying-legion/
UNL-026,Xerath - Freed,Unleashed,Rare,Unit,Champion,Fury,5,5,Shurima; Xerath,"{Fury Rune}, {Exhaust}: Deal 3 to a unit. Use this ability only while I'm at a battlefield.",“I stand at the brink of infinity.”,False,False,,https://riftbound.gg/cards/unl-026-xerath-freed/
UNL-027,Inviolus Vox,Unleashed,Epic,Unit,,Fury,8,8,Dragon; Mount Targon,"When I conquer, give a friendly unit +8 {Might} this turn.","“Flee him, fight him, or worship him—it matters not! We are but ashes in his flame.”  
—Herald of Dragons",False,False,,https://riftbound.gg/cards/unl-027-inviolus-vox/
UNL-028,Pyke - Dockside Butcher,Unleashed,Epic,Unit,Champion,Fury,3,2,Pyke; Bilgewater,"[Hidden] (Hide now for {Any Rune} to react with later for {0 Energy}.)
[Ganking] (I can move from battlefield to battlefield.)
You may pay {Fury Rune} as an additional cost to play me.
When you play me, if you paid the additional cost, ready me and give me +2 {Might} this turn.",“Hard day’s killin’ ahead.”,False,False,,https://riftbound.gg/cards/unl-028-pyke-dockside-butcher/
UNL-028A,Pyke - Dockside Butcher,Unleashed,Showcase,Unit,Champion,Fury,3,2,Pyke; Bilgewater,"[Hidden]
[Ganking]
You may pay {Fury Rune} as an additional cost to play me.
When you play me, if you paid the additional cost, ready me and give me +2 {Might} this turn.",“Hard day’s killin’ ahead.”,False,False,,https://riftbound.gg/cards/unl-028a-pyke-dockside-butcher/
UNL-029,Red Brambleback,Unleashed,Epic,Unit,,Fury,4,4,Ionia,"[Accelerate] (You may pay {1 Energy}{Fury Rune} as an additional cost to have me enter ready.)
Your conquer effects for conquering here trigger an additional time.
When I conquer, [Buff] a friendly unit. (Give it a +1 {Might} buff if it doesn't have one.)",,False,False,,https://riftbound.gg/cards/unl-029-red-brambleback/
UNL-029A,Red Brambleback,Unleashed,Showcase,Unit,,Fury,4,4,,"[Accelerate]
Your conquer effects for conquering here trigger an additional time.
When I conquer, [Buff] a friendly unit.",“You said the only things in this valley were lizards!”,False,False,,https://riftbound.gg/cards/unl-029a-red-brambleback/
UNL-030,Vi - Hotheaded,Unleashed,Epic,Unit,Champion,Fury,4,3,Vi; Zaun,"[Deflect] (Opponents must pay {Any Rune} to choose me with a spell or ability.)
{2 Energy}{Fury Rune}: Double my Might this turn.",“Plan? I don’t need a plan.”,False,False,,https://riftbound.gg/cards/unl-030-vi-hotheaded/
UNL-030A,Vi - Hotheaded,Unleashed,Showcase,Unit,Champion,Fury,4,3,Vi; Zaun,"[Deflect]
{2 Energy}{Fury Rune}: Double my Might this turn.",“Plan? I don’t need a plan.”,False,False,,https://riftbound.gg/cards/unl-030a-vi-hotheaded/
UNL-031,Combat Experience,Unleashed,Common,Spell,,Calm,1,,,"[Reaction] (Play any time, even before spells and abilities resolve.)
Give a unit +1 {Might} this turn.
[Level 6][>] Give it +3 {Might} this turn instead. (While you have 6+ XP, get the effect.)",,False,False,,https://riftbound.gg/cards/unl-031-combat-experience/
UNL-032,Double Trouble,Unleashed,Common,Spell,,Calm,2,,,"[Repeat] {2 Energy} (You may pay the additional cost to repeat this spell's effect.)
Look at the top 3 cards of your Main Deck. You may reveal a unit from among them and draw it. Recycle the rest.",Two heads pay better than one.,False,False,,https://riftbound.gg/cards/unl-032-double-trouble/
UNL-033,Frisky Hunter,Unleashed,Common,Unit,,Calm,4,3,Cat; Zaun,"When you play me, play a 1 {Might} Bird unit token with [Deflect] here. (Opponents must pay {Any Rune} to choose it with a spell or ability.)",Always following the scent of prey.,False,False,,https://riftbound.gg/cards/unl-033-frisky-hunter/
UNL-034,Herald of Spring,Unleashed,Common,Unit,,Calm,4,4,Ionia,"[Hunt] (When I conquer or hold, gain 1 XP.)
When you play me, gain 2 XP.","“I have a crown, but no throne; many followers, but no subjects. Who am I?” —Ionian riddle",False,False,,https://riftbound.gg/cards/unl-034-herald-of-spring/
UNL-035,Monch,Unleashed,Common,Unit,,Calm,6,6,Bandle City,"If an opponent controls a stunned unit, I cost {2 Energy} less and enter ready.",Just because it doesn't exist doesn't mean it can't hurt you.,False,False,,https://riftbound.gg/cards/unl-035-monch/
UNL-036,Mutated Mouser,Unleashed,Common,Unit,,Calm,2,1,Cat; Bilgewater,"[Shield 2] (+2 {Might} while I'm a defender.)
[Tank] (I must be assigned combat damage first.)",One of the few cats that can scratch its own belly.,False,False,,https://riftbound.gg/cards/unl-036-mutated-mouser/
UNL-036-P,Mutated Mouser (Unleashed Nexus Night Promo),Unleashed,Common,Unit,,Calm,2,1,Cat; Bilgewater,"[Shield 2] (+2 {Might} while I'm a defender.)
[Tank] (I must be assigned combat damage first.)",,True,False,,https://riftbound.gg/cards/unl-036-p-mutated-mouser/
UNL-037,Shadow Watcher,Unleashed,Common,Unit,,Calm,4,5,Ionia,"If a friendly unit died during your Beginning Phase this turn, I enter ready.",It follows in memory’s wake.,False,False,,https://riftbound.gg/cards/unl-037-shadow-watcher/
UNL-038,Skyward Strike,Unleashed,Common,Spell,,Calm,2,,,"Move an enemy unit.
[Level 6][>] [Stun] an enemy unit. (While you have 6+ XP, get the effect. A stunned unit doesn't deal combat damage this turn.)",Take a moment to heel up.,False,False,,https://riftbound.gg/cards/unl-038-skyward-strike/
UNL-039,Soul Sword,Unleashed,Common,Gear,,Calm,1,,Equipment,[Equip] {Calm Rune} ({Calm Rune}: Attach this to a unit you control.),,False,False,,https://riftbound.gg/cards/unl-039-soul-sword/
UNL-039-P,Soul Sword (Unleashed Nexus Night Promo),Unleashed,Common,Gear,,Calm,1,,Equipment,[Equip] {Calm Rune} ({Calm Rune}: Attach this to a unit you control.),,True,False,,https://riftbound.gg/cards/unl-039-p-soul-sword/
UNL-040,Wuju Apprentice,Unleashed,Common,Unit,,Calm,2,2,Ionia,"[Hunt] (When I conquer or hold, gain 1 XP.)
[Level 6][>] When you play me, draw 1. (While you have 6+ XP, get the effect.)",“I’ve learned a great deal during my apprenticeship. Allow me to demonstrate.”,False,False,,https://riftbound.gg/cards/unl-040-wuju-apprentice/
UNL-041,Allay - Eager Admirer,Unleashed,Uncommon,Unit,,Calm,3,3,Yordle; Bandle City,"[Deflect] (Opponents must pay {Any Rune} to choose me with a spell or ability.)
While I'm at a battlefield, your other units here have [Deflect].","“Hey, Vex! Look what I’ve got! It’s a surprise! For you! Aren’t you excited?!”",False,False,,https://riftbound.gg/cards/unl-041-allay-eager-admirer/
UNL-042,Back Off,Unleashed,Uncommon,Spell,,Calm,3,,,"[Hidden] (Hide now for {Any Rune} to react with later for {0 Energy}.)
[Action] (Play on your turn or in showdowns.)
[Stun] a unit. (It doesn't deal combat damage this turn.)
If you played this from your hand, draw 1.",“Ew.” —Vex,False,False,,https://riftbound.gg/cards/unl-042-back-off/
UNL-043,Enthusiastic Promoter,Unleashed,Uncommon,Unit,,Calm,3,2,Yordle; Bandle City,"[Backline] (I must be assigned combat damage last.)
When I hold, [Buff] all units here. (Give each a +1 {Might} buff if it doesn't have one.)","“Step right up and see the Mechanized Menace versus the Midtown Mauler! Mmmm, it’s gonna be good!”",False,False,,https://riftbound.gg/cards/unl-043-enthusiastic-promoter/
UNL-044,Flurry of Feathers,Unleashed,Uncommon,Spell,,Calm,4,,,"[Reaction]
Choose one —Counter a spell.Play four 1 {Might} Bird unit tokens with [Deflect]. (Opponents must pay {Any Rune} to choose them with a spell or ability.)",,False,False,,https://riftbound.gg/cards/unl-044-flurry-of-feathers/
UNL-045,Forgotten Signpost,Unleashed,Uncommon,Gear,,Calm,2,,,"[Action][>] Exhaust a unit you control, {Exhaust}: Move a different unit you control to the location of the unit you exhausted to pay for this ability.","Great City of Demacia — 470  
Immortal Bastion — 2,105  
Bandle City — ????",False,False,,https://riftbound.gg/cards/unl-045-forgotten-signpost/
UNL-046,Friendship,Unleashed,Uncommon,Spell,,Calm,1,,,"[Reaction] (Play any time, even before spells and abilities resolve.)
Choose a unit. Give it +1 {Might} this turn for each of the following tags among your units — Bird, Cat, Dog, and Poro.",There's always time for scritches.,False,False,,https://riftbound.gg/cards/unl-046-friendship/
UNL-047,Mosstomper,Unleashed,Uncommon,Unit,,Calm,3,3,Dog; Ixtal,"[Hunt 2] (When I conquer or hold, gain 2 XP.)
[Level 3][>] I have +1 {Might} and [Deflect]. (While you have 3+ XP, get the effect. Opponents must pay {Any Rune} to choose a [Deflect] unit with a spell or ability.)",Sometimes you gotta stomp some moss.,False,False,,https://riftbound.gg/cards/unl-047-mosstomper/
UNL-047-P,Mosstomper (Unleashed Nexus Night Promo),Unleashed,Uncommon,Unit,,Calm,3,3,Dog; Ixtal,"[Hunt 2] (When I conquer or hold, gain 2 XP.)
[Level 3][>] I have +1 {Might} and [Deflect]. (While you have 3+ XP, get the effect. Opponents must pay {Any Rune} to choose a [Deflect] unit with a spell or ability.)",,True,False,,https://riftbound.gg/cards/unl-047-p-mosstomper/
UNL-048,Trevor Snoozebottom,Unleashed,Uncommon,Unit,,Calm,3,3,Yordle; Ionia,"[Shield] (+1 {Might} while I'm a defender.)
When I hold, play a ready 3 {Might} Sprite unit token with [Temporary] here. (Kill it at the start of its controller's next Beginning Phase, before scoring.)",He's raised sleepwalking to an art form.,False,False,,https://riftbound.gg/cards/unl-048-trevor-snoozebottom/
UNL-049,Honeyfruit,Unleashed,Rare,Gear,,Calm,2,,,"This enters exhausted.
[Reaction][>] {Exhaust}: [Add] {Any Rune}. (Abilities that add resources can't be reacted to.)
[Level 6][>] [>>][Reaction][>] {Exhaust}: [Add] {1 Energy}{Any Rune}. (Use this ability only while you have 6+ XP.)",,False,False,,https://riftbound.gg/cards/unl-049-honeyfruit/
UNL-050,Iascylla,Unleashed,Rare,Unit,,Calm,7,6,Bilgewater,"When I hold, at the start of your next Main Phase, you may move an enemy unit to this battlefield.","Irresistible as a whirlpool, and even more deadly.",False,False,,https://riftbound.gg/cards/unl-050-iascylla/
UNL-051,Ivern - Nurturer,Unleashed,Rare,Unit,Champion,Calm,5,4,Ivern; Ionia,"When you play me or when I hold, look at the top 3 cards of your Main Deck. You may reveal a unit from among them and draw it. Recycle the rest. Then if you revealed a Bird, Cat, Dog, or Poro, do this: [Buff] a friendly unit. (Give it a +1 {Might} buff if it doesn't have one.)",,False,False,,https://riftbound.gg/cards/unl-051-ivern-nurturer/
UNL-051A,Ivern - Nurturer,Unleashed,Showcase,Unit,Champion,Calm,5,4,Ivern; Ionia,"When you play me or when I hold, look at the top 3 cards of your Main Deck. You may reveal a unit from among them and draw it. Recycle the rest. Then if you revealed a Bird, Cat, Dog, or Poro, do this: [Buff] a friendly unit.",,False,False,,https://riftbound.gg/cards/unl-051a-ivern-nurturer/
UNL-052,Nami - Headstrong,Unleashed,Rare,Unit,Champion,Calm,3,3,Mount Targon; Nami,"You may pay {Calm Rune} as an additional cost to play me.
When you play me, if you paid the additional cost, [Stun] an enemy unit. (It doesn't deal combat damage this turn.)
When I hold, the next time you play a unit this turn, ready it and [Buff] it.",,False,False,,https://riftbound.gg/cards/unl-052-nami-headstrong/
UNL-053,Scuttle Crab,Unleashed,Rare,Unit,,Calm,2,,Bilgewater,"(Units with 0 {Might} can conquer and hold.)
When you play me, draw 1.
[Deathknell][>] Choose an opponent. They reveal their hand. You can look at their facedown cards this turn. Gain 1 XP. (When I die, get the effects.)",As harmless as it is delicious.,False,False,,https://riftbound.gg/cards/unl-053-scuttle-crab/
UNL-054,Tricksy Tentacles,Unleashed,Rare,Spell,,Calm,4,,,Move any number of enemy units with the same controller and a total Might of 8 or less to a single location.,Not exactly charming.,False,False,,https://riftbound.gg/cards/unl-054-tricksy-tentacles/
UNL-055,Vex - Mocking,Unleashed,Rare,Unit,Champion,Calm,5,5,Yordle; Vex; Shadow Isles,"[Shield] (+1 {Might} while I'm a defender.)
[Tank] (I must be assigned combat damage first.)
When you [Stun] an enemy unit at a battlefield, you may move me to that battlefield.",“Let’s turn these smiles upside down.”,False,False,,https://riftbound.gg/cards/unl-055-vex-mocking/
UNL-055A,Vex - Mocking,Unleashed,Showcase,Unit,Champion,Calm,5,5,Yordle; Vex; Shadow Isles,"[Shield]
[Tank]
When you [Stun] an enemy unit at a battlefield, you may move me to that battlefield.",“Let’s turn these smiles upside down.”,False,False,,https://riftbound.gg/cards/unl-055a-vex-mocking/
UNL-056,Yuumi - Magical Cat,Unleashed,Rare,Unit,Champion,Calm,3,1,Fae; Cat; Bandle City; Yuumi,"When I attack or defend, give one of your other units here +3 {Might} and [Tank] this turn. (It must be assigned combat damage first.)","“Who’s ready to risk our lives, defeat our foes, and maybe knock over some cups?”",False,False,,https://riftbound.gg/cards/unl-056-yuumi-magical-cat/
UNL-056-P,Yuumi - Magical Cat (Unleashed May 2026 Summoner Skirmish Participation Promo),Unleashed,Rare,Unit,Champion,Calm,3,1,Fae; Cat; Bandle City; Yuumi,,,True,False,,https://riftbound.gg/cards/unl-056-p-yuumi-magical-cat/
UNL-057,Alpha Wildclaw,Unleashed,Epic,Unit,,Calm,6,7,Cat; Freljord,"[Tank] (I must be assigned combat damage first.)
Your units here with less Might than me can't be chosen by enemy spells and abilities.","Best take care of the big one, before it takes care of you.",False,False,,https://riftbound.gg/cards/unl-057-alpha-wildclaw/
UNL-058,Lillia - Protector of Dreams,Unleashed,Epic,Unit,Champion,Calm,5,4,Fae; Lillia; Ionia,"When you play a token unit, give me +1 {Might} this turn.
Your token units have [Tank]. (They must be assigned combat damage first.)",“Nothing cries louder than loneliness.”,False,False,,https://riftbound.gg/cards/unl-058-lillia-protector-of-dreams/
UNL-058-P,Lillia - Protector of Dreams (Unleashed June 2026 Summoner Skirmish Top 8 Promo),Unleashed,Epic,Unit,Champion,Calm,5,4,Fae; Lillia; Ionia,"When you play a token unit, give me +1 {Might} this turn.
Your token units have [Tank]. (They must be assigned combat damage first.)",,True,False,,https://riftbound.gg/cards/unl-058-p-lillia-protector-of-dreams/
UNL-058-P-Champion,Lillia - Protector of Dreams (Unleashed June 2026 Summoner Skirmish Champion Promo),Unleashed,Epic,Unit,Champion,Calm,5,4,Fae; Lillia; Ionia,"When you play a token unit, give me +1 {Might} this turn.
Your token units have [Tank]. (They must be assigned combat damage first.)",,True,False,,https://riftbound.gg/cards/unl-058-p-champion-lillia-protector-of-dreams/
UNL-058A,Lillia - Protector of Dreams,Unleashed,Showcase,Unit,Champion,Calm,5,4,Fae; Lillia; Ionia,"When you play a token unit, give me +1 {Might} this turn.
Your token units have [Tank].",“Nothing cries louder than loneliness.”,False,False,,https://riftbound.gg/cards/unl-058a-lillia-protector-of-dreams/
UNL-059,Master Yi - Unstoppable,Unleashed,Epic,Unit,Champion,Calm,12,12,Master Yi; Ionia,"[Level 3][>] I cost {2 Energy}{Calm Rune} less. (While you have 3+ XP, get the effect.)
[Level 6][>] I cost {4 Energy}{Calm Rune}{Calm Rune} less instead.
[Level 11][>] I cost {6 Energy}{Calm Rune}{Calm Rune}{Calm Rune} less instead.
[Level 16][>] I can't be chosen by enemy spells and abilities.",,False,False,,https://riftbound.gg/cards/unl-059-master-yi-unstoppable/
UNL-059A,Master Yi - Unstoppable,Unleashed,Showcase,Unit,Champion,Calm,12,12,Master Yi; Ionia,"[Level 3][>] I cost {2 Energy}{Calm Rune} less.
[Level 6][>] I cost {4 Energy}{Calm Rune}{Calm Rune} less instead.
[Level 11][>] I cost {6 Energy}{Calm Rune}{Calm Rune}{Calm Rune} less instead.
[Level 16][>] I can't be chosen by enemy spells and abilities.",“A true master is an eternal student.”,False,False,,https://riftbound.gg/cards/unl-059a-master-yi-unstoppable/
UNL-060,Vilemaw,Unleashed,Epic,Unit,,Calm,8,8,Shadow Isles; Spider,"[Ambush] (You may play me as a [Reaction] to a battlefield where you have units.)
Enemy units here with less Might than me don't deal combat damage.
When I hold, draw 1.",Its lair lies beyond a twisted treeline.,False,False,,https://riftbound.gg/cards/unl-060-vilemaw/
UNL-060A,Vilemaw,Unleashed,Showcase,Unit,,Calm,8,8,Shadow Isles; Spider,"[Ambush]
Enemy units here with less Might than me don't deal combat damage.
When I hold, draw 1.",Its lair lies beyond a twisted treeline.,False,False,,https://riftbound.gg/cards/unl-060a-vilemaw/
UNL-061,Downstage Dramatics,Unleashed,Common,Spell,,Mind,2,,,"[Reaction] (Play any time, even before spells and abilities resolve.)
[Repeat] {2 Energy} (You may pay the additional cost to repeat this spell's effect.)
Draw 1.",A true artist reveres both canvas and brush.,False,False,,https://riftbound.gg/cards/unl-061-downstage-dramatics/
UNL-061-P,Downstage Dramatics (Unleashed Nexus Night Promo),Unleashed,Common,Spell,,Mind,2,,,"[Reaction] (Play any time, even before spells and abilities resolve.)
[Repeat] {2 Energy} (You may pay the additional cost to repeat this spell's effect.)
Draw 1.",,True,False,,https://riftbound.gg/cards/unl-061-p-downstage-dramatics/
UNL-062,Dramatic Visionary,Unleashed,Common,Unit,,Mind,4,4,Ionia,"[Deathknell][>] [Predict 2]. (When I die, look at the top two cards of your Main Deck. Recycle any of them and put the rest back in any order.)",Truth rarely comes without sacrifice.,False,False,,https://riftbound.gg/cards/unl-062-dramatic-visionary/
UNL-063,Eclipse,Unleashed,Common,Spell,,Mind,3,,,"[Reaction] (Play any time, even before spells and abilities resolve.)
Give a unit -4 {Might} this turn.
[Predict]. (Look at the top card of your Main Deck. You may recycle it.)","When sun and moon meet, darkness triumphs.",False,False,,https://riftbound.gg/cards/unl-063-eclipse/
UNL-064,Fate Weaver,Unleashed,Common,Unit,,Mind,5,4,Ionia,"When you play me, look at the top 4 cards of your Main Deck. You may reveal a spell with Energy cost {4 Energy} or more from among them and draw it. Recycle the rest.","“Long or short, every thread must meet the shears in the end.”",False,False,,https://riftbound.gg/cards/unl-064-fate-weaver/
UNL-065,Icevale Archer,Unleashed,Common,Unit,,Mind,2,2,Freljord,"When I attack, you may pay {1 Energy} to give a unit here -1 {Might} this turn.",He doesn’t bother to shout “Freeze!”,False,False,,https://riftbound.gg/cards/unl-065-icevale-archer/
UNL-065-P,Icevale Archer (Unleashed Nexus Night Promo),Unleashed,Common,Unit,,Mind,2,2,Frejlord,"When I attack, you may pay {1 Energy} to give a unit here -1 {Might} this turn.",,True,False,,https://riftbound.gg/cards/unl-065-p-icevale-archer/
UNL-066,Moonlight Affliction,Unleashed,Common,Spell,,Mind,7,,,"[Reaction] (Play any time, even before spells and abilities resolve.)
Give a unit -10 {Might} this turn.","Light can illuminate, or it can blind.",False,False,,https://riftbound.gg/cards/unl-066-moonlight-affliction/
UNL-067,Ruined Rex,Unleashed,Common,Unit,,Mind,6,6,Bilgewater,"[Deathknell][>] Deal 4 to an enemy unit. (When I die, get the effect.)","It’s back, and worse than ever.",False,False,,https://riftbound.gg/cards/unl-067-ruined-rex/
UNL-068,Spectral Centaur,Unleashed,Common,Unit,,Mind,6,5,Spirit; Shadow Isles,"When another friendly unit dies, give me +2 {Might} this turn.",Death provides him with an ever-growing herd.,False,False,,https://riftbound.gg/cards/unl-068-spectral-centaur/
UNL-069,Sprite Burst,Unleashed,Common,Spell,,Mind,5,,,"Play two ready 3 {Might} Sprite unit tokens with [Temporary]. (Kill each at the start of its controller's Beginning Phase, before scoring.)","They’re lovely, while they last.",False,False,,https://riftbound.gg/cards/unl-069-sprite-burst/
UNL-070,Turn to Dust,Unleashed,Common,Spell,,Mind,2,,,"Give a gear [Temporary]. (Kill it at the start of its controller's Beginning Phase, before scoring.)",Nothing lasts forever.,False,False,,https://riftbound.gg/cards/unl-070-turn-to-dust/
UNL-071,Chakram Dancer,Unleashed,Uncommon,Unit,,Mind,3,3,Bilgewater,"[Ambush] (You may play me as a [Reaction] to a battlefield where you have units.)
When you play me, give your other units here [Shield] this turn. (+1 {Might} while they're defenders.)",Elegant. Effortless. Deadly.,False,False,,https://riftbound.gg/cards/unl-071-chakram-dancer/
UNL-072,Crescent Strike,Unleashed,Uncommon,Spell,,Mind,3,,,"[Action] (Play on your turn or in showdowns.)
Choose a battlefield and an enemy unit there. Deal 4 to that unit and 1 to each other enemy unit there.","The light of the moon is cold, yet burns.",False,False,,https://riftbound.gg/cards/unl-072-crescent-strike/
UNL-073,Deadly Flourish,Unleashed,Uncommon,Spell,,Mind,4,,,"Deal 3 to an enemy unit. When it dies this turn, play a Gold gear token exhausted. (It has ""[Reaction][>] Kill this, {Exhaust}: [Add] {Any Rune}."")",“The world is cruel. It does not have to be ugly.”,False,False,,https://riftbound.gg/cards/unl-073-deadly-flourish/
UNL-074,Frigid Jewel,Unleashed,Uncommon,Gear,,Mind,2,,,"When you draw your second card each turn, give a friendly unit +2 {Might} this turn.",The power of the Freljord shines from every facet.,False,False,,https://riftbound.gg/cards/unl-074-frigid-jewel/
UNL-075,Gustwalker,Unleashed,Uncommon,Unit,,Mind,3,3,Dog; Ionia,"[Hunt 2] (When I conquer or hold, gain 2 XP.)
[Level 3][>] I have +1 {Might} and [Ganking]. (While you have 3+ XP, get the effect. A [Ganking] unit can move from battlefield to battlefield.)",An unconventional choice of pet.,False,False,,https://riftbound.gg/cards/unl-075-gustwalker/
UNL-075-P,Gustwalker (Unleashed Nexus Night Promo),Unleashed,Uncommon,Unit,,Mind,3,3,Dog; Ionia,"[Hunt 2] (When I conquer or hold, gain 2 XP.)
[Level 3][>] I have +1 {Might} and [Ganking]. (While you have 3+ XP, get the effect. A [Ganking] unit can move from battlefield to battlefield.)",,True,False,,https://riftbound.gg/cards/unl-075-p-gustwalker/
UNL-076,Petal Pixie,Unleashed,Uncommon,Unit,,Mind,2,2,Fae; Ionia,I have +1 {Might} for each of your units with [Temporary] at my battlefield.,"She savors fleeting moments of beauty, knowing none but herself will ever see them.",False,False,,https://riftbound.gg/cards/unl-076-petal-pixie/
UNL-077,Soul Shepherd,Unleashed,Uncommon,Unit,,Mind,5,3,Shadow Isles,Your token units have +1 {Might}.,A strange guardian for a stranger flock.,False,False,,https://riftbound.gg/cards/unl-077-soul-shepherd/
UNL-078,Sprite Fountain,Unleashed,Uncommon,Gear,,Mind,2,,,"[Temporary] (Kill this at the start of its controller's Beginning Phase, before scoring.)
When you play this, play a ready 3 {Might} Sprite unit token with [Temporary] to your base.
[Deathknell][>] Repeat this gear's play effect. (When this dies, get the effect.)",,False,False,,https://riftbound.gg/cards/unl-078-sprite-fountain/
UNL-079,Diana - Lunari,Unleashed,Rare,Unit,Champion,Mind,3,3,Diana; Mount Targon,"When a showdown begins here, you may pay {1 Energy}. If you do, [Predict], then reveal the top card of your Main Deck. If it's a spell, draw it. (To Predict, look at the top card of your Main Deck. You may recycle it.)",“Follow no false light.”,False,False,,https://riftbound.gg/cards/unl-079-diana-lunari/
UNL-079A,Diana - Lunari,Unleashed,Showcase,Unit,Champion,Mind,3,3,Diana; Mount Targon,"When a showdown begins here, you may pay {1 Energy}. If you do, [Predict], then reveal the top card of your Main Deck. If it's a spell, draw it.",“Follow no false light.”,False,False,,https://riftbound.gg/cards/unl-079a-diana-lunari/
UNL-080,Hwei - Brooding Painter,Unleashed,Rare,Unit,Champion,Mind,5,5,Ionia; Hwei,"When I move, draw 1, then discard 1. Then, do the following based on the discarded card's type:Spell — Draw 1.Gear — Ready up to 2 runes.Unit — Give me +3 {Might} this turn.",,False,False,,https://riftbound.gg/cards/unl-080-hwei-brooding-painter/
UNL-081,Keeper of Masks,Unleashed,Rare,Unit,,Mind,2,1,Ionia,"[Hidden] (Hide now for {Any Rune} to react with later for {0 Energy}.)
[Temporary] (Kill me at the start of my controller's Beginning Phase, before scoring.)
When you play me, play two Reflection unit tokens here. They become copies of me.",,False,False,"[Hidden] (Hide now for {Any Rune} to react with later for {0 Energy}.)
[Temporary] (Kill me at the start of my controller's Beginning Phase, before scoring.)
When you play me, play two Reflection unit tokens here. Then do this: They become copies of me.",https://riftbound.gg/cards/unl-081-keeper-of-masks/
UNL-082,Lillia - Fae Fawn,Unleashed,Rare,Unit,Champion,Mind,3,3,Fae; Lillia; Ionia,"[Accelerate] (You may pay {1 Energy}{Mind Rune} as an additional cost to have me enter ready.)
When I move from a location, play a 3 {Might} Sprite unit token with [Temporary] there. (Kill it at the start of its controller's Beginning Phase, before scoring.)",,False,False,,https://riftbound.gg/cards/unl-082-lillia-fae-fawn/
UNL-082A,Lillia - Fae Fawn,Unleashed,Showcase,Unit,Champion,Mind,3,3,Fae; Lillia; Ionia,"[Accelerate]
When I move from a location, play a 3 {Might} Sprite unit token with [Temporary] there.",,False,False,,https://riftbound.gg/cards/unl-082a-lillia-fae-fawn/
UNL-082b-P,Lillia - Fae Fawn (Chinese Unleashed Regional Open),Unleashed,Showcase,Unit,Champion,Mind,3,3,Fae; Lillia; Ionia,"[Accelerate]
When I move from a location, play a 3 {Might} Sprite unit token with [Temporary] there.",,True,False,,https://riftbound.gg/cards/unl-082b-p-lillia-fae-fawn/
UNL-083,Smoke and Mirrors,Unleashed,Rare,Spell,,Mind,2,,,"[Hidden] (Hide now for {Any Rune} to react with later for {0 Energy}.)
[Action] (Play on your turn or in showdowns.)
Choose a unit you control and another unit you control at a different location. If at least one of them has [Temporary], move each to the other's location. Draw 1.",,False,False,,https://riftbound.gg/cards/unl-083-smoke-and-mirrors/
UNL-084,Sprite Queen,Unleashed,Rare,Unit,,Mind,7,6,Fae; Ionia,"When you play me or at the start of your Beginning Phase, play a ready 3 {Might} Sprite unit token with [Temporary] to your base. (Kill them at the start of their controller's next Beginning Phase, before scoring.)",,False,False,,https://riftbound.gg/cards/unl-084-sprite-queen/
UNL-085,Sumpworks Map,Unleashed,Rare,Gear,,Mind,2,,,"[Reaction] (Play any time, even before spells and abilities resolve.)
[Temporary] (Kill this at the start of its controller's Beginning Phase, before scoring.)
When an opponent scores, draw 1.","“Hang on, it’s upside-down.”",False,False,,https://riftbound.gg/cards/unl-085-sumpworks-map/
UNL-086,Zilean - Time Mage,Unleashed,Rare,Unit,Champion,Mind,5,5,Icathia; Zilean,"Once each turn, if you would play a token unit while I'm at a battlefield, you may play that token and an additional copy of it instead.",“I feel like I’ve done this before.”,False,False,,https://riftbound.gg/cards/unl-086-zilean-time-mage/
UNL-086-P,Zilean - Time Mage (Unleashed June 2026 Summoner Skirmish Participation Promo),Unleashed,Rare,Unit,Champion,Mind,5,5,Icathia; Zilean,"Once each turn, if you would play a token unit while I'm at a battlefield, you may play that token and an additional copy of it instead.",,True,False,,https://riftbound.gg/cards/unl-086-p-zilean-time-mage/
UNL-087,Blue Sentinel,Unleashed,Epic,Unit,,Mind,4,4,Mount Targon,"[Shield 2] (+2 {Might} while I'm a defender.)
Your hold effects for holding here trigger an additional time.
When I hold, [Add] {Any Rune} at the start of your next Main Phase. (Abilities that add resources can't be reacted to.)",,False,False,,https://riftbound.gg/cards/unl-087-blue-sentinel/
UNL-087-P,Blue Sentinel (Judge Promo),Unleashed,Epic,Unit,,Mind,4,4,Mount Targon,"[Shield 2] (+2 {Might} while I'm a defender.)
Your hold effects for holding here trigger an additional time.
When I hold, [Add] {Any Rune} at the start of your next Main Phase. (Abilities that add resources can't be reacted to.)",,True,False,,https://riftbound.gg/cards/unl-087-p-blue-sentinel/
UNL-087A,Blue Sentinel,Unleashed,Showcase,Unit,,Mind,4,4,,"[Shield 2]
Your hold effects for holding here trigger an additional time.
When I hold, [Add] {Any Rune} at the start of your next Main Phase.",,False,False,,https://riftbound.gg/cards/unl-087a-blue-sentinel/
UNL-088,Gutter Palace,Unleashed,Epic,Gear,,Mind,4,,,"At the start of your Beginning Phase, if you have exactly 4 cards in hand and exactly 4 units at battlefields, you win the game.
Discard 1, {Exhaust}: Play a 1 {Might} Bird unit token with [Deflect]. (Opponents must pay {Any Rune} to choose it with a spell or ability.)",,False,False,,https://riftbound.gg/cards/unl-088-gutter-palace/
UNL-089,Jhin - Meticulous Killer,Unleashed,Epic,Unit,Champion,Mind,4,4,Jhin; Ionia,"[Vision] (When you play me, look at the top card of your Main Deck. You may recycle it.)
If you've spent {4 Energy} or more to play a spell this turn, you may play me for {Mind Rune}.","“One, two, three, four. Two, two, three, four …”",False,False,,https://riftbound.gg/cards/unl-089-jhin-meticulous-killer/
UNL-089A,Jhin - Meticulous Killer,Unleashed,Showcase,Unit,Champion,Mind,4,4,Jhin; Ionia,"[Vision]
If you've spent {4 Energy} or more to play a spell this turn, you may play me for {Mind Rune}.","“One, two, three, four. Two, two, three, four …”",False,False,,https://riftbound.gg/cards/unl-089a-jhin-meticulous-killer/
UNL-090,LeBlanc - Everywhere at Once,Unleashed,Epic,Unit,Champion,Mind,4,4,Noxus; LeBlanc,"[Backline] (I must be assigned combat damage last.)
Your [Temporary] effects at my battlefield don't trigger.",“Vision. Might. Guile. It’s almost comical how history repeats itself.”,False,False,,https://riftbound.gg/cards/unl-090-leblanc-everywhere-at-once/
UNL-090A,LeBlanc - Everywhere at Once,Unleashed,Showcase,Unit,Champion,Mind,4,4,Noxus; LeBlanc,"[Backline]
Your [Temporary] effects at my battlefield don't trigger.",“Vision. Might. Guile. It’s almost comical how history repeats itself.”,False,False,,https://riftbound.gg/cards/unl-090a-leblanc-everywhere-at-once/
UNL-091,Concentrate,Unleashed,Common,Spell,,Body,5,,,"Draw 2.
[Level 6][>] This costs {2 Energy} less. (While you have 6+ XP, get the effect.)
[Level 11][>] This costs {4 Energy} less instead.","“Peace within, peace without.” —Master Yi",False,False,,https://riftbound.gg/cards/unl-091-concentrate/
UNL-092,Demacian Diplomat,Unleashed,Common,Unit,,Body,2,2,Demacia,"When you play me, gain 1 XP.","After decades in the Demacian diplomatic corps, he's found dozens of polite ways to say ""leave us alone.""",False,False,,https://riftbound.gg/cards/unl-092-demacian-diplomat/
UNL-093,Dragonsoul Sage,Unleashed,Common,Unit,,Body,2,1,Ionia,[Reaction][>] {Exhaust}: [Add] {1 Energy}. (Abilities that add resources can't be reacted to.),“The Dragon’s secrets are not mine to share. I can only share the gifts that it has given me.”,False,False,,https://riftbound.gg/cards/unl-093-dragonsoul-sage/
UNL-093-P,Dragonsoul Sage (Unleashed Nexus Night Promo),Unleashed,Common,Unit,,Body,2,1,Ionia,[Reaction][>] {Exhaust}: [Add] {1 Energy}. (Abilities that add resources can't be reacted to.),,True,False,,https://riftbound.gg/cards/unl-093-p-dragonsoul-sage/
UNL-094,Gemhand Hunter,Unleashed,Common,Unit,,Body,2,2,Yordle; Mount Targon,"[Hunt] (When I conquer or hold, gain 1 XP.)
[Level 6][>] I have +1 {Might}. (While you have 6+ XP, get the effect.)ambush",He's a yordle of many facets.,False,False,,https://riftbound.gg/cards/unl-094-gemhand-hunter/
UNL-095,Grim Resolve,Unleashed,Common,Spell,,Body,2,,,"[Action] (Play on your turn or in showdowns.)
Give a friendly unit +3 {Might} this turn. When it wins a combat this turn, gain 2 XP.","“If you think losing is the best teacher, you should really give winning a try.”",False,False,,https://riftbound.gg/cards/unl-095-grim-resolve/
UNL-096,Hunter's Machete,Unleashed,Common,Gear,,Body,3,,Equipment,[Equip] {Body Rune} ({Body Rune}: Attach this to a unit you control.),,False,False,,https://riftbound.gg/cards/unl-096-hunters-machete/
UNL-097,Kinkou Initiate,Unleashed,Common,Unit,,Body,3,3,Ionia,"When you play me, draw 1 if your other units have total Might 5 or more.",True strength lifts up others.,False,False,,https://riftbound.gg/cards/unl-097-kinkou-initiate/
UNL-098,Targonian Visionary,Unleashed,Common,Unit,,Body,6,6,Mount Targon,"[Level 11][>] I have +4 {Might}. (While you have 11+ XP, get the effect.)",She has seen the world before. She will see that world again.,False,False,,https://riftbound.gg/cards/unl-098-targonian-visionary/
UNL-099,Towering Combatant,Unleashed,Common,Unit,,Body,4,3,Shurima,"[Shield 2] (+2 {Might} while I'm a defender.)
[Tank] (I must be assigned combat damage first.)","“Was this really your plan, pal?”",False,False,,https://riftbound.gg/cards/unl-099-towering-combatant/
UNL-100,Voracious Gromp,Unleashed,Common,Unit,,Body,5,5,Freljord,"[Hunt 3] (When I conquer or hold, gain 3 XP.)",“Oh no! It’s real! The Gromp is real!”,False,False,,https://riftbound.gg/cards/unl-100-voracious-gromp/
UNL-100-P,Voracious Gromp (Unleashed Nexus Night Promo),Unleashed,Common,Unit,,Body,5,5,Freljord,"[Hunt 3] (When I conquer or hold, gain 3 XP.)",,True,False,,https://riftbound.gg/cards/unl-100-p-voracious-gromp/
UNL-101,Call to Battle,Unleashed,Uncommon,Spell,,Body,3,,,"Move a unit you control to a battlefield you control. Then, choose an opponent. They move a unit they control to the same battlefield.","“I said, what’re you gonna do about it?!”",False,False,,https://riftbound.gg/cards/unl-101-call-to-battle/
UNL-102,Crowd Favorite,Unleashed,Uncommon,Unit,,Body,3,3,Noxus,"[Hunt] (When I conquer or hold, gain 1 XP.)
Spend 2 XP: [Buff] me. (Give me a +1 {Might} buff if I don't have one.)",“The crowd is a beast like any other. Hear it roar?”,False,False,,https://riftbound.gg/cards/unl-102-crowd-favorite/
UNL-103,Disposal Order,Unleashed,Uncommon,Spell,,Body,2,,,"[Reaction] (Play any time, even before spells and abilities resolve.)
Choose one —Choose up to 3 cards from opponents' trashes. Their owners recycle them.Draw 1.",“Get it cleaned up by sunrise. No questions.”,False,False,,https://riftbound.gg/cards/unl-103-disposal-order/
UNL-104,Gentle Gemdragon,Unleashed,Uncommon,Unit,,Body,8,8,Dragon; Mount Targon,"When you play me or another Dragon, ready up to 2 runes.",“Gentle” is not the same as “harmless.”,False,False,,https://riftbound.gg/cards/unl-104-gentle-gemdragon/
UNL-105,Imposing Challenger,Unleashed,Uncommon,Unit,,Body,5,5,Ionia,"When I move, you may move an enemy unit here with less Might than me to a different battlefield.",“Are there truly none with the courage to face our new champion?”,False,False,,https://riftbound.gg/cards/unl-105-imposing-challenger/
UNL-106,Repulse,Unleashed,Uncommon,Spell,,Body,1,,,"[Reaction] (Play any time, even before spells and abilities resolve.)
Choose a friendly unit at a battlefield. Counter an enemy spell or ability that chooses it and no other friendly unit.",,False,False,,https://riftbound.gg/cards/unl-106-repulse/
UNL-107,Stare Down,Unleashed,Uncommon,Spell,,Body,2,,,Choose a friendly unit and a battlefield. Move all enemy units at that battlefield with less Might than the chosen unit to their base. Gain 1 XP.,The eyes have it.,False,False,,https://riftbound.gg/cards/unl-107-stare-down/
UNL-107-P,Stare Down (Unleashed Nexus Night Promo),Unleashed,Uncommon,Spell,,Body,2,,,Choose a friendly unit and a battlefield. Move all enemy units at that battlefield with less Might than the chosen unit to their base. Gain 1 XP.,,True,False,,https://riftbound.gg/cards/unl-107-p-stare-down/
UNL-108,Wily Newtfish,Unleashed,Uncommon,Unit,,Body,4,4,Bilgewater,"If you've gained XP this turn, I have +1 {Might} and [Ganking]. (I can move from battlefield to battlefield.)","Half newt, half fish. All nuisance.",False,False,,https://riftbound.gg/cards/unl-108-wily-newtfish/
UNL-109,Blood Rose,Unleashed,Rare,Gear,,Body,1,,,"When you play a unit, you may pay {1 Energy} to gain 1 XP.
Spend 3 XP, {Exhaust}: Ready a unit.",Anything to get the blood pumping.,False,False,,https://riftbound.gg/cards/unl-109-blood-rose/
UNL-110,Clash of Giants,Unleashed,Rare,Spell,,Body,6,,,Choose two units. They deal damage equal to their Mights to each other.,"“The land slumbers, but it is not dead. With my roar, I wake it. With my thunder, I call it.” —Volibear",False,False,,https://riftbound.gg/cards/unl-110-clash-of-giants/
UNL-111,Determined Sentry,Unleashed,Rare,Unit,,Body,1,1,Yordle; Bandle City,I can't move to base.,Discretion has nothing on valor.,False,False,,https://riftbound.gg/cards/unl-111-determined-sentry/
UNL-112,Irresistible Faefolk,Unleashed,Rare,Unit,,Body,2,1,Fae; Ionia,"When I move to a battlefield, you may move an enemy unit to that battlefield.","Cute, yes. Cuddly, no.",False,False,,https://riftbound.gg/cards/unl-112-irresistible-faefolk/
UNL-113,Master Yi - Tempered,Unleashed,Rare,Unit,Champion,Body,4,4,Master Yi; Ionia,"[Hunt 2] (When I conquer or hold, gain 2 XP.)
[Level 6][>] I have [Deflect] and [Ganking]. (While you have 6+ XP, opponents must pay {Any Rune} to choose me with a spell or ability and I can move from battlefield to battlefield.)","“Watch, and learn.”",False,False,,https://riftbound.gg/cards/unl-113-master-yi-tempered/
UNL-113A,Master Yi - Tempered,Unleashed,Showcase,Unit,Champion,Body,4,4,Master Yi; Ionia,"[Hunt 2]
[Level 6][>] I have [Deflect] and [Ganking].","“Watch, and learn.”",False,False,,https://riftbound.gg/cards/unl-113a-master-yi-tempered/
UNL-114,Nidalee - Cat Form,Unleashed,Rare,Unit,Champion,Body,3,4,Cat; Ixtal; Nidalee,"[Ambush] (You may play me as a [Reaction] to a battlefield where you have units.)
When I win a combat, draw 1. (I win if I remain after combat.)",“Meow! Ahem … Anyway.”,False,False,,https://riftbound.gg/cards/unl-114-nidalee-cat-form/
UNL-115,Nilah - Joyful Ascetic,Unleashed,Rare,Unit,Champion,Body,3,4,Nilah; Kathkan; Demon,"[Accelerate] (You may pay {1 Energy}{Body Rune} as an additional cost to have me enter ready.)
[Ganking] (I can move from battlefield to battlefield.)
When I move, gain 1 XP.",“All I feel is joy! It is … difficult.”,False,False,,https://riftbound.gg/cards/unl-115-nilah-joyful-ascetic/
UNL-116,Poppy - Paragon,Unleashed,Rare,Unit,Champion,Body,5,5,Yordle; Demacia; Poppy,"[Deflect] (Opponents must pay {Any Rune} to choose me with a spell or ability.)
When you play me, if an opponent's score is within 3 points of the Victory Score, ready me and gain 3 XP.","“Me? The hero? Nah, that’s ridiculous.”",False,False,,https://riftbound.gg/cards/unl-116-poppy-paragon/
UNL-116A,Poppy - Paragon,Unleashed,Showcase,Unit,Champion,Body,5,5,Yordle; Demacia; Poppy,"[Deflect]
When you play me, if an opponent's score is within 3 points of the Victory Score, ready me and gain 3 XP.","“Me? The hero? Nah, that's ridiculous.”",False,False,,https://riftbound.gg/cards/unl-116a-poppy-paragon/
UNL-117,Arachnoid Horror,Unleashed,Epic,Unit,,Body,6,6,Shadow Isles; Spider,"[Hunt 2] (When I conquer or hold, gain 2 XP.)
I can be played to an occupied battlefield if an enemy unit is alone there.
Friendly units can be played to an occupied battlefield if an enemy unit is alone there.",Don’t go alone.,False,False,,https://riftbound.gg/cards/unl-117-arachnoid-horror/
UNL-118,Elder Dragon,Unleashed,Epic,Unit,,Body,12,10,Dragon; Demacia,"Any amount of your damage is enough to kill enemy units.
When you play me, choose up to one enemy unit at each location. Deal 1 to them.",Clearing the dragons out of the mountains just made room for a bigger dragon.,False,False,,https://riftbound.gg/cards/unl-118-elder-dragon/
UNL-118A,Elder Dragon,Unleashed,Showcase,Unit,,Body,12,10,Dragon,"Any amount of your damage is enough to kill enemy units.
When you play me, choose up to one enemy unit at each location. Deal 1 to them.",Clearing the dragons out of the mountains just made room for a bigger dragon.,False,False,,https://riftbound.gg/cards/unl-118a-elder-dragon/
UNL-119,Kha'Zix - Evolving Hunter,Unleashed,Epic,Unit,Champion,Body,5,5,Kha'Zix; The Void,"[Hunt] (When I conquer or hold, gain 1 XP.)
When I attack, you may spend 3 XP to deal damage equal to my Might to an enemy unit here.",“Consume and adapt.”,False,False,,https://riftbound.gg/cards/unl-119-khazix-evolving-hunter/
UNL-119A,Kha'Zix - Evolving Hunter,Unleashed,Showcase,Unit,Champion,Body,5,5,Kha'Zix; The Void,"[Hunt]
When I attack, you may spend 3 XP to deal damage equal to my Might to an enemy unit here.",“Consume and adapt.”,False,False,,https://riftbound.gg/cards/unl-119a-khazix-evolving-hunter/
UNL-120,Rengar - Trophy Hunter,Unleashed,Epic,Unit,Champion,Body,5,6,Cat; Rengar; Ixtal,"[Ambush] (You may play me as a [Reaction] to a battlefield where you have units.)
I can be played to a battlefield where there are enemy units (even if you don't have units there).",“Let’s see what they’re made of.”,False,False,"[Ambush] (You may play me as a [Reaction] to a battlefield where you have units.)
I can [Ambush] to a battlefield where there are enemy units, even if you don't have units there.",https://riftbound.gg/cards/unl-120-rengar-trophy-hunter/
UNL-120-P,Rengar - Trophy Hunter (Unleashed May 2026 Summoner Skirmish Top 8 Promo),Unleashed,Epic,Unit,Champion,Body,5,6,Cat; Rengar; Ixtal,"[Ambush] (You may play me as a [Reaction] to a battlefield where you have units.)
I can be played to a battlefield where there are enemy units (even if you don't have units there).",,True,False,"[Ambush] (You may play me as a [Reaction] to a battlefield where you have units.)
I can [Ambush] to a battlefield where there are enemy units, even if you don't have units there.",https://riftbound.gg/cards/unl-120-p-rengar-trophy-hunter/
UNL-120-P-Champion,Rengar - Trophy Hunter (Unleashed May 2026 Summoner Skirmish Champion Promo),Unleashed,Epic,Unit,Champion,Body,5,6,Cat; Rengar; Ixtal,"[Ambush] (You may play me as a [Reaction] to a battlefield where you have units.)
I can be played to a battlefield where there are enemy units (even if you don't have units there).",,True,False,"[Ambush] (You may play me as a [Reaction] to a battlefield where you have units.)
I can [Ambush] to a battlefield where there are enemy units, even if you don't have units there.",https://riftbound.gg/cards/unl-120-p-champion-rengar-trophy-hunter/
UNL-120A,Rengar - Trophy Hunter,Unleashed,Showcase,Unit,Champion,Body,5,6,Cat; Rengar; Ixtal,"[Ambush]
I can be played to a battlefield where there are enemy units.",“Let’s see what they’re made of.”,False,False,"[Ambush]
I can [Ambush] to a battlefield where there are enemy units, even if you don't have units there.",https://riftbound.gg/cards/unl-120a-rengar-trophy-hunter/
UNL-121,Bewitching Spirit,Unleashed,Common,Unit,,Chaos,3,2,Spirit; Shadow Isles,"When you play me, choose a player. They discard 1.","Bandle Scout Rule 43: When a mysterious voice in the woods whispers for you to follow it, don’t go alone! Your friends might want to see too!",False,False,,https://riftbound.gg/cards/unl-121-bewitching-spirit/
UNL-122,Crescent Guardian,Unleashed,Common,Unit,,Chaos,4,4,Mount Targon,"If you've played a spell this turn, you may pay {Chaos Rune} as an additional cost to play me. If you do, I enter ready.","The Lunari have few allies among Targon's mortal denizens, but that doesn't mean they're alone.",False,False,,https://riftbound.gg/cards/unl-122-crescent-guardian/
UNL-123,Evershade Stalker,Unleashed,Common,Unit,,Chaos,3,3,Shadow Isles,"When you play me, discard 1, then draw 1.","""That's a LOT of eyes.""  
— Common last words",False,False,,https://riftbound.gg/cards/unl-123-evershade-stalker/
UNL-124,Isolate,Unleashed,Common,Spell,,Chaos,2,,,"Move an enemy unit from a battlefield to its base. Then, if there's an enemy unit alone at that battlefield, draw 1.","“Hey, where is everyone?” — Common last words",False,False,,https://riftbound.gg/cards/unl-124-isolate/
UNL-125,Lunar Boon,Unleashed,Common,Spell,,Chaos,3,,,"[Reaction] (Play any time, even before spells and abilities resolve.)
Discard 1, then draw 2.",“A new moon is rising.”,False,False,,https://riftbound.gg/cards/unl-125-lunar-boon/
UNL-125-P,Lunar Boon (Unleashed Nexus Night Promo),Unleashed,Common,Spell,,Chaos,3,,,"[Reaction] (Play any time, even before spells and abilities resolve.)
Discard 1, then draw 2.",,True,False,,https://riftbound.gg/cards/unl-125-p-lunar-boon/
UNL-126,Megatusk,Unleashed,Common,Unit,,Chaos,6,6,Bilgewater,Spend 3 XP: Give your units here [Ganking] this turn. (We can move from battlefield to battlefield.),"Q: What do you do if there’s a megatusk in your boat?  
A: Buy a new boat.",False,False,,https://riftbound.gg/cards/unl-126-megatusk/
UNL-127,Mister Root,Unleashed,Common,Unit,,Chaos,2,1,Fae; Ionia,"[Accelerate] (You may pay {1 Energy}{Chaos Rune} as an additional cost to have me enter ready.)
When I move to a battlefield, gain 2 XP.",Dreams themselves can dream as well.,False,False,,https://riftbound.gg/cards/unl-127-mister-root/
UNL-127-P,Mister Root (Unleashed Nexus Night Promo),Unleashed,Common,Unit,,Chaos,2,1,Fae; Ionia,"[Accelerate] (You may pay {1 Energy}{Chaos Rune} as an additional cost to have me enter ready.)
When I move to a battlefield, gain 2 XP.",,True,False,,https://riftbound.gg/cards/unl-127-p-mister-root/
UNL-128,Star-Crossed,Unleashed,Common,Spell,,Chaos,3,,,"[Reaction] (Play any time, even before spells and abilities resolve.)
Return a friendly unit and an enemy unit to their owners' hands.","“I’ve made my preparations. Meet me on the ridge at midnight, and we’ll go.” —Unsigned note",False,False,,https://riftbound.gg/cards/unl-128-star-crossed/
UNL-129,Vicious Snapjaws,Unleashed,Common,Unit,,Chaos,5,5,Bilgewater,"When another friendly unit dies, gain 1 XP.","They don't know friend or foe, only food.",False,False,,https://riftbound.gg/cards/unl-129-vicious-snapjaws/
UNL-130,Walking Roost,Unleashed,Common,Unit,,Chaos,5,6,Shadow Isles,"[Deflect] (Opponents must pay {Any Rune} to choose me with a spell or ability.)
When you play me, choose an opponent. They play a 1 {Might} Bird unit token with [Deflect].",They have to leave the nest eventually.,False,False,,https://riftbound.gg/cards/unl-130-walking-roost/
UNL-131,Abandon,Unleashed,Uncommon,Spell,,Chaos,2,,,"[Reaction] (Play any time, even before spells and abilities resolve.)
Counter a spell. Return it to its owner's hand instead of putting it in their trash.
[Predict]. (Look at the top card of your Main Deck. You may recycle it.)",,False,False,,https://riftbound.gg/cards/unl-131-abandon/
UNL-132,Angler Beast,Unleashed,Uncommon,Unit,,Chaos,5,5,Bilgewater,"When you play me, return all units with 2 {Might} or less to their owners' hands.","""There's plenty of room for everyone at the bottom of the sea."" —Pyke",False,False,,https://riftbound.gg/cards/unl-132-angler-beast/
UNL-133,Blast Cone,Unleashed,Uncommon,Gear,,Chaos,4,,,"When you play this, you may move an enemy unit.
When you move an enemy unit, you may exhaust this to [Stun] it. (It doesn't deal combat damage this turn.)",Seeds of destruction.,False,False,,https://riftbound.gg/cards/unl-133-blast-cone/
UNL-134,Existential Dread,Unleashed,Uncommon,Spell,,Chaos,1,,,"[Action] (Play on your turn or in showdowns.)
[Repeat] {2 Energy} (You may pay the additional cost to repeat this spell's effect.)
[Stun] an attacking enemy unit. If it's already stunned, return it to its owner's hand instead. (A stunned unit doesn't deal combat damage this turn.)",,False,False,,https://riftbound.gg/cards/unl-134-existential-dread/
UNL-135,Insightful Investigator,Unleashed,Uncommon,Unit,,Chaos,3,3,Piltover,"When you play me, choose an opponent. They reveal their hand. You may pay 2 XP to choose a card from their hand. If you do, they discard that card and draw 1.",,False,False,,https://riftbound.gg/cards/unl-135-insightful-investigator/
UNL-136,Scryer's Bloom,Unleashed,Uncommon,Gear,,Chaos,1,,,"This enters exhausted.
Kill this, {1 Energy}, {Exhaust}: [Predict 2], then draw 1. Gain 1 XP.  (To Predict 2, look at the top two cards of your Main Deck. Recycle any of them and put the rest back in any order.)",Not all foliage conceals.,False,False,,https://riftbound.gg/cards/unl-136-scryers-bloom/
UNL-137,Sinister Poro,Unleashed,Uncommon,Unit,,Chaos,2,1,Poro; Shadow Isles,"When I attack, you may pay {1 Energy} to move an enemy unit here to its base.",Are you going to be the one to tell him he's not scary?,False,False,,https://riftbound.gg/cards/unl-137-sinister-poro/
UNL-137-P,Sinister Poro (Unleashed Nexus Night Promo),Unleashed,Uncommon,Unit,,Chaos,2,1,Poro; Shadow Isles,"When I attack, you may pay {1 Energy} to move an enemy unit here to its base.",,True,False,,https://riftbound.gg/cards/unl-137-p-sinister-poro/
UNL-138,The List,Unleashed,Uncommon,Gear,,Chaos,1,,,"As you play this, name a tag. (For example, Miss Fortune, Demacia, and Poro are tags.)
{Exhaust}: Give a unit with the named tag -2 {Might} this turn.",There are some lists you don’t want to be on.,False,False,,https://riftbound.gg/cards/unl-138-the-list/
UNL-139,Bone Skewer,Unleashed,Rare,Spell,,Chaos,2,,,"[Hidden] (Hide now for {Any Rune} to react with later for {0 Energy}.)
Choose a battlefield. An opponent reveals their hand. You may choose a unit from it. They play that unit to that battlefield, ignoring any and all costs. When they do, [Stun] it. (It doesn't deal combat damage this turn.)",,False,False,"[Hidden] (Hide now for {Any Rune} to react with later for {0 Energy}.)
Choose a battlefield. An opponent reveals their hand. You may choose a unit from it. They play that unit to that battlefield, ignoring any and all costs. If they do, then do this: [Stun] it. (It doesn't deal combat damage this turn.)",https://riftbound.gg/cards/unl-139-bone-skewer/
UNL-140,Conscription,Unleashed,Rare,Spell,,Chaos,5,,,"You may spend 5 XP as an additional cost to play this.
Choose an enemy unit at a battlefield with 3 {Might} or less. If you paid the additional cost, choose any enemy unit at a battlefield instead. Take control of it, exhaust it, and recall it.",,False,False,,https://riftbound.gg/cards/unl-140-conscription/
UNL-141,Evelynn - Entrancing,Unleashed,Rare,Unit,Champion,Chaos,2,2,Evelynn; Demon,"[Hidden] (Hide now for {Any Rune} to react with later for {0 Energy}.)
[Backline] (I must be assigned combat damage last.)
When you play me from face down on your turn, you may move an enemy unit at a different location to my battlefield.",“Girls just wanna tear your throat out with their teeth.”,False,False,,https://riftbound.gg/cards/unl-141-evelynn-entrancing/
UNL-142,Heedless Resurrection,Unleashed,Rare,Spell,,Chaos,2,,,"[Reaction] (Play any time, even before spells and abilities resolve.)
As an additional cost to play this, kill a friendly unit.
Play a unit from your trash that costs no more Energy and no more Power than the killed unit, ignoring its cost.",,False,False,,https://riftbound.gg/cards/unl-142-heedless-resurrection/
UNL-143,Kha'Zix - Mutating Horror,Unleashed,Rare,Unit,Champion,Chaos,4,4,Kha'Zix; The Void,"[Ambush] (You may play me as a [Reaction] to a battlefield where you have units.)
When I attack or defend, if an enemy unit is alone here, give me +2 {Might} this turn and gain 2 XP.",“I sense worthy prey.”,False,False,,https://riftbound.gg/cards/unl-143-khazix-mutating-horror/
UNL-143A,Kha'Zix - Mutating Horror,Unleashed,Showcase,Unit,Champion,Chaos,4,4,Kha'Zix; The Void,"[Ambush]
When I attack or defend, if an enemy unit is alone here, give me +2 {Might} this turn and gain 2 XP.",“I sense worthy prey.”,False,False,,https://riftbound.gg/cards/unl-143a-khazix-mutating-horror/
UNL-144,Maduli the Gatekeeper,Unleashed,Rare,Unit,,Chaos,7,6,Bandle City,"I can't be readied.
{Chaos Rune}: Move me to an occupied enemy battlefield if my Might is greater than the total Might of enemy units there.","""... Made a song so eerie, thought I'd die.""  
—Old Gaff's tale",False,False,,https://riftbound.gg/cards/unl-144-maduli-the-gatekeeper/
UNL-145,Pyke - Returned,Unleashed,Rare,Unit,Champion,Chaos,3,3,Pyke; Bilgewater,"[Hidden] (Hide now for {Any Rune} to react with later for {0 Energy}.)
[Backline] (I must be assigned combat damage last.)
Once each turn, when an enemy unit dies while I'm at a battlefield, play a Gold gear token exhausted. (It has ""[Reaction][>] Kill this, {Exhaust}: [Add] {Any Rune}."")",,False,False,,https://riftbound.gg/cards/unl-145-pyke-returned/
UNL-145A,Pyke - Returned,Unleashed,Showcase,Unit,Champion,Chaos,3,3,Pyke; Bilgewater,"[Hidden]
[Backline]
Once each turn, when an enemy unit dies while I'm at a battlefield, play a Gold gear token exhausted.",,False,False,,https://riftbound.gg/cards/unl-145a-pyke-returned/
UNL-146,Syndra - Transcendent,Unleashed,Rare,Unit,Champion,Chaos,6,6,Ionia; Syndra,"While I'm in a showdown, your spells have [Repeat] {2 Energy}{Chaos Rune}. (You may pay the additional cost to repeat the spell's effect.)",“This power is mine to command.”,False,False,,https://riftbound.gg/cards/unl-146-syndra-transcendent/
UNL-147,Baron Nashor,Unleashed,Epic,Unit,,Chaos,10,12,The Void,"As you play me, add the Baron Pit battlefield token to the board if it's not there already. If you do, I enter there. (It has ""Units can move here from anywhere."")
I can't be chosen by enemy spells and abilities.
Other friendly units have +2 {Might}.",,False,False,,https://riftbound.gg/cards/unl-147-baron-nashor/
UNL-147A,Baron Nashor,Unleashed,Showcase,Unit,,Chaos,10,12,The Void,"As you play me, add the Baron Pit battlefield token to the board if it's not there already. If you do, I enter there.
I can't be chosen by enemy spells and abilities.
Other friendly units have +2 {Might}.",,False,False,,https://riftbound.gg/cards/unl-147a-baron-nashor/
UNL-148,Cursed Sarcophagus,Unleashed,Epic,Gear,,Chaos,4,,,"When you play this, banish all units from your trash.
{Exhaust}: Play a unit banished with this. (You must pay its costs.)",“Do not disturb.” —Sarcophagus inscription,False,False,,https://riftbound.gg/cards/unl-148-cursed-sarcophagus/
UNL-149,Diana - No Longer Human,Unleashed,Epic,Unit,Champion,Chaos,4,3,Diana; Mount Targon,"[Ambush] (You may play me as a [Reaction] to a battlefield where you have units.)
When you play a spell, give me +2 {Might} this turn.",“I cannot turn back.”,False,False,,https://riftbound.gg/cards/unl-149-diana-no-longer-human/
UNL-149A,Diana - No Longer Human,Unleashed,Showcase,Unit,Champion,Chaos,4,3,Diana; Mount Targon,"[Ambush]
When you play a spell, give me +2 {Might} this turn.",“I cannot turn back.”,False,False,,https://riftbound.gg/cards/unl-149a-diana-no-longer-human/
UNL-150,Vex - Apathetic,Unleashed,Epic,Unit,Champion,Chaos,4,4,Yordle; Vex; Shadow Isles,"[Deflect] (Opponents must pay {Any Rune} to choose me with a spell or ability.)
When an opponent plays a unit while I'm at a battlefield, [Stun] it. They can't move it this turn. (It doesn't deal combat damage this turn.)",“I’ll show them the meaning of apathy. Or not.”,False,False,,https://riftbound.gg/cards/unl-150-vex-apathetic/
UNL-150A,Vex - Apathetic,Unleashed,Showcase,Unit,Champion,Chaos,4,4,Yordle; Vex; Shadow Isles,"[Deflect]
When an opponent plays a unit while I'm at a battlefield, [Stun] it. They can't move it this turn.",“I’ll show them the meaning of apathy. Or not.”,False,False,,https://riftbound.gg/cards/unl-150a-vex-apathetic/
UNL-151,Bandle Soldier,Unleashed,Common,Unit,,Order,4,5,Yordle; Bandle City,"[Level 3][>] I enter ready. (While you have 3+ XP, get the effect.)",Bandle Scout Rule 170: Everything makes you better at everything.,False,False,,https://riftbound.gg/cards/unl-151-bandle-soldier/
UNL-152,Black Rose Dignitary,Unleashed,Common,Unit,,Order,3,2,Noxus,"[Assault] (+1 {Might} while I'm an attacker.)
[Deathknell][>] Channel 1 rune exhausted. (When I die, get the effect.)",The beauty of the petals hides the sting of the thorns.,False,False,,https://riftbound.gg/cards/unl-152-black-rose-dignitary/
UNL-153,Carrion Dredger,Unleashed,Common,Unit,,Order,2,1,Mech; Zaun,"[Deathknell][>] Play a 1 {Might} Bird unit token with [Deflect] to your base. (When I die, get the effect. Opponents must pay {Any Rune} to choose a [Deflect] unit with a spell or ability.)",The automaton paused and stared in wonder. Amidst the detritus sat a single unbroken egg.,False,False,,https://riftbound.gg/cards/unl-153-carrion-dredger/
UNL-154,Crimson Pigeons,Unleashed,Common,Unit,,Order,3,3,Bird; Noxus,I have +2 {Might} while I'm attacking with another unit.,They deliver a message.,False,False,,https://riftbound.gg/cards/unl-154-crimson-pigeons/
UNL-155,Heroic Charge,Unleashed,Common,Spell,,Order,3,,,"[Action] (Play on your turn or in showdowns.)
Give a friendly unit +1 {Might} this turn and [Stun] an enemy unit at its location. (A stunned unit doesn't deal combat damage this turn.)",“Sometimes you just gotta do it yourself.” —Poppy,False,False,,https://riftbound.gg/cards/unl-155-heroic-charge/
UNL-156,Loyal Poro,Unleashed,Common,Unit,,Order,3,3,Poro; Freljord,"[Deathknell][>] If I didn't die alone, draw 1. (When I die, get the effect. I wasn't alone if there were other friendly units here.)",A head full of bravery and not much else.,False,False,,https://riftbound.gg/cards/unl-156-loyal-poro/
UNL-156-P,Loyal Poro (Unleashed Nexus Night Promo),Unleashed,Common,Unit,,Order,3,3,Poro; Freljord,"[Deathknell][>] If I didn't die alone, draw 1. (When I die, get the effect. I wasn't alone if there were other friendly units here.)",,True,False,,https://riftbound.gg/cards/unl-156-p-loyal-poro/
UNL-157,Scrutinizing Sergeant,Unleashed,Common,Unit,,Order,6,6,Elite; Demacia,"When you play me, gain 1 XP for each friendly unit.",“Hmmmm …”,False,False,,https://riftbound.gg/cards/unl-157-scrutinizing-sergeant/
UNL-158,Shepherd's Heirloom,Unleashed,Common,Gear,,Order,2,,Equipment,"When you play this, gain 1 XP.
[Equip] — Spend 1 XP (Pay the cost: Attach this to a unit you control.)",“Even the sheep can tell it’s special. And sheep aren’t very smart.”,False,False,,https://riftbound.gg/cards/unl-158-shepherds-heirloom/
UNL-159,Soul Harvest,Unleashed,Common,Spell,,Order,2,,,Kill a unit at a battlefield with 3 {Might} or less.,It won’t hurt a bit—it’ll hurt a LOT.,False,False,,https://riftbound.gg/cards/unl-159-soul-harvest/
UNL-160,Ultrasoft Poro,Unleashed,Common,Unit,,Order,5,5,Poro; Freljord,{Exhaust}: Play two {1 Energy} {Might} Bird unit tokens with [Deflect]. Use this ability only while I'm at a battlefield. (Opponents must pay {Any Rune} to choose a [Deflect] unit with a spell or ability.),How? Magic. And conditioner.,False,False,,https://riftbound.gg/cards/unl-160-ultrasoft-poro/
UNL-160-P,Ultrasoft Poro (Unleashed Nexus Night Promo),Unleashed,Common,Unit,,Order,5,5,Poro; Freljord,{Exhaust}: Play two {1 Energy} {Might} Bird unit tokens with [Deflect]. Use this ability only while I'm at a battlefield. (Opponents must pay {Any Rune} to choose a [Deflect] unit with a spell or ability.),,True,False,,https://riftbound.gg/cards/unl-160-p-ultrasoft-poro/
UNL-161,Divining Shells,Unleashed,Uncommon,Gear,,Order,2,,,"[Vision] (When you play this, look at the top card of your Main Deck. You may recycle it.)
[Action][>] Kill this, {Exhaust}: Give a unit +2 {Might} this turn.",Today’s treasure is tomorrow’s trash.,False,False,,https://riftbound.gg/cards/unl-161-divining-shells/
UNL-162,Enthralling Protector,Unleashed,Uncommon,Unit,,Order,2,2,Fae; Ionia,"[Hunt] (When I conquer or hold, gain 1 XP.)
Spend 2 XP: [Buff] me. (Give me a +1 {Might} buff if I don't have one.)",Irresistible force indeed.,False,False,,https://riftbound.gg/cards/unl-162-enthralling-protector/
UNL-163,Mageseeker Investigator,Unleashed,Uncommon,Unit,,Order,4,4,Demacia,Opponents must pay {Any Rune} for each unit beyond the first to move multiple units to my battlefield at the same time.,“State your name and business.”,False,False,,https://riftbound.gg/cards/unl-163-mageseeker-investigator/
UNL-164,Safety Inspector,Unleashed,Uncommon,Unit,,Order,5,3,Yordle; Bandle City,"You may spend 3 XP as an additional cost to play me.
When you play me, each player must kill one of their units. If you paid my additional cost, you don't kill a unit this way.",“Looks fine to me!”,False,False,,https://riftbound.gg/cards/unl-164-safety-inspector/
UNL-165,Shadow's Call,Unleashed,Uncommon,Spell,,Order,2,,,"Choose a friendly unit without [Temporary]. Give it [Temporary]. Draw 2. (Kill it at the start of its controller's Beginning Phase, before scoring.)",“You’re a disappointment. A failure. Why fight it?”,False,False,,https://riftbound.gg/cards/unl-165-shadows-call/
UNL-166,Stalking Wolf,Unleashed,Uncommon,Unit,,Order,4,6,Dog; Freljord,"[Ambush] (You may play me as a [Reaction] to a battlefield where you have units.)
As an additional cost to play me, kill a Bird, Cat, Dog, or Poro you control. You may play me to its battlefield (even if you don't have other units there).",Nature does not seek forgiveness.,False,False,,https://riftbound.gg/cards/unl-166-stalking-wolf/
UNL-167,Starhound,Unleashed,Uncommon,Unit,,Order,5,6,Dog; Mount Targon,"When you play me, return a Bird, Cat, Dog, or Poro from your trash to your hand.","It guards the flock, no matter where they stray.",False,False,,https://riftbound.gg/cards/unl-167-starhound/
UNL-168,Undying Loyalty,Unleashed,Uncommon,Spell,,Order,2,,,"This costs {2 Energy} less if you choose a Bird, Cat, Dog, or Poro.
Play a unit with cost no more than {2 Energy} and no more than {Any Rune} from your trash, ignoring its cost.","“We would call them all back, if we could.”",False,False,,https://riftbound.gg/cards/unl-168-undying-loyalty/
UNL-168-P,Undying Loyalty (Unleashed Nexus Night Promo),Unleashed,Uncommon,Spell,,Order,2,,,"This costs {2 Energy} less if you choose a Bird, Cat, Dog, or Poro.
Play a unit with cost no more than {2 Energy} and no more than {Any Rune} from your trash, ignoring its cost.",,True,False,,https://riftbound.gg/cards/unl-168-p-undying-loyalty/
UNL-169,Ashe - Focused,Unleashed,Rare,Unit,Champion,Order,5,4,Freljord; Ashe,"When you play me, choose an opponent. They reveal their hand. Choose a card revealed this way and banish it. When they hold, return it to their hand (even if I'm no longer on the board).","“No fate is written, except by us.”",False,False,,https://riftbound.gg/cards/unl-169-ashe-focused/
UNL-169-P,Ashe - Focused (Pre-Rift Promo),Unleashed,Rare,Unit,Champion,Order,5,4,Freljord; Ashe,"When you play me, choose an opponent. They reveal their hand. Choose a card revealed this way and banish it. When they hold, return it to their hand (even if I'm no longer on the board).",,True,False,,https://riftbound.gg/cards/unl-169-p-ashe-focused/
UNL-170,Atakhan,Unleashed,Rare,Unit,,Order,10,7,Noxus; Demon,"You may kill a friendly unit as an additional cost to play me. If you do, I cost {1 Energy} less for each Energy it costs and {Order Rune} less for each Power it costs.
[Ganking] (I can move from battlefield to battlefield.)
When I attack, the defender must kill one of their units here.",,False,False,,https://riftbound.gg/cards/unl-170-atakhan/
UNL-171,Galio - Indefatigable,Unleashed,Rare,Unit,Champion,Order,3,6,Demacia; Galio,"[Deflect] (Opponents must pay {Any Rune} to choose me with a spell or ability.)
[Tank] (I must be assigned combat damage first.)
I don't deal combat damage.",“Hahahaha! Did we win yet?”,False,False,,https://riftbound.gg/cards/unl-171-galio-indefatigable/
UNL-172,LeBlanc - Fragmented,Unleashed,Rare,Unit,Champion,Order,3,3,Noxus; LeBlanc,"[Assault] (+1 {Might} while I'm an attacker.)
[Deathknell][>] Draw 1. If it's your Beginning Phase, draw 2 instead. (When I die, get the effect.)",“My greatest strength is that there are so many of us …”,False,False,,https://riftbound.gg/cards/unl-172-leblanc-fragmented/
UNL-172A,LeBlanc - Fragmented,Unleashed,Showcase,Unit,Champion,Order,3,3,Noxus; LeBlanc,"[Assault]
[Deathknell][>] Draw 1. If it's your Beginning Phase, draw 2 instead.",“My greatest strength is that there are so many of us …”,False,False,,https://riftbound.gg/cards/unl-172a-leblanc-fragmented/
UNL-173,Sacrifice,Unleashed,Rare,Spell,,Order,1,,,"[Reaction] (Play any time, even before spells and abilities resolve.)
As an additional cost to play this, kill a friendly [Mighty] unit. (A unit is Mighty while it has 5+ {Might}.)
Draw 2 and channel 1 rune exhausted.",,False,False,,https://riftbound.gg/cards/unl-173-sacrifice/
UNL-174,Shard of Undoing,Unleashed,Rare,Gear,,Order,6,,,"The first time a friendly unit dies during your Beginning Phase each turn, each opponent must kill one of their units.",Treasure is eternal. It’s life that’s fleeting.,False,False,,https://riftbound.gg/cards/unl-174-shard-of-undoing/
UNL-175,Tactical Retreat,Unleashed,Rare,Spell,,Order,2,,,"[Reaction] (Play any time, even before spells and abilities resolve.)
Choose a friendly unit. The next time it would die this turn, heal it, exhaust it, and recall it instead. (Send it to base. This isn't a move.)",Valor has nothing on discretion.,False,False,,https://riftbound.gg/cards/unl-175-tactical-retreat/
UNL-176,Vi - Peacekeeper,Unleashed,Rare,Unit,Champion,Order,5,5,Vi; Piltover,"[Ambush] (You may play me as a [Reaction] to a battlefield where you have units.)
When I attack, [Stun] an enemy unit here. (It doesn't deal combat damage this turn.)",“I’m my own backup.”,False,False,,https://riftbound.gg/cards/unl-176-vi-peacekeeper/
UNL-176A,Vi - Peacekeeper,Unleashed,Showcase,Unit,Champion,Order,5,5,Vi; Piltover,"[Ambush]
When I attack, [Stun] an enemy unit here.",“I’m my own backup.”,False,False,,https://riftbound.gg/cards/unl-176a-vi-peacekeeper/
UNL-177,Ivern - Friend to All,Unleashed,Epic,Unit,Champion,Order,6,6,Ivern; Ionia,"As you play me, choose Bird, Cat, Dog, or Poro. I gain that tag.
When I conquer or hold, score 1 point if your units have all of the following tags among them — Bird, Cat, Dog, and Poro.",“Life is such a strange miracle.”,False,False,,https://riftbound.gg/cards/unl-177-ivern-friend-to-all/
UNL-177A,Ivern - Friend to All,Unleashed,Showcase,Unit,Champion,Order,6,6,Ivern; Ionia,"As you play me, choose Bird, Cat, Dog, or Poro. I gain that tag.
When I conquer or hold, score 1 point if your units have all of the following tags among them — Bird, Cat, Dog, and Poro.",“Life is such a strange miracle.”,False,False,,https://riftbound.gg/cards/unl-177a-ivern-friend-to-all/
UNL-178,Poppy - Defender of the Meek,Unleashed,Epic,Unit,Champion,Order,6,5,Yordle; Demacia; Poppy,"You may spend 3 XP as an additional cost to play me. If you do, I cost {3 Energy} less.
[Ambush] (You may play me as a [Reaction] to a battlefield where you have units.)
[Tank] (I must be assigned combat damage first.)",,False,False,,https://riftbound.gg/cards/unl-178-poppy-defender-of-the-meek/
UNL-178-P,Poppy - Defender of the Meek (Unleashed Regionals),Unleashed,Showcase,Unit,Champion,Order,6,5,Yordle; Demacia; Poppy,"You may spend 3 XP as an additional cost to play me. If you do, I cost {3 Energy} less.
[Ambush] (You may play me as a [Reaction] to a battlefield where you have units.)
[Tank] (I must be assigned combat damage first.)",,True,False,,https://riftbound.gg/cards/unl-178-p-poppy-defender-of-the-meek/
UNL-178A,Poppy - Defender of the Meek,Unleashed,Showcase,Unit,Champion,Order,6,5,Yordle; Demacia; Poppy,"You may spend 3 XP as an additional cost to play me. If you do, I cost {3 Energy} less.
[Ambush]
[Tank]","“I’m in, 100%! That’s everything, right?”",False,False,,https://riftbound.gg/cards/unl-178a-poppy-defender-of-the-meek/
UNL-178a-P,Poppy - Defender of the Meek (Unleashed Regionals),Unleashed,Showcase,Unit,Champion,Order,6,5,Yordle; Demacia; Poppy,"You may spend 3 XP as an additional cost to play me. If you do, I cost {3 Energy} less.
[Ambush] (You may play me as a [Reaction] to a battlefield where you have units.)
[Tank] (I must be assigned combat damage first.)",,True,False,,https://riftbound.gg/cards/unl-178a-p-poppy-defender-of-the-meek/
UNL-178b-P,Poppy - Defender of the Meek (Unleashed Regionals),Unleashed,Showcase,Unit,Champion,Order,6,5,Yordle; Demacia; Poppy,"You may spend 3 XP as an additional cost to play me. If you do, I cost {3 Energy} less.
[Ambush] (You may play me as a [Reaction] to a battlefield where you have units.)
[Tank] (I must be assigned combat damage first.)",,True,False,,https://riftbound.gg/cards/unl-178b-p-poppy-defender-of-the-meek/
UNL-179,Rift Herald,Unleashed,Epic,Unit,,Order,8,7,The Void,"When I move to a battlefield, look at the top 3 cards of your Main Deck. You may reveal a unit from among them and draw it. Recycle the rest.
[Deathknell][>] Play a unit from your hand to your base, ignoring its Energy cost. (When I die, get the effect. You must still pay its Power cost.)",,False,False,,https://riftbound.gg/cards/unl-179-rift-herald/
UNL-179A,Rift Herald,Unleashed,Showcase,Unit,,Order,8,7,The Void,"When I move to a battlefield, look at the top 3 cards of your Main Deck. You may reveal a unit from among them and draw it. Recycle the rest.
[Deathknell][>] Play a unit from your hand to your base, ignoring its Energy cost.",,False,False,,https://riftbound.gg/cards/unl-179a-rift-herald/
UNL-180,The Ruination,Unleashed,Epic,Spell,,Order,9,,,Kill all units.,"“No price is too great. No atrocity beyond my reach. For her, I will do anything.”",False,False,,https://riftbound.gg/cards/unl-180-the-ruination/
UNL-181,Jhin - Virtuoso,Unleashed,Rare,Legend,,Fury; Mind,,,Jhin,"When you play a spell, if you spent {4 Energy} or more, you may banish it. Then, if there are four spells banished with me, put each in its trash, channel 4 runes, and draw 1.",,False,False,,https://riftbound.gg/cards/unl-181-jhin-virtuoso/
UNL-182,Curtain Call,Unleashed,Epic,Spell,Signature,Fury; Mind,4,,Jhin,"[Repeat] — {1 Energy} / {Any Rune} / {1 Energy}{Any Rune} (You may pay each additional cost to repeat this spell's effect.)
Choose one you haven't already chosen —Draw 1.Deal 2 to a unit at a battlefield.Deal 3 to a unit at a base.Give a unit at a battlefield -4 {Might} this turn.",,False,False,,https://riftbound.gg/cards/unl-182-curtain-call/
UNL-183,Rengar - Pridestalker,Unleashed,Rare,Legend,,Fury; Body,,,Rengar,"When you play a unit, give a unit +1 {Might} this turn.",,False,False,,https://riftbound.gg/cards/unl-183-rengar-pridestalker/
UNL-184,Thrill of the Hunt,Unleashed,Epic,Spell,Signature,Fury; Body,2,,Rengar,"[Reaction] (Play any time, even before spells and abilities resolve.)
Banish a friendly unit, then its owner plays it to any battlefield, ignoring its cost.",“What a glorious hunt!”,False,False,,https://riftbound.gg/cards/unl-184-thrill-of-the-hunt/
UNL-185,Pyke - Bloodharbor Ripper,Unleashed,Rare,Legend,,Fury; Chaos,,,Pyke,"{1 Energy}, {Exhaust}: Return a friendly unit at a battlefield to its owner's hand. Play a Gold gear token exhausted. (It has ""[Reaction][>] Kill this, {Exhaust}: [Add] {Any Rune}."")",,False,False,,https://riftbound.gg/cards/unl-185-pyke-bloodharbor-ripper/
UNL-186,Death from Below,Unleashed,Epic,Spell,Signature,Fury; Chaos,4,,Pyke,"Kill a unit at a battlefield. Then, if it had 3 {Might} or less, you may play this from your trash for {Any Rune}.","“Keep a man down long enough, and the gutter becomes his kingdom.”  
—Pyke",False,False,"Kill a unit at a battlefield. Then, if it had 3 {Might} or less, do this: You may play this from your trash for {Any Rune}.",https://riftbound.gg/cards/unl-186-death-from-below/
UNL-187,Vi - Piltover Enforcer,Unleashed,Rare,Legend,,Fury; Order,,,Vi,"When you conquer, if you assigned 3 or more excess damage, you may exhaust me to ready a unit.",,False,False,,https://riftbound.gg/cards/unl-187-vi-piltover-enforcer/
UNL-188,Hextech Gauntlets,Unleashed,Epic,Gear,Signature,Fury; Order,3,,Vi; Equipment,[Equip] {3 Energy}{Any Rune}. This ability's Energy cost is reduced by the Might of the unit you choose. (Pay the cost: Attach this to a unit you control.),,False,False,,https://riftbound.gg/cards/unl-188-hextech-gauntlets/
UNL-189,Lillia - Bashful Bloom,Unleashed,Rare,Legend,,Calm; Mind,,,Lillia,"{4 Energy}, {Exhaust}: Play a ready 3 {Might} Sprite unit token with [Temporary]. This ability costs {1 Energy} less for each friendly unit with [Temporary].",,False,False,,https://riftbound.gg/cards/unl-189-lillia-bashful-bloom/
UNL-190,Lilting Lullaby,Unleashed,Epic,Spell,Signature,Calm; Mind,2,,Lillia,"[Reaction] (Play any time, even before spells and abilities resolve.)
Counter a spell. Its controller can't play spells this turn.","“Sleepy time!”  
—Lillia",False,False,,https://riftbound.gg/cards/unl-190-lilting-lullaby/
UNL-191,Master Yi - Wuju Master,Unleashed,Rare,Legend,,Calm; Body,,,Master Yi,"[Level 6][>] Your units have +1 {Might}. (While you have 6+ XP, get the effect.)
[Level 11][>] Your units enter ready.",,False,False,,https://riftbound.gg/cards/unl-191-master-yi-wuju-master/
UNL-192,Alpha Strike,Unleashed,Epic,Spell,Signature,Calm; Body,3,,Master Yi,"[Action] (Play on your turn or in showdowns.)
Choose a friendly unit. It deals damage equal to its Might split among enemy units at battlefields. Then for each unit this kills, do this: Gain 1 XP.","“Many foes, one strike!” —Master Yi",False,False,,https://riftbound.gg/cards/unl-192-alpha-strike/
UNL-193,Vex - Gloomist,Unleashed,Rare,Legend,,Calm; Chaos,,,Vex,"When you or an ally hold, you may exhaust me to draw 1.",,False,False,,https://riftbound.gg/cards/unl-193-vex-gloomist/
UNL-194,Shadow,Unleashed,Epic,Unit,Signature,Calm; Chaos,3,3,Vex; Shadow Isles,"If you play me to a battlefield, I enter ready.
[Action][>] {1 Energy}{Any Rune}, {Exhaust}: [Stun] an enemy unit attacking here. (It doesn't deal combat damage this turn.)","“Another person to kill. Shadow, can you handle it?” —Vex",False,False,,https://riftbound.gg/cards/unl-194-shadow/
UNL-195,Ivern - Green Father,Unleashed,Rare,Legend,,Calm; Order,,,Ivern,"When you conquer or hold, you may exhaust me to replace that battlefield with a Brush battlefield token. (Bird, Cat, Dog, Poro, and Ivern units have +1 {Might} in Brush. It can be swapped back when scored.)",,False,False,,https://riftbound.gg/cards/unl-195-ivern-green-father/
UNL-196,Daisy!,Unleashed,Epic,Unit,Signature,Calm; Order,9,8,Ivern; Ionia,"I enter ready.
Reduce my cost by {1 Energy} for each of the following tags among your units — Bird, Cat, Dog, and Poro.
When I attack while your units have all 4 tags, [Stun] an enemy unit here. (It doesn't deal combat damage this turn.)",,False,False,,https://riftbound.gg/cards/unl-196-daisy/
UNL-197,Diana - Scorn of the Moon,Unleashed,Rare,Legend,,Mind; Chaos,,,Diana,[Reaction][>] {Exhaust}: [Add] {1 Energy}. Spend this Energy only during showdowns. (Abilities that add resources can't be reacted to.),,False,False,,https://riftbound.gg/cards/unl-197-diana-scorn-of-the-moon/
UNL-198,Moonfall,Unleashed,Epic,Spell,Signature,Mind; Chaos,3,,Diana,"[Action] (Play on your turn or in showdowns.)
Choose a battlefield where you have units. You may move up to one enemy unit to that battlefield. Then give enemy units there -2 {Might} this turn.",“Night approaches!” —Diana,False,False,,https://riftbound.gg/cards/unl-198-moonfall/
UNL-199,LeBlanc - Deceiver,Unleashed,Rare,Legend,,Mind; Order,,,LeBlanc,"When you conquer or hold, you may discard 1 and exhaust me to play a ready Reflection unit token there. It becomes a copy of another unit there. Give it [Temporary].",,False,False,"When you conquer or hold, you may discard 1 and exhaust me to play a ready Reflection unit token there. Then do this: It becomes a copy of another unit there. Give it [Temporary].",https://riftbound.gg/cards/unl-199-leblanc-deceiver/
UNL-200,Mirror Image,Unleashed,Epic,Spell,Signature,Mind; Order,3,,LeBlanc,"Choose a unit. Play a ready Reflection unit token to your base. It becomes a copy of that unit. Give it [Temporary]. (Kill it at the start of its controller's Beginning Phase, before scoring.)",“The best lies are beautiful.”,False,False,"Choose a unit. Play a ready Reflection unit token to your base. Then do this: It becomes a copy of that unit. Give it [Temporary]. (Kill it at the start of its controller's Beginning Phase, before scoring.)",https://riftbound.gg/cards/unl-200-mirror-image/
UNL-201,Kha'Zix - Voidreaver,Unleashed,Rare,Legend,,Body; Chaos,,,Kha'Zix,"When you win a combat, gain 1 XP.
Spend 1 XP, {Exhaust}: [Buff] a unit.
Spend 2 XP, {Exhaust}: Move an exhausted friendly unit from a battlefield to its base.",,False,False,,https://riftbound.gg/cards/unl-201-khazix-voidreaver/
UNL-202,Void Assault,Unleashed,Epic,Spell,Signature,Body; Chaos,2,,Kha'Zix,"Move a friendly unit, then move an enemy unit. (If they both move to a battlefield you don't control, you're the attacker.)","“If I eat you, will I learn how to die?” —Kha’Zix",False,False,,https://riftbound.gg/cards/unl-202-void-assault/
UNL-203,Poppy - Keeper of the Hammer,Unleashed,Rare,Legend,,Body; Order,,,Poppy,"When you hold, gain 1 XP.
Spend 3 XP, {Exhaust}: Draw 1.",,False,False,,https://riftbound.gg/cards/unl-203-poppy-keeper-of-the-hammer/
UNL-204,Keeper's Verdict,Unleashed,Epic,Spell,Signature,Body; Order,2,,Poppy,"[Action] (Play on your turn or in showdowns.)
Choose an enemy unit at a battlefield. Its owner places it on the top or bottom of their Main Deck.",“And don’t come back!” —Poppy,False,False,,https://riftbound.gg/cards/unl-204-keepers-verdict/
UNL-205,Abandoned Hall,Unleashed,Uncommon,Battlefield,,Colorless,,,,"When a player plays a spell, they may give a unit they control here +1 {Might} this turn.",,False,False,,https://riftbound.gg/cards/unl-205-abandoned-hall/
UNL-206,Altar of Blood,Unleashed,Uncommon,Battlefield,,Colorless,,,,"If a unit here would die during combat, its controller may pay {Any Rune}{Any Rune}{Any Rune} to heal it, exhaust it, and recall it instead.",,False,False,,https://riftbound.gg/cards/unl-206-altar-of-blood/
UNL-207,Amateur Recital,Unleashed,Uncommon,Battlefield,,Colorless,,,,"When you hold here, you may move a unit at a battlefield to its base.",,False,False,,https://riftbound.gg/cards/unl-207-amateur-recital/
UNL-208,Black Flame Altar,Unleashed,Uncommon,Battlefield,,Colorless,,,,Units here with [Temporary] have [Shield]. (+1 {Might} while they're defenders.),,False,False,,https://riftbound.gg/cards/unl-208-black-flame-altar/
UNL-209,Dusk Rose Lab,Unleashed,Uncommon,Battlefield,,Colorless,,,,"At the start of your Beginning Phase, you may kill a unit you control here to draw 1. (This happens before scoring.)",,False,False,,https://riftbound.gg/cards/unl-209-dusk-rose-lab/
UNL-210,Forbidding Waste,Unleashed,Uncommon,Battlefield,,Colorless,,,,"While a unit here is defending alone, it has -2 {Might}. (It's alone if there are no other friendly units here.)",,False,False,,https://riftbound.gg/cards/unl-210-forbidding-waste/
UNL-211,Forgotten Library,Unleashed,Uncommon,Battlefield,,Colorless,,,,"While you control this battlefield, when you play a spell, if you spent {4 Energy} or more, [Predict]. (Look at the top card of your Main Deck. You may recycle it.)",,False,False,,https://riftbound.gg/cards/unl-211-forgotten-library/
UNL-212,Frozen Fortress,Unleashed,Uncommon,Battlefield,,Colorless,,,,"At the start of each player's Beginning Phase, deal 1 to each unit here. (This happens before scoring.)",,False,False,,https://riftbound.gg/cards/unl-212-frozen-fortress/
UNL-213,Gardens of Becoming,Unleashed,Uncommon,Battlefield,,Colorless,,,,"Units here have ""{Exhaust}: Gain 1 XP.""",,False,False,,https://riftbound.gg/cards/unl-213-gardens-of-becoming/
UNL-214,Ripper's Bay,Unleashed,Uncommon,Battlefield,,Colorless,,,,"When a unit here is returned to a player's hand, that player may pay {1 Energy} to channel 1 rune exhausted.",,False,False,,https://riftbound.gg/cards/unl-214-rippers-bay/
UNL-215,Star Spring,Unleashed,Uncommon,Battlefield,,Colorless,,,,"The first time a player plays a non-token unit here each turn, they may move another unit they control here to its base.",,False,False,,https://riftbound.gg/cards/unl-215-star-spring/
UNL-216,The Academy,Unleashed,Uncommon,Battlefield,,Colorless,,,,"When you hold here, give your next spell this turn [Repeat] equal to its base cost. (You may pay the additional cost to repeat the spell's effect.)",,False,False,,https://riftbound.gg/cards/unl-216-the-academy/
UNL-217,Trapping Grounds,Unleashed,Uncommon,Battlefield,,Colorless,,,,"When you conquer here, if you assigned 3 or more excess damage, play a 1 {Might} Bird unit token with [Deflect].",,False,False,,https://riftbound.gg/cards/unl-217-trapping-grounds/
UNL-218,Valley of Idols,Unleashed,Uncommon,Battlefield,,Colorless,,,,"When a player plays a unit here, they may pay {1 Energy} to [Buff] it. (Give it a +1 {Might} buff if it doesn't have one.)",,False,False,,https://riftbound.gg/cards/unl-218-valley-of-idols/
UNL-219,Vaults of Helia,Unleashed,Uncommon,Battlefield,,Colorless,,,,"When you hold here, your non-token units cost {1 Energy} more to play this turn.",,False,False,,https://riftbound.gg/cards/unl-219-vaults-of-helia/
UNL-220,Pouty Poro,Unleashed,Showcase,Unit,,Fury,2,2,Poro,[Deflect],"There will be winds we cannot face  
And cold that reaches to our bone",False,False,,https://riftbound.gg/cards/unl-220-pouty-poro/
UNL-221,Lonely Poro,Unleashed,Showcase,Unit,,Calm,2,2,Poro; Freljord,"[Deathknell][>] If I died alone, draw 1.","We may have fallen out of grace  
We may feel we are all alone",False,False,,https://riftbound.gg/cards/unl-221-lonely-poro/
UNL-222,Plundering Poro,Unleashed,Showcase,Unit,,Mind,2,2,Poro; Pirate; Bilgewater,"When I conquer, play a Gold gear token exhausted.","But dreams are brighter than we know  
And shine like gold to lead us home",False,False,,https://riftbound.gg/cards/unl-222-plundering-poro/
UNL-223,Veteran Poro,Unleashed,Showcase,Unit,,Body,2,2,Poro; Freljord,[Weaponmaster],"As others know when we’ve been strong  
So others strive to be enough",False,False,,https://riftbound.gg/cards/unl-223-veteran-poro/
UNL-224,Mystic Poro,Unleashed,Showcase,Unit,,Chaos,2,2,Poro,[Vision],"Now let us find the strength in song  
And let it raise our hearts aloft",False,False,,https://riftbound.gg/cards/unl-224-mystic-poro/
UNL-225,Daring Poro,Unleashed,Showcase,Unit,,Order,2,2,Poro,[Assault],"We rush to meet the rising dawn  
And may it lead us to our fluff",False,False,,https://riftbound.gg/cards/unl-225-daring-poro/
UNL-226,Jhin - Virtuoso,Unleashed,Showcase,Legend,,Fury; Mind,,,Jhin,"When you play a spell, if you spent {4 Energy} or more, you may banish it. Then, if there are four spells banished with me, put each in its trash, channel 4 runes, and draw 1.",,False,False,,https://riftbound.gg/cards/unl-226-jhin-virtuoso/
UNL-226-STAR,Jhin - Virtuoso,Unleashed,Showcase,Legend,,Fury; Mind,,,Jhin,"When you play a spell, if you spent {4 Energy} or more, you may banish it. Then, if there are four spells banished with me, put each in its trash, channel 4 runes, and draw 1.",,False,False,,https://riftbound.gg/cards/unl-226-star-jhin-virtuoso/
UNL-227,Rengar - Pridestalker,Unleashed,Showcase,Legend,,Fury; Body,,,Rengar,"When you play a unit, give a unit +1 {Might} this turn.",,False,False,,https://riftbound.gg/cards/unl-227-rengar-pridestalker/
UNL-227-STAR,Rengar - Pridestalker,Unleashed,Showcase,Legend,,Fury; Body,,,Rengar,"When you play a unit, give a unit +1 {Might} this turn.",,False,False,,https://riftbound.gg/cards/unl-227-star-rengar-pridestalker/
UNL-228,Pyke - Bloodharbor Ripper,Unleashed,Showcase,Legend,,Fury; Chaos,,,Pyke,"{1 Energy}, {Exhaust}: Return a friendly unit at a battlefield to its owner's hand. Play a Gold gear token exhausted.",,False,False,,https://riftbound.gg/cards/unl-228-pyke-bloodharbor-ripper/
UNL-228-STAR,Pyke - Bloodharbor Ripper,Unleashed,Showcase,Legend,,Fury; Chaos,,,Pyke,"{1 Energy}, {Exhaust}: Return a friendly unit at a battlefield to its owner's hand. Play a Gold gear token exhausted.",,False,False,,https://riftbound.gg/cards/unl-228-star-pyke-bloodharbor-ripper/
UNL-229,Vi - Piltover Enforcer,Unleashed,Showcase,Legend,,Fury; Order,,,Vi,"When you conquer, if you assigned 3 or more excess damage, you may exhaust me to ready a unit.",,False,False,,https://riftbound.gg/cards/unl-229-vi-piltover-enforcer/
UNL-229-STAR,Vi - Piltover Enforcer,Unleashed,Showcase,Legend,,Fury; Order,,,Vi,"When you conquer, if you assigned 3 or more excess damage, you may exhaust me to ready a unit.",,False,False,,https://riftbound.gg/cards/unl-229-star-vi-piltover-enforcer/
UNL-230,Lillia - Bashful Bloom,Unleashed,Showcase,Legend,,Calm; Mind,,,Lillia,"{4 Energy}, {Exhaust}: Play a ready 3 {Might} Sprite unit token with [Temporary]. This ability costs {1 Energy} less for each friendly unit with [Temporary].",,False,False,,https://riftbound.gg/cards/unl-230-lillia-bashful-bloom/
UNL-230-STAR,Lillia - Bashful Bloom,Unleashed,Showcase,Legend,,Calm; Mind,,,Lillia,"{4 Energy}, {Exhaust}: Play a ready 3 {Might} Sprite unit token with [Temporary]. This ability costs {1 Energy} less for each friendly unit with [Temporary].",,False,False,,https://riftbound.gg/cards/unl-230-star-lillia-bashful-bloom/
UNL-231,Master Yi - Wuju Master,Unleashed,Showcase,Legend,,Calm; Body,,,Master Yi,"[Level 6][>] Your units have +1 {Might}.
[Level 11][>] Your units enter ready.",,False,False,,https://riftbound.gg/cards/unl-231-master-yi-wuju-master/
UNL-231-STAR,Master Yi - Wuju Master,Unleashed,Showcase,Legend,,Calm; Body,,,Master Yi,"[Level 6][>] Your units have +1 {Might}.
[Level 11][>] Your units enter ready.",,False,False,,https://riftbound.gg/cards/unl-231-star-master-yi-wuju-master/
UNL-232,Vex - Gloomist,Unleashed,Showcase,Legend,,Calm; Chaos,,,Vex,"When you or an ally hold, you may exhaust me to draw 1.",,False,False,,https://riftbound.gg/cards/unl-232-vex-gloomist/
UNL-232-STAR,Vex - Gloomist,Unleashed,Showcase,Legend,,Calm; Chaos,,,Vex,"When you or an ally hold, you may exhaust me to draw 1.",,False,False,,https://riftbound.gg/cards/unl-232-star-vex-gloomist/
UNL-233,Ivern - Green Father,Unleashed,Showcase,Legend,,Calm; Order,,,Ivern,"When you conquer or hold, you may exhaust me to replace that battlefield with a Brush battlefield token.",,False,False,,https://riftbound.gg/cards/unl-233-ivern-green-father/
UNL-233-STAR,Ivern - Green Father,Unleashed,Showcase,Legend,,Calm; Order,,,Ivern,"When you conquer or hold, you may exhaust me to replace that battlefield with a Brush battlefield token.",,False,False,,https://riftbound.gg/cards/unl-233-star-ivern-green-father/
UNL-234,Diana - Scorn of the Moon,Unleashed,Showcase,Legend,,Mind; Chaos,,,Diana,[Reaction][>] {Exhaust}: [Add] {1 Energy}. Spend this Energy only during showdowns.,,False,False,,https://riftbound.gg/cards/unl-234-diana-scorn-of-the-moon/
UNL-234-STAR,Diana - Scorn of the Moon,Unleashed,Showcase,Legend,,Mind; Chaos,,,Diana,[Reaction][>] {Exhaust}: [Add] {1 Energy}. Spend this Energy only during showdowns.,,False,False,,https://riftbound.gg/cards/unl-234-star-diana-scorn-of-the-moon/
UNL-235,LeBlanc - Deceiver,Unleashed,Showcase,Legend,,Mind; Order,,,LeBlanc,"When you conquer or hold, you may discard 1 and exhaust me to play a ready Reflection unit token there. It becomes a copy of another unit there. Give it [Temporary].",,False,False,"When you conquer or hold, you may discard 1 and exhaust me to play a ready Reflection unit token there. Then do this: It becomes a copy of another unit there. Give it [Temporary].",https://riftbound.gg/cards/unl-235-leblanc-deceiver/
UNL-235-STAR,LeBlanc - Deceiver,Unleashed,Showcase,Legend,,Mind; Order,,,LeBlanc,"When you conquer or hold, you may discard 1 and exhaust me to play a ready Reflection unit token there. It becomes a copy of another unit there. Give it [Temporary].",,False,False,"When you conquer or hold, you may discard 1 and exhaust me to play a ready Reflection unit token there. Then do this: It becomes a copy of another unit there. Give it [Temporary].",https://riftbound.gg/cards/unl-235-star-leblanc-deceiver/
UNL-236,Kha'Zix - Voidreaver,Unleashed,Showcase,Legend,,Body; Chaos,,,Kha'Zix,"When you win a combat, gain 1 XP.
Spend 1 XP, {Exhaust}: [Buff] a unit.
Spend 2 XP, {Exhaust}: Move an exhausted friendly unit from a battlefield to its base.",,False,False,,https://riftbound.gg/cards/unl-236-khazix-voidreaver/
UNL-236-STAR,Kha'Zix - Voidreaver,Unleashed,Showcase,Legend,,Body; Chaos,,,Kha'Zix,"When you win a combat, gain 1 XP.
Spend 1 XP, {Exhaust}: [Buff] a unit.
Spend 2 XP, {Exhaust}: Move an exhausted friendly unit from a battlefield to its base.",,False,False,,https://riftbound.gg/cards/unl-236-star-khazix-voidreaver/
UNL-237,Poppy - Keeper of the Hammer,Unleashed,Showcase,Legend,,Body; Order,,,Poppy,"When you hold, gain 1 XP.
Spend 3 XP, {Exhaust}: Draw 1.",,False,False,,https://riftbound.gg/cards/unl-237-poppy-keeper-of-the-hammer/
UNL-237-STAR,Poppy - Keeper of the Hammer,Unleashed,Showcase,Legend,,Body; Order,,,Poppy,"When you hold, gain 1 XP.
Spend 3 XP, {Exhaust}: Draw 1.",,False,False,,https://riftbound.gg/cards/unl-237-star-poppy-keeper-of-the-hammer/
UNL-238,Baron Nashor,Unleashed,Showcase,Unit,,Chaos,10,12,The Void,"As you play me, add the Baron Pit battlefield token to the board if it's not there already. If you do, I enter there.
I can't be chosen by enemy spells and abilities.
Other friendly units have +2 {Might}.",,False,False,,https://riftbound.gg/cards/unl-238-baron-nashor/
UNL-R01,Fury Rune,Unleashed,Common,Rune,Basic,Fury,,,,,,False,False,,https://riftbound.gg/cards/unl-r01-fury-rune/
UNL-R01a,Fury Rune,Unleashed,Showcase,Rune,Basic,Fury,,,,,,False,False,,https://riftbound.gg/cards/unl-r01a-fury-rune/
UNL-R01b,Fury Rune (Unleashed Nexus Night Promo),Unleashed,Showcase,Rune,Basic,Fury,,,,,,True,False,,https://riftbound.gg/cards/unl-r01b-fury-rune-nexus-night-promo/
UNL-R02,Calm Rune,Unleashed,Common,Rune,Basic,Calm,,,,,,False,False,,https://riftbound.gg/cards/unl-r02-calm-rune/
UNL-R02a,Calm Rune,Unleashed,Showcase,Rune,Basic,Calm,,,,,,False,False,,https://riftbound.gg/cards/unl-r02a-calm-rune/
UNL-R02b,Calm Rune (Unleashed Nexus Night),Unleashed,Showcase,Rune,Basic,Calm,,,,,,True,False,,https://riftbound.gg/cards/unl-r02b-calm-rune-unleashed-nexus-night/
UNL-R03,Mind Rune,Unleashed,Common,Rune,Basic,Mind,,,,,,False,False,,https://riftbound.gg/cards/unl-r03-mind-rune/
UNL-R03a,Mind Rune,Unleashed,Showcase,Rune,Basic,Mind,,,,,,False,False,,https://riftbound.gg/cards/unl-r03a-mind-rune/
UNL-R03b,Mind Rune (Unleashed Nexus Night Promo),Unleashed,Showcase,Rune,Basic,Mind,,,,,,True,False,,https://riftbound.gg/cards/unl-r03b-mind-rune-unleashed-nexus-night-promo/
UNL-R04,Body Rune,Unleashed,Common,Rune,Basic,Body,,,,,,False,False,,https://riftbound.gg/cards/unl-r04-body-rune/
UNL-R04a,Body Rune,Unleashed,Showcase,Rune,Basic,Body,,,,,,False,False,,https://riftbound.gg/cards/unl-r04a-body-rune/
UNL-R04b,Body Rune (Unleashed Nexus Night Promo),Unleashed,Showcase,Rune,Basic,Body,,,,,,True,False,,https://riftbound.gg/cards/unl-r04b-body-rune-unleashed-nexus-night-promo/
UNL-R05,Chaos Rune,Unleashed,Common,Rune,Basic,Chaos,,,,,,False,False,,https://riftbound.gg/cards/unl-r05-chaos-rune/
UNL-R05a,Chaos Rune,Unleashed,Showcase,Rune,Basic,Chaos,,,,,,False,False,,https://riftbound.gg/cards/unl-r05a-chaos-rune/
UNL-R05b,Chaos Rune (Unleashed Nexus Night Promo),Unleashed,Showcase,Rune,Basic,Chaos,,,,,,True,False,,https://riftbound.gg/cards/unl-r05b-chaos-rune-unleashed-nexus-night-promo/
UNL-R06,Order Rune,Unleashed,Common,Rune,Basic,Order,,,,,,False,False,,https://riftbound.gg/cards/unl-r06-order-rune/
UNL-R06a,Order Rune,Unleashed,Showcase,Rune,Basic,Order,,,,,,False,False,,https://riftbound.gg/cards/unl-r06a-order-rune/
UNL-R06b,Order Rune (Unleashed Nexus Night Promo),Unleashed,Showcase,Rune,Basic,Order,,,,,,True,False,,https://riftbound.gg/cards/unl-r06b-order-rune-unleashed-nexus-night-promo/
UNL-T01,Baron Pit // Buff,Unleashed,Common,Battlefield,Token,Colorless,0,0,,"(You can't start the game with a token battlefield.)
Units can move here from anywhere.",,False,False,,https://riftbound.gg/cards/unl-t01-baron-pit/
UNL-T01g,Baron Pit // Gold,Unleashed,Common,Battlefield,Token,Colorless,0,0,,"(You can't start the game with a token battlefield.)
Units can move here from anywhere.",,False,False,,https://riftbound.gg/cards/unl-t01g-baron-pit/
UNL-T02,Bird // Buff,Unleashed,Common,Unit,Token,Colorless,0,1,Bird,[Deflect] (Opponents must pay {Any Rune} to choose me with a spell or ability.),Cloudy with a chance of talons.,False,False,,https://riftbound.gg/cards/unl-t02-bird/
UNL-T02-P,Bird // Brush (Vault Promo),Unleashed,Common,Unit,Token,Colorless,0,1,Bird,[Deflect] (Opponents must pay {Any Rune} to choose me with a spell or ability.),,True,False,,https://riftbound.gg/cards/unl-t02-p-bird/
UNL-T02b,Bird // Brush,Unleashed,Common,Unit,Token,Colorless,0,1,Bird,[Deflect] (Opponents must pay {Any Rune} to choose me with a spell or ability.),Cloudy with a chance of talons.,False,False,,https://riftbound.gg/cards/unl-t02b-bird/
UNL-T02g,Bird // Gold,Unleashed,Common,Unit,Token,Colorless,,1,Bird,[Deflect] (Opponents must pay {Any Rune} to choose me with a spell or ability.),Cloudy with a chance of talons.,False,False,,https://riftbound.gg/cards/unl-t02g-bird/
UNL-T03,Brush // Buff,Unleashed,Common,Battlefield,Token,Colorless,0,0,,"Bird, Cat, Dog, Poro, and Ivern units here have +1 {Might}.
When you score here, you may replace this with the battlefield it replaced.",,False,False,,https://riftbound.gg/cards/unl-t03-brush/
UNL-T04,Buff // Reflection,Unleashed,Common,,Token,,0,1,,A unit may have no more than one buff at a time.,,False,False,,https://riftbound.gg/cards/unl-t04-buff/
UNL-T04s,Buff // Sprite,Unleashed,Common,,Token,,0,1,,A unit may have no more than one buff at a time.,,False,False,,https://riftbound.gg/cards/unl-t04s-buff/
UNL-T04x,Buff // XP Tracker,Unleashed,Common,,Token,,0,1,,A unit may have no more than one buff at a time.,,False,False,,https://riftbound.gg/cards/unl-t04x-buff/
UNL-T05,Gold // Reflection,Unleashed,Common,Gear,Token,Colorless,0,0,,"[Reaction][>] Kill this, {Exhaust}: [Add] {Any Rune}. (Abilities that add resources can't be reacted to.)",,False,False,,https://riftbound.gg/cards/unl-t05-gold/
UNL-T05s,Gold // Sprite,Unleashed,Common,Gear,Token,Colorless,0,0,,"[Reaction][>] Kill this, {Exhaust}: [Add] {Any Rune}. (Abilities that add resources can't be reacted to.)",,False,False,,https://riftbound.gg/cards/unl-t05s-gold/
UNL-T05x,Gold // XP Tracker,Unleashed,Common,Gear,Token,Colorless,0,0,,"[Reaction][>] Kill this, {Exhaust}: [Add] {Any Rune}. (Abilities that add resources can't be reacted to.)",,False,False,,https://riftbound.gg/cards/unl-t05x-gold/
VEN-001,Baccai Sandspinner,Vendetta,Common,Unit,,Fury,6,6,Shurima,"[Empower] {5 Energy}. This ability costs {3 Energy} less if you control 4 or fewer runes. (Pay the cost: Empower me. Use only if not Empowered.)
[Empowered][>] I have [Deflect] and [Assault 2]. (Opponents must pay {Any Rune} to choose me with a spell or ability. +2 {Might} while I'm an attacker.)",,False,False,,https://riftbound.gg/cards/ven-001-baccai-sandspinner/
VEN-002,Blade Twirler,Vendetta,Common,Unit,,Fury,4,4,Yordle; Ionia,"The first time I move each turn, choose a player. They [Burn 1]. (They put the top card of their Main Deck into their trash.)",“Tails. I win. Heads you lose.”,False,False,,https://riftbound.gg/cards/ven-002-blade-twirler/
VEN-003,Brittle Steel,Vendetta,Common,Spell,,Fury,2,,,"Kill a gear.
[Flow] {4 Energy}{Fury Rune} (You may play this from your trash for its Flow cost. Then banish it.)",,False,False,,https://riftbound.gg/cards/ven-003-brittle-steel/
VEN-004,Dune Surfer,Vendetta,Common,Unit,,Fury,3,3,Shurima,You ignore [Tank] while assigning combat damage here.,,False,False,,https://riftbound.gg/cards/ven-004-dune-surfer/
VEN-005,Forsaken Baccai,Vendetta,Common,Unit,,Fury,2,2,Shurima,"If you control fewer runes than an opponent at the start of your Beginning Phase, give me +1 {Might} this turn.",,False,False,,https://riftbound.gg/cards/ven-005-forsaken-baccai/
VEN-006,Oasis Raider,Vendetta,Common,Unit,,Fury,4,4,Shurima,"If you control fewer runes than an opponent at the start of your Beginning Phase, give me +2 {Might} and [Ganking] this turn. (I can move from battlefield to battlefield.)",,False,False,,https://riftbound.gg/cards/ven-006-oasis-raider/
VEN-007,Punching Poro,Vendetta,Common,Unit,,Fury,2,2,Poro; Ionia,"[Empower] — Discard 1 (Pay the cost: Empower me. Use only if not Empowered.)
[Empowered][>] I have +1 {Might}.",Soft fur. Hard fists.,False,False,,https://riftbound.gg/cards/ven-007-punching-poro/
VEN-008,Ruthless Strike,Vendetta,Common,Spell,,Fury,3,,,"[Action] (Play on your turn or in showdowns.)
As an additional cost to play this, you may discard 1.
Deal 3 to a unit at a battlefield. If you paid the additional cost, deal 5 to it instead.",,False,False,,https://riftbound.gg/cards/ven-008-ruthless-strike/
VEN-009,Baccai Reaper,Vendetta,Uncommon,Unit,,Fury,3,4,Shurima,"When I attack, you may pay {Fury Rune} to give me [Assault 2] this turn. (+2 {Might} while I'm an attacker.)",The Ascended god-warriors of Shurima pity their lesser cousins.,False,False,,https://riftbound.gg/cards/ven-009-baccai-reaper/
VEN-010,Consuming Curse,Vendetta,Uncommon,Spell,,Fury,2,,,"[Action] (Play on your turn or in showdowns.)
Deal 2 to a unit at a battlefield. This deals 1 Bonus Damage for each card with this name in your trash.",,False,False,,https://riftbound.gg/cards/ven-010-consuming-curse/
VEN-011,Pendulum Blade,Vendetta,Uncommon,Gear,,Fury,3,,Equipment,[Equip] {Fury Rune} ({Fury Rune}: Attach this to a unit you control.),,False,False,,https://riftbound.gg/cards/ven-011-pendulum-blade/
VEN-012,Perfect Execution,Vendetta,Uncommon,Spell,,Fury,3,,,"Ready a unit and give it [Assault 3] this turn. (+3 {Might} while it's an attacker.)
[Flow] {3 Energy}{Fury Rune} (You may play this from your trash for its Flow cost. Then banish it.)",,False,False,,https://riftbound.gg/cards/ven-012-perfect-execution/
VEN-013,Shadow Assassin,Vendetta,Uncommon,Unit,,Fury,5,5,Ionia,I enter ready if you have a card with my name in your trash.,,False,False,,https://riftbound.gg/cards/ven-013-shadow-assassin/
VEN-014,Shadow Fiend,Vendetta,Uncommon,Unit,,Fury,2,2,Ionia,"[Empower] {2 Energy}{Fury Rune} ({2 Energy}{Fury Rune}: Empower me. Use only if not Empowered.)
[Empowered][>] I have [Assault 3]. (+3 {Might} while I'm an attacker.)",,False,False,,https://riftbound.gg/cards/ven-014-shadow-fiend/
VEN-015,Decree of Rage,Vendetta,Rare,Spell,,Fury,1,,,"[Action] (Play on your turn or in showdowns.)
This can't be countered.
Deal 4 to an enemy Calm ({Calm Rune}) unit.",,False,False,,https://riftbound.gg/cards/ven-015-decree-of-rage/
VEN-016,Eclipse Dragon,Vendetta,Rare,Unit,,Fury,8,8,Dragon; Mount Targon,"[Accelerate] (You may pay {1 Energy}{Fury Rune} as an additional cost to have me enter ready.)
When I move, if you control 4 or fewer runes, draw 1.",,False,False,,https://riftbound.gg/cards/ven-016-eclipse-dragon/
VEN-017,Morgana - Vindictive,Vendetta,Rare,Unit,Champion,Fury,5,5,Demacia; Morgana,"[Ambush] (You may play me as a [Reaction] to a battlefield where you have units.)
When you play me, deal damage to a unit equal to the damage marked on it.",,False,False,,https://riftbound.gg/cards/ven-017-morgana-vindictive/
VEN-018,Rage Amplifier,Vendetta,Rare,Gear,,Fury,4,,,"[Empower] {6 Energy}{Fury Rune} ({6 Energy}{Fury Rune}: Empower this. Use only if not Empowered.)
Your units have +1 {Might}. If I'm [Empowered], they have +2 {Might} instead.",,False,False,,https://riftbound.gg/cards/ven-018-rage-amplifier/
VEN-019,Renekton - Rage Fueled,Vendetta,Rare,Unit,Champion,Fury,6,6,Shurima; Renekton,"[Accelerate] (You may pay {1 Energy}{Fury Rune} as an additional cost to have me enter ready.)
When I attack, if you control 4 or fewer runes, deal 2 to all enemy units here.",“There is no retreat.”,False,False,,https://riftbound.gg/cards/ven-019-renekton-rage-fueled/
VEN-019A,Renekton - Rage Fueled,Vendetta,Rare,Unit,Champion,Fury,6,6,Renekton,"[Accelerate]
When I attack, if you control 4 or fewer runes, deal 2 to all enemy units here.",“What? Do I have someone in my teeth?”,False,False,,https://riftbound.gg/cards/ven-019a-renekton-rage-fueled/
VEN-020,Twilight Reveler,Vendetta,Rare,Unit,,Fury,3,3,Ionia,"When I attack, ready another friendly unit.",,False,False,,https://riftbound.gg/cards/ven-020-twilight-reveler/
VEN-021,Akali - Deadly Weapon,Vendetta,Epic,Unit,Champion,Fury,3,3,Ionia; Akali,"[Empower] {2 Energy}{Fury Rune} ({2 Energy}{Fury Rune}: Empower me. Use only if not Empowered.)
When I move, you may deal 1 to a unit at a battlefield I moved to or from. If I'm [Empowered], deal 2 instead.
[Empowered][>] I have +1 {Might}.",,False,False,,https://riftbound.gg/cards/ven-021-akali-deadly-weapon/
VEN-021A,Akali - Deadly Weapon,Vendetta,Epic,Unit,Champion,Fury,3,3,Akali,"[Empower] {2 Energy}{Fury Rune}
When I move, you may deal 1 to a unit at a battlefield I moved to or from. If I'm [Empowered], deal 2 instead.
[Empowered][>] I have +1 {Might}..",,False,False,,https://riftbound.gg/cards/ven-021a-akali-deadly-weapon/
VEN-022,Endless Riches,Vendetta,Epic,Gear,,Fury,5,,,"When you play this, banish your hand and trash, then [Burn 7].
Skip your Draw Phase.
You may play cards from your trash.
If a card would go to your trash from anywhere other than your Main Deck, banish it instead.",,False,False,,https://riftbound.gg/cards/ven-022-endless-riches/
VEN-023,Zed - From the Shadows,Vendetta,Epic,Unit,Champion,Fury,4,4,Ionia; Zed,"You may discard 1 as an additional cost to play me.
When you play me, if you paid the additional cost, play a 0 {Might} Shadow Clone unit token. (It has ""When I attack, you may banish a unit from your trash. If you do, give me [Assault 4] this turn."")",,False,False,,https://riftbound.gg/cards/ven-023-zed-from-the-shadows/
VEN-023A,Zed - From the Shadows,Vendetta,Epic,Unit,Champion,Fury,4,4,Zed,"You may discard 1 as an additional cost to play me.
When you play me, if you paid the additional cost, play a 0 {Might} Shadow Clone unit token.",,False,False,,https://riftbound.gg/cards/ven-023a-zed-from-the-shadows/
VEN-024,Affectionate Poro,Vendetta,Common,Unit,,Calm,3,3,Poro; Noxus,"When a combat that I was in ends, if I haven't been dealt damage this turn, draw 1.",,False,False,,https://riftbound.gg/cards/ven-024-affectionate-poro/
VEN-025,Esteemed Hierophant,Vendetta,Common,Unit,,Calm,5,5,Shurima,"While you control 7 or more runes, prevent all damage that enemy spells and abilities would deal to me.",,False,False,,https://riftbound.gg/cards/ven-025-esteemed-hierophant/
VEN-026,Field Musicians,Vendetta,Common,Unit,,Calm,4,3,Ionia,"When you play me, give a unit +3 {Might} this turn.",,False,False,,https://riftbound.gg/cards/ven-026-field-musicians/
VEN-027,Hand Hammer,Vendetta,Common,Gear,,Calm,2,,Equipment,[Equip] {Calm Rune} ({Calm Rune}: Attach this to a unit you control.),,False,False,,https://riftbound.gg/cards/ven-027-hand-hammer/
VEN-028,Mournful Witness,Vendetta,Common,Unit,,Calm,2,2,Fae; Ionia,"When a combat that I was in ends, empower me. (I become Empowered if I'm not already.)
[Empowered][>] I have +2 {Might}.",,False,False,,https://riftbound.gg/cards/ven-028-mournful-witness/
VEN-029,Ol' Poro,Vendetta,Common,Unit,,Calm,2,4,Poro; Bandle City,"I can't be played on your first, second, or third turns.",,False,False,,https://riftbound.gg/cards/ven-029-ol-poro/
VEN-030,Serene Ascetic,Vendetta,Common,Unit,,Calm,3,3,Ionia,"[Empower] {3 Energy} ({3 Energy}: Empower me. Use only if not Empowered.)
[Empowered][>] I have [Deflect] and [Shield 3]. (Opponents must pay {Any Rune} to choose me with a spell or ability.+3 {Might} while I'm a defender.)",,False,False,,https://riftbound.gg/cards/ven-030-serene-ascetic/
VEN-031,Twilight Shroud,Vendetta,Common,Spell,,Calm,1,,,"Give a friendly unit +1 {Might} this turn. It can't be chosen by enemy spells and abilities this turn.
[Flow] {2 Energy} (You may play this from your trash for its Flow cost. Then banish it.)",“I make problems … disappear.” —Akali,False,False,,https://riftbound.gg/cards/ven-031-twilight-shroud/
VEN-032,Frostcoat Mother,Vendetta,Uncommon,Unit,,Calm,3,3,Dog; Freljord,"[Empower] {12 Energy}. This ability costs {1 Energy} less for each rune you control. (Pay the cost: Empower me. Use only if not Empowered.)
[Empowered][>] I have +3 {Might}.",,False,False,,https://riftbound.gg/cards/ven-032-frostcoat-mother/
VEN-033,Pakaa Protector,Vendetta,Uncommon,Unit,,Calm,5,4,Cat; Shurima,"When I move, reveal the top card of your Main Deck. If it's a unit, draw it. Otherwise, put it in your trash and give me +2 {Might} this turn.",,False,False,,https://riftbound.gg/cards/ven-033-pakaa-protector/
VEN-034,Resonating Strike,Vendetta,Uncommon,Spell,,Calm,2,,,"[Hidden] (Hide now for {Any Rune} to react with later for {0 Energy}.)
[Reaction] (Play on your turn or in showdowns.)
Choose a battlefield you control and a unit you control at a different location. Move that unit to that battlefield and give it +2 {Might} this turn.",,False,False,,https://riftbound.gg/cards/ven-034-resonating-strike/
VEN-035,Sanction,Vendetta,Uncommon,Spell,,Calm,3,,,"[Reaction] (Play any time, even before spells and abilities resolve.)
Choose one —Empower a unit. Disempower it at end of turn.Disempower a unit that's [Empowered]. Empower it at end of turn.",,False,False,,https://riftbound.gg/cards/ven-035-sanction/
VEN-036,Sandstone Chimera,Vendetta,Uncommon,Unit,,Calm,7,8,Shurima,"While I'm at a battlefield, players only channel 1 rune at the start of their Channel Phase.",,False,False,,https://riftbound.gg/cards/ven-036-sandstone-chimera/
VEN-037,Tomb-Raider Barbara,Vendetta,Uncommon,Unit,,Calm,4,4,Shurima,"When you play me, if you control 7 or more runes, choose an enemy gear. If it's [Empowered], disempower it. Otherwise, kill it.","Wait for her signal. Don't worry, you'll know.",False,False,,https://riftbound.gg/cards/ven-037-tomb-raider-barbara/
VEN-038,Akali - Silent,Vendetta,Rare,Unit,Champion,Calm,4,4,Ionia; Akali,"I can't be chosen by enemy spells and abilities unless I'm in combat.
When I move to a battlefield, give me +2 {Might} this turn.",,False,False,,https://riftbound.gg/cards/ven-038-akali-silent/
VEN-038A,Akali - Silent,Vendetta,Rare,Unit,Champion,Calm,4,4,Akali,"I can't be chosen by enemy spells and abilities unless I'm in combat.
When I move to a battlefield, give me +2 {Might} this turn.",,False,False,,https://riftbound.gg/cards/ven-038a-akali-silent/
VEN-039,Crumbling Sands,Vendetta,Rare,Spell,,Calm,1,,,"[Reaction] (Play any time, even before spells and abilities resolve.)
Counter a spell if an opponent has played another spell this turn.",,False,False,,https://riftbound.gg/cards/ven-039-crumbling-sands/
VEN-040,Decree of Focus,Vendetta,Rare,Spell,,Calm,1,,,"[Reaction] (Play any time, even before spells and abilities resolve.)
Choose a friendly unit that's in combat with an enemy Fury ({Fury Rune}) unit or that's being chosen by an enemy Fury spell. Give it +4 {Might} this turn.",,False,False,,https://riftbound.gg/cards/ven-040-decree-of-focus/
VEN-041,Riven - Shattered,Vendetta,Rare,Unit,Champion,Calm,3,3,Noxus; Riven,"[Weaponmaster] (When you play me, you may [Equip] one of your Equipment to me for {Any Rune} less, even if it's already attached.)
When I attack, choose an enemy unit here. Deal 2 to it for each Equipment attached to me.",“A sword mirrors its owner.”,False,False,,https://riftbound.gg/cards/ven-041-riven-shattered/
VEN-042,Shen - Scourge of Shadows,Vendetta,Rare,Unit,Champion,Calm,5,6,Shen; Ionia,"When I hold, if there is exactly one other unit you control here, draw 1.",“Our wills align.”,False,False,,https://riftbound.gg/cards/ven-042-shen-scourge-of-shadows/
VEN-042A,Shen - Scourge of Shadows,Vendetta,Rare,Unit,Champion,Calm,5,6,Shen,"When I hold, if there is exactly one other unit you control here, draw 1.",“Our wills align.”,False,False,,https://riftbound.gg/cards/ven-042a-shen-scourge-of-shadows/
VEN-043,Steel Paws,Vendetta,Rare,Unit,,Calm,1,,Cat; Piltover,"[Deflect] (Opponents must pay {Any Rune} to choose me with a spell or ability.)
[Empower] {7 Energy} ({7 Energy}: Empower me. Use only if not Empowered.)
[Empowered][>] I have +7 {Might}.",,False,False,,https://riftbound.gg/cards/ven-043-steel-paws/
VEN-044,Astral Heron,Vendetta,Epic,Unit,,Calm,7,7,Bird; Mount Targon,"When you play your first card each turn, if I'm at a battlefield, your next card costs {2 Energy}{Any Rune}{Any Rune} less.",,False,False,,https://riftbound.gg/cards/ven-044-astral-heron/
VEN-045,Helm of Suppression,Vendetta,Epic,Gear,,Calm,4,,,"[Empower] {4 Energy}{Calm Rune} ({4 Energy}{Calm Rune}: Empower this. Use only if not Empowered.)
Opponents' spells cost {1 Energy} more. If this is [Empowered], they cost {1 Energy}{Any Rune} more instead.",,False,False,,https://riftbound.gg/cards/ven-045-helm-of-suppression/
VEN-046,Nasus - Ascended,Vendetta,Epic,Unit,Champion,Calm,8,8,Dog; Shurima; Nasus,"[Deflect 2] (Opponents must pay {Any Rune}{Any Rune} to choose me with a spell or ability.)
[Empower] {8 Energy} ({8 Energy}: Empower me. Use only if not Empowered.)
[Empowered][>] When I conquer, you score 1 point.",“Eternity is beyond your reach.”,False,False,,https://riftbound.gg/cards/ven-046-nasus-ascended/
VEN-046A,Nasus - Ascended,Vendetta,Epic,Unit,Champion,Calm,8,8,Dog; Nasus,"[Deflect 2]
[Empower] {8 Energy}
[Empowered][>] When I conquer, you score 1 point.",“Eternity is beyond your reach.”,False,False,,https://riftbound.gg/cards/ven-046a-nasus-ascended/
VEN-047,Apprentice Mage,Vendetta,Common,Unit,,Mind,3,3,Bilgewater,"[Empower] {2 Energy} ({2 Energy}: Empower me. Use only if not Empowered.)
When I become [Empowered], [Predict 2]. (Look at the top 2 cards of your Main Deck. Recycle any of them and put the rest back in any order.)
[Empowered][>] I have +1 {Might}.",,False,False,,https://riftbound.gg/cards/ven-047-apprentice-mage/
VEN-048,Cloud Drake,Vendetta,Common,Unit,,Mind,6,5,Dragon; Demacia,"When you play me, draw 1.",These things are a cirrus problem.,False,False,,https://riftbound.gg/cards/ven-048-cloud-drake/
VEN-049,Dredge Up,Vendetta,Common,Spell,,Mind,2,,,"Draw 1.
[Flow] {2 Energy} (You may play this from your trash for its Flow cost. Then banish it.)",,False,False,,https://riftbound.gg/cards/ven-049-dredge-up/
VEN-050,Grumpy Rockbear,Vendetta,Common,Unit,,Mind,4,4,Shurima,"[Empower] {12 Energy}. This ability costs {1 Energy} less for each rune you control. (Pay the cost: Empower me. Use only if not Empowered.)
[Empowered][>] I have [Deflect] and [Shield 3]. (Opponents must pay {Any Rune} to choose me with a spell or ability.+3 {Might} while I'm a defender.)",,False,False,,https://riftbound.gg/cards/ven-050-grumpy-rockbear/
VEN-051,Iterative Design,Vendetta,Common,Spell,,Mind,4,,,"Play a 3 {Might} Mech unit token.
[Flow] {2 Energy}{Mind Rune} (You may play this from your trash for its Flow cost. Then banish it.)",,False,False,,https://riftbound.gg/cards/ven-051-iterative-design/
VEN-052,Mesmerize,Vendetta,Common,Spell,,Mind,1,,,"[Reaction] (Play any time, even before spells and abilities resolve.)
Choose one —Return a friendly unit to its owner's hand.Give an enemy unit -2 {Might} this turn.",,False,False,,https://riftbound.gg/cards/ven-052-mesmerize/
VEN-053,Otterpus,Vendetta,Uncommon,Unit,,Mind,2,2,Bandle City,"If a player would score 1 point from conquering or holding during their first or second turn, they draw 1 instead.",,False,False,,https://riftbound.gg/cards/ven-053-otterpus/
VEN-054,Questionable Tome,Vendetta,Common,Gear,,Mind,3,,,"[Empower] —  {Exhaust} (Pay the cost: Empower me. Use only if not Empowered.)
Disempower this, {1 Energy}, {Exhaust}: Draw 1.",,False,False,,https://riftbound.gg/cards/ven-054-questionable-tome/
VEN-055,Applied Researchers,Vendetta,Uncommon,Unit,,Mind,4,4,Shurima,"[Empower] {3 Energy} ({3 Energy}: Empower me. Use only if not Empowered.)
[Empowered][>] Your spells cost {1 Energy}{Any Rune} less, to a minimum of {1 Energy}.",,False,False,,https://riftbound.gg/cards/ven-055-applied-researchers/
VEN-056,Clairvoyance,Vendetta,Uncommon,Spell,,Mind,7,,,"[Reaction] (Play any time, even before spells and abilities resolve.)
[Predict 5]. (Look at the top 5 cards of your Main Deck. Recycle any of them and put the rest back in any order.)
Draw 2.",,False,False,,https://riftbound.gg/cards/ven-056-clairvoyance/
VEN-057,Covert Informant,Vendetta,Uncommon,Unit,,Mind,3,4,Noxus,"[Empower] {3 Energy} ({3 Energy}: Empower me. Use only if not Empowered.)
[Empowered][>] When I move, draw 1.",,False,False,,https://riftbound.gg/cards/ven-057-covert-informant/
VEN-058,Patched Porobot,Vendetta,Common,Unit,,Mind,2,2,Mech; Poro; Piltover,"(I enter exhausted.)
When you play me, if you control 3 or more other gear, draw 1.",Attempts to synthetically replicate a poro's whimsy and pure adorable nature have yielded mixed results.,False,False,,https://riftbound.gg/cards/ven-058-patched-porobot/
VEN-059,Shock Blast,Vendetta,Uncommon,Spell,,Mind,3,,,"[Action] (Play on your turn or in showdowns.)
This costs {2 Energy} less if you control something that's [Empowered].
Deal 4 to a unit at a battlefield.",,False,False,,https://riftbound.gg/cards/ven-059-shock-blast/
VEN-060,Sky Cruiser,Vendetta,Uncommon,Unit,,Mind,4,3,Piltover,"Discard a gear, {1 Energy}, {Exhaust}: Deal 4 to a unit at a battlefield.",,False,False,,https://riftbound.gg/cards/ven-060-sky-cruiser/
VEN-061,Decree of Insight,Vendetta,Rare,Spell,,Mind,1,,,"[Reaction] (Play any time, even before spells and abilities resolve.)
Ignore [Deflect] while paying this spell's cost.
Give an enemy Body ({Body Rune}) unit -5 {Might} this turn.",Force is artless. Be inspired.,False,False,,https://riftbound.gg/cards/ven-061-decree-of-insight/
VEN-062,Hextech Formula,Vendetta,Rare,Gear,,Mind,2,,,"This enters exhausted.
{Exhaust}: Empower another gear. (It becomes Empowered if it's not already.)",,False,False,,https://riftbound.gg/cards/ven-062-hextech-formula/
VEN-063,Nasus - Guardian of Knowledge,Vendetta,Rare,Unit,Champion,Mind,5,6,Dog; Shurima; Nasus,"Once each turn, when an enemy unit here dies, channel 1 rune exhausted.",,False,False,,https://riftbound.gg/cards/ven-063-nasus-guardian-of-knowledge/
VEN-063A,Nasus - Guardian of Knowledge,Vendetta,Rare,Unit,Champion,Mind,5,6,Dog; Nasus,"Once each turn, when an enemy unit here dies, channel 1 rune exhausted.",,False,False,,https://riftbound.gg/cards/ven-063a-nasus-guardian-of-knowledge/
VEN-064,Plaza Guardian,Vendetta,Rare,Unit,,Mind,10,8,Mech; Piltover,"I cost {1 Energy} less for each gear you control.
[Deflect] (Opponents must pay {Any Rune} to choose me with a spell or ability.)",,False,False,,https://riftbound.gg/cards/ven-064-plaza-guardian/
VEN-065,Swain - Visionary,Vendetta,Rare,Unit,Champion,Mind,6,6,Noxus; Swain; Demon,"[Vision] (When you play me, look at the top card of your Main Deck. You may recycle it.)
When I conquer, if you've played a non-token unit, a non-token gear, and a spell this turn, you score 1 point.",,False,False,,https://riftbound.gg/cards/ven-065-swain-visionary/
VEN-066,Temporal Breach,Vendetta,Rare,Spell,,Mind,2,,,"[Hidden] (Hide now for {Any Rune} to react with later for {0 Energy}.)
Banish a unit, then its owner plays it to the same location, ignoring its cost.",,False,False,,https://riftbound.gg/cards/ven-066-temporal-breach/
VEN-067,Bottled Constellation,Vendetta,Epic,Gear,,Mind,10,,,"At the start of your Main Phase, you may kill 3 other friendly units and/or gear to score 1 point.",,False,False,,https://riftbound.gg/cards/ven-067-bottled-constellation/
VEN-068,Jayce - Brilliant Inventor,Vendetta,Epic,Unit,Champion,Mind,6,6,Jayce; Piltover,"When you play me or the first time you play a non-token gear each turn, you may ready something besides me that's exhausted.",“I will light our path.”,False,False,,https://riftbound.gg/cards/ven-068-jayce-brilliant-inventor/
VEN-068A,Jayce - Brilliant Inventor,Vendetta,Epic,Unit,Champion,Mind,6,6,Jayce,"When you play me or the first time you play a non-token gear each turn, you may ready something besides me that's exhausted.",“I will light our path.”,False,False,,https://riftbound.gg/cards/ven-068a-jayce-brilliant-inventor/
VEN-069,Mel - Newly Awakened,Vendetta,Epic,Unit,Champion,Mind,4,4,Noxus; Mel,"When you play me, draw 1.
[Empower] {3 Energy} ({3 Energy}: Empower me. Use only if not Empowered.)
[Empowered][>] Your spells and abilities can't be countered. If a spell or ability you control would give -{Might} to a unit it chooses, it gives an additional -1 {Might}.",,False,False,,https://riftbound.gg/cards/ven-069-mel-newly-awakened/
VEN-069A,Mel - Newly Awakened,Vendetta,Epic,Unit,Champion,Mind,4,4,Mel,"When you play me, draw 1.
[Empower] {3 Energy}
[Empowered][>] Your spells and abilities can't be countered. If a spell or ability you control would give -{Might} to a unit it chooses, it gives an additional -1 {Might}.",,False,False,,https://riftbound.gg/cards/ven-069a-mel-newly-awakened/
VEN-070,Brutal Hunter,Vendetta,Common,Unit,,Body,3,4,Noxus,"[Empower] {3 Energy} ({3 Energy}: Empower me. Use only if not Empowered.)
[Empowered][>] I have +2 {Might} and [Ganking]. (I can move from battlefield to battlefield.)",,False,False,,https://riftbound.gg/cards/ven-070-brutal-hunter/
VEN-071,Fretful Feline,Vendetta,Common,Unit,,Body,6,5,Cat; Piltover,"When I become ready, give me +2 {Might} this turn.",,False,False,,https://riftbound.gg/cards/ven-071-fretful-feline/
VEN-072,Guttural Roar,Vendetta,Common,Spell,,Body,2,,,"[Action] (Play on your turn or in showdowns.)
Give a unit +2 {Might} this turn. If it's [Empowered], give it +4 {Might} this turn instead.",,False,False,,https://riftbound.gg/cards/ven-072-guttural-roar/
VEN-073,Jagged Cutlass,Vendetta,Common,Gear,,Body,3,,Equipment,Equip {Body Rune} ({Body Rune}: Attach this to a unit you control.),I can’t be moved by enemy spells and abilities.,False,False,,https://riftbound.gg/cards/ven-073-jagged-cutlass/
VEN-074,Legion Marauder,Vendetta,Common,Unit,,Body,2,2,Trifarian; Noxus,"[Empower] — {1 Energy} or {Body Rune} (Pay either cost: Empower me. Use only if not Empowered.)
[Empowered][>] I have +1 {Might}.",,False,False,,https://riftbound.gg/cards/ven-074-legion-marauder/
VEN-075,Platewyrm Egg,Vendetta,Common,Gear,,Body,3,,,"This enters exhausted.
[Empower] — {1 Energy}, {Exhaust} (Pay the cost: Empower this. Use only if not Empowered.)
[Reaction][>] {Exhaust}: [Add] {1 Energy}. If this is [Empowered], [Add] {2 Energy} instead.",,False,False,,https://riftbound.gg/cards/ven-075-platewyrm-egg/
VEN-076,Repair Specialist,Vendetta,Common,Unit,,Body,3,3,Zaun,I have [Assault] equal to the number of gear you control. (+1 {Might} while I'm an attacker for each instance of Assault.),,False,False,,https://riftbound.gg/cards/ven-076-repair-specialist/
VEN-077,Tools of Empire,Vendetta,Common,Gear,,Body,4,,,"[Empower] {2 Energy} ({2 Energy}: Empower this. Use only if not Empowered.)
{Exhaust}: Give a unit +2 {Might} this turn. If this is [Empowered], give that unit +4 {Might} this turn instead.",,False,False,,https://riftbound.gg/cards/ven-077-tools-of-empire/
VEN-078,Baccai Witherclaw,Vendetta,Uncommon,Unit,,Body,4,4,Shurima,"[Empower] {1 Energy}{Any Rune}{Any Rune} ({1 Energy}{Any Rune}{Any Rune}: Empower me. Use only if not Empowered.)
[Empowered][>] I have +2 {Might}.
[Empowered][>][>>][Deathknell][>] Channel 2 runes exhausted. (When I die while Empowered, get the effect.)",,False,False,,https://riftbound.gg/cards/ven-078-baccai-witherclaw/
VEN-079,Dame the Despoiler,Vendetta,Uncommon,Unit,,Body,5,5,Noxus,"[Empower] {5 Energy}{Body Rune} ({5 Energy}{Body Rune}: Empower me. Use only if not Empowered.)
[Empowered][>] When I attack or defend, choose a unit here. Increase my Might to its Might this turn, then give me +1 {Might} this turn.",“Wanna see a show?!”,False,False,,https://riftbound.gg/cards/ven-079-dame-the-despoiler/
VEN-080,Noxian Demolitionist,Vendetta,Uncommon,Unit,,Body,2,1,Noxus,"When I conquer, you may kill a gear with Energy cost no more than my Might.",,False,False,,https://riftbound.gg/cards/ven-080-noxian-demolitionist/
VEN-081,Onslaught,Vendetta,Uncommon,Spell,,Body,4,,,"Give a unit +6 {Might} this turn.
[Flow] {4 Energy} (You may play this from your trash for its Flow cost. Then banish it.)",,False,False,,https://riftbound.gg/cards/ven-081-onslaught/
VEN-082,Profiteer,Vendetta,Uncommon,Unit,,Body,4,4,Shurima,"When you play me, you may disempower something you control to empower a legend, unit, or gear.",,False,False,,https://riftbound.gg/cards/ven-082-profiteer/
VEN-083,Rampage,Vendetta,Uncommon,Spell,,Body,3,,,"As you play this, you may pay {Body Rune} as an additional cost.
Choose a friendly unit and an enemy unit. If you paid the additional cost, give the friendly unit +2 {Might} this turn. They deal damage equal to their Mights to each other.",,False,False,,https://riftbound.gg/cards/ven-083-rampage/
VEN-084,Ambessa - The Wolf,Vendetta,Rare,Unit,Champion,Body,4,4,Noxus; Ambessa,"[Empower] {3 Energy}{Body Rune} ({3 Energy}{Body Rune}: Empower me. Use only if not Empowered.)
[Empowered][>] I have +3 {Might} and can't be dealt damage unless I'm in combat.",,False,False,,https://riftbound.gg/cards/ven-084-ambessa-the-wolf/
VEN-084A,Ambessa - The Wolf,Vendetta,Rare,Unit,Champion,Body,4,4,Ambessa,"[Empower] {3 Energy}{Body Rune}
[Empowered][>] I have +3 {Might} and can't be dealt damage unless I'm in combat.",,False,False,,https://riftbound.gg/cards/ven-084a-ambessa-the-wolf/
VEN-085,Decree of Strength,Vendetta,Rare,Spell,,Body,1,,,Choose an opponent. They reveal their hand and you choose a Mind ({Mind Rune}) card from it. They recycle that card.,,False,False,,https://riftbound.gg/cards/ven-085-decree-of-strength/
VEN-086,Gangplank - Naval,Vendetta,Rare,Unit,Champion,Body,6,6,Bilgewater; Gangplank,"[Empower] {Body Rune}{Body Rune} ({Body Rune}{Body Rune}: Empower me. Use only if not Empowered.)
[Empowered][>] If a spell or ability that chooses me would stun me, give me -{Might}, or return me to hand, give me +3 {Might} instead.",,False,False,,https://riftbound.gg/cards/ven-086-gangplank-naval/
VEN-087,Hextech Disc,Vendetta,Rare,Gear,,Body,4,,,"[Empower] — {Exhaust} (Pay the cost: Empower this. Use only if not Empowered.)
Disempower this, {1 Energy}, {Exhaust}: Play a 3 {Might} Mech unit token to your base.",,False,False,,https://riftbound.gg/cards/ven-087-hextech-disc/
VEN-088,Jayce - Hammer in Hand,Vendetta,Rare,Unit,Champion,Body,4,5,Jayce; Piltover,"When I become ready, choose one to give me this turn —[Assault 2] (+2 {Might} while I'm an attacker.)[Deflect 2] (Opponents must pay {Any Rune}{Any Rune} to choose me with a spell or ability.)[Ganking] (I can move from battlefield to battlefield.)",,False,False,,https://riftbound.gg/cards/ven-088-jayce-hammer-in-hand/
VEN-088A,Jayce - Hammer in Hand,Vendetta,Rare,Unit,Champion,Body,4,5,Jayce,"When I become ready, choose one to give me this turn —[Assault 2][Deflect 2][Ganking]",,False,False,,https://riftbound.gg/cards/ven-088a-jayce-hammer-in-hand/
VEN-089,Wild Claw,Vendetta,Rare,Spell,,Body,7,,,"Look at the top 5 cards of your Main Deck. You may banish a unit or gear from among them and play it, reducing its Energy cost by {5 Energy}. Recycle the rest. Then you may do this: Empower it. (It becomes Empowered if it's not already.)",,False,False,,https://riftbound.gg/cards/ven-089-wild-claw/
VEN-090,Cataclysmic Duel,Vendetta,Epic,Spell,,Body,8,,,Each player chooses a unit they control. Kill the rest.,,False,False,,https://riftbound.gg/cards/ven-090-cataclysmic-duel/
VEN-091,Corrupted Dragon,Vendetta,Epic,Unit,,Body,10,10,Dragon; Shadow Isles,"If your score is not within 3 points of the Victory Score, I enter ready.
When I attack, you may move any number of enemy units here each with 5 {Might} or less to their base.",,False,False,,https://riftbound.gg/cards/ven-091-corrupted-dragon/
VEN-092,Renekton - Brute,Vendetta,Epic,Unit,Champion,Body,5,4,Shurima; Renekton,"{1 Energy}: Give me +1 {Might} this turn.
When my Might becomes 10 or more, empower me. (I become Empowered if I'm not already.)
[Empowered][>] I have [Deflect] and [Ganking]. (Opponents must pay {Any Rune} to choose me with a spell or ability. I can move from battlefield to battlefield.)",,False,False,,https://riftbound.gg/cards/ven-092-renekton-brute/
VEN-092A,Renekton - Brute,Vendetta,Epic,Unit,Champion,Body,5,4,Renekton,"{1 Energy}: Give me +1 {Might} this turn.
When my Might becomes 10 or more, empower me.
[Empowered][>] I have [Deflect] and [Ganking].",,False,False,,https://riftbound.gg/cards/ven-092a-renekton-brute/
VEN-093,Kinkou Lifeblade,Vendetta,Common,Unit,,Chaos,4,4,Ionia,"[Empower] {2 Energy} ({2 Energy}: Empower me. Use only if not Empowered.)
[Empowered][>] I have +1 {Might} and [Ganking]. (I can move from battlefield to battlefield.)",His life is the blade. His blade is his life.,False,False,,https://riftbound.gg/cards/ven-093-kinkou-lifeblade/
VEN-094,Mask Mother,Vendetta,Uncommon,Unit,,Chaos,3,3,Spirit; Shadow Isles,"When you discard me, you may pay {1 Energy} to give a friendly unit +2 {Might} this turn.",,False,False,,https://riftbound.gg/cards/ven-094-mask-mother/
VEN-095,Shadow Order Disciple,Vendetta,Common,Unit,,Chaos,2,2,Ionia,"When I move, you may [Burn 1] to give me +1 {Might} this turn. (To Burn 1, put the top card of your Main Deck into your trash.)",Recipients of a terrifying education.,False,False,,https://riftbound.gg/cards/ven-095-shadow-order-disciple/
VEN-096,Shadowblade Lurker,Vendetta,Common,Unit,,Chaos,5,5,Ionia,I cost {2 Energy} less for each card with my name in your trash.,,False,False,,https://riftbound.gg/cards/ven-096-shadowblade-lurker/
VEN-097,Spiderling,Vendetta,Common,Unit,,Chaos,3,1,Shadow Isles; Spider,"[Hidden] (Hide now for {Any Rune} to react with later for {0 Energy}.)
I have +1 {Might} for each other unit you control here with my name.
Your deck can have any number of cards named Spiderling.",,False,False,,https://riftbound.gg/cards/ven-097-spiderling/
VEN-098,Stargazer,Vendetta,Common,Unit,,Chaos,5,4,Mount Targon,"Spells with [Flow] you play from your trash cost {2 Energy} less, to a minimum of {1 Energy}.",,False,False,,https://riftbound.gg/cards/ven-098-stargazer/
VEN-099,Tornado Warrior,Vendetta,Common,Unit,,Chaos,3,3,Yordle; Bandle City,"[Hidden] (Hide now for {Any Rune} to react with later for {0 Energy}.)
When you play me from face down, you may empower something here. Disempower it at end of turn.",,False,False,,https://riftbound.gg/cards/ven-099-tornado-warrior/
VEN-100,Up from the Deep,Vendetta,Common,Spell,,Chaos,3,,,"Play two 1 {Might} Tentacle unit tokens from Bilgewater.
[Flow] {3 Energy} (You may play this from your trash for its Flow cost. Then banish it.)",,False,False,,https://riftbound.gg/cards/ven-100-up-from-the-deep/
VEN-101,Gust Monk,Vendetta,Uncommon,Unit,,Chaos,2,2,Yordle; Bandle City,"You may pay {1 Energy} as an additional cost to play me.
When you play me, if you paid the additional cost, banish a card from any trash to give a unit [Assault 2] this turn. (+2 {Might} while it's an attacker.)",,False,False,,https://riftbound.gg/cards/ven-101-gust-monk/
VEN-102,Ravenbloom Prefect,Vendetta,Common,Unit,,Chaos,3,3,Noxus,"When an opponent plays a gear, you may banish me to banish it.",,False,False,,https://riftbound.gg/cards/ven-102-ravenbloom-prefect/
VEN-103,Shadows of the Past,Vendetta,Uncommon,Spell,,Chaos,3,,,Return up to 2 units from trashes to their owners' hands.,“None escape their shadow.”,False,False,,https://riftbound.gg/cards/ven-103-shadows-of-the-past/
VEN-104,Tail-Cloaked Matriarch,Vendetta,Uncommon,Unit,,Chaos,4,4,Ionia,"[Empower] {2 Energy}{Chaos Rune} ({2 Energy}{Chaos Rune}: Empower me. Use only if not Empowered.)
When I become [Empowered], you may choose a unit in your trash with Energy cost no more than {3 Energy} and Power cost no more than {Any Rune}. Play it to your base, ignoring its cost.",,False,False,,https://riftbound.gg/cards/ven-104-tail-cloaked-matriarch/
VEN-105,Twilight Step,Vendetta,Uncommon,Spell,,Chaos,2,,,"Move a unit with 3 {Might} or less.
[Flow] {4 Energy}{Chaos Rune} (You may play this from your trash for its Flow cost. Then banish it.)",,False,False,,https://riftbound.gg/cards/ven-105-twilight-step/
VEN-106,Wind and Ghosts,Vendetta,Uncommon,Spell,,Chaos,3,,,"[Action] (Play on your turn or in showdowns.)
Choose a unit at a battlefield. If it has 3 {Might} or less, banish it. Otherwise, return it to its owner's hand.",The best strategy is to not have an enemy.,False,False,,https://riftbound.gg/cards/ven-106-wind-and-ghosts/
VEN-107,Decree of Discord,Vendetta,Rare,Spell,,Chaos,1,,,Return any number of enemy Order ({Order Rune}) units with total Might 5 or less to their owners' hands.,,False,False,,https://riftbound.gg/cards/ven-107-decree-of-discord/
VEN-108,Forgotten Relic,Vendetta,Rare,Gear,,Chaos,5,,,"When you play this or at the start of your Beginning Phase, [Burn 1]. When you burn a unit this way, do this: Give a friendly unit +{Might} equal to the burned card's Might this turn. (To Burn 1, put the top card of your Main Deck into your trash.)",,False,False,,https://riftbound.gg/cards/ven-108-forgotten-relic/
VEN-109,Illaoi - Prophet of the Great Kraken,Vendetta,Rare,Unit,Champion,Chaos,6,4,Bilgewater; Illaoi,"When you play me or when I score, play a {1 Energy} {Might} Tentacle unit token from Bilgewater.
I have +1 {Might} for each token unit you control.",,False,False,,https://riftbound.gg/cards/ven-109-illaoi-prophet-of-the-great-kraken/
VEN-110,Mel - Defiant Soul,Vendetta,Rare,Unit,Champion,Chaos,5,4,Noxus; Mel,"[Empower] — Discard a spell (Pay the cost: Empower me. Use only if not Empowered.)
When I become [Empowered], banish an enemy unit at a battlefield with 3 {Might} or less.",,False,False,,https://riftbound.gg/cards/ven-110-mel-defiant-soul/
VEN-110A,Mel - Defiant Soul,Vendetta,Rare,Unit,Champion,Chaos,5,4,Mel,"[Empower] — Discard a spell
When I become [Empowered], banish an enemy unit at a battlefield with 3 {Might} or less.",,False,False,,https://riftbound.gg/cards/ven-110a-mel-defiant-soul/
VEN-111,Minah Swiftfoot,Vendetta,Rare,Unit,,Chaos,6,6,Ionia,"When I move to a battlefield, choose one —Each player discards 1.Each player draws 1.",,False,False,,https://riftbound.gg/cards/ven-111-minah-swiftfoot/
VEN-112,Zed - Without a Sound,Vendetta,Rare,Unit,Champion,Chaos,5,5,Ionia; Zed,"When I conquer, play a 0 {Might} Shadow Clone unit token to your base. (It has ""When I attack, you may banish a unit from your trash. If you do, give me [Assault 4] this turn."")
[Action][>] {1 Energy}{Chaos Rune}: Move me and a Shadow Clone you control to each other's locations.",,False,False,,https://riftbound.gg/cards/ven-112-zed-without-a-sound/
VEN-112A,Zed - Without a Sound,Vendetta,Rare,Unit,Champion,Chaos,5,5,Zed,"When I conquer, play a 0 {Might} Shadow Clone unit token to your base.
[Action][>] {1 Energy}{Chaos Rune}: Move me and a Shadow Clone you control to each other's locations.",“The truth lies in darkness.”,False,False,,https://riftbound.gg/cards/ven-112a-zed-without-a-sound/
VEN-113,Kennen - Storm of Shuriken,Vendetta,Epic,Unit,Champion,Chaos,3,4,Yordle; Kennen,"When you play me, [Burn 2]. (Put the top 2 cards of your Main Deck into your trash.)
When I conquer, give a spell in your trash [Flow] equal to its cost this turn. (You may play it from your trash for its Flow cost. Then banish it.)",“Time to strike!”,False,False,,https://riftbound.gg/cards/ven-113-kennen-storm-of-shuriken/
VEN-113A,Kennen - Storm of Shuriken,Vendetta,Epic,Unit,Champion,Chaos,3,4,Yordle; Ionia; Kennen,"When you play me, [Burn 2].
When I conquer, give a spell in your trash [Flow] equal to its cost this turn.",,False,False,,https://riftbound.gg/cards/ven-113a-kennen-storm-of-shuriken/
VEN-114,Kharox,Vendetta,Epic,Unit,,Chaos,6,5,Spirit; Shadow Isles,"[Empower] {6 Energy}{Chaos Rune}{Chaos Rune} ({6 Energy}{Chaos Rune}{Chaos Rune}: Empower me. Use only if not Empowered.)
When I become [Empowered], choose an opponent. They [Burn 3]. Then you may do this: Choose a unit in their trash and play it, ignoring its cost. (To Burn 3, they put the top 3 cards of their Main Deck into their trash.)",,False,False,,https://riftbound.gg/cards/ven-114-kharox/
VEN-115,Ocean Drake,Vendetta,Epic,Unit,,Chaos,8,7,Dragon; Ionia,"You may play me to an open battlefield.
When you play me, you may return a non-Dragon unit to its owner's hand.",The pale glint of blue on blue is all the warning you’ll get.,False,False,,https://riftbound.gg/cards/ven-115-ocean-drake/
VEN-116,Dragon Form,Vendetta,Uncommon,Spell,,Order,3,,,"Choose a unit. Its base Might becomes 5 this turn.
[Flow] {3 Energy} (You may play this from your trash for its Flow cost. Then banish it.)",,False,False,,https://riftbound.gg/cards/ven-116-dragon-form/
VEN-117,Disciple of Shen,Vendetta,Common,Unit,,Order,2,1,Ionia,"[Hidden] (Hide now for {Any Rune} to react with later for {0 Energy}.)
I have [Shield 3] while I'm at a battlefield with exactly one other unit you control. (+3 {Might} while I'm a defender.)",,False,False,,https://riftbound.gg/cards/ven-117-disciple-of-shen/
VEN-118,Horns of the Dragon,Vendetta,Common,Unit,,Order,6,6,Ionia,[Tank] (I must be assigned combat damage first.),,False,False,,https://riftbound.gg/cards/ven-118-horns-of-the-dragon/
VEN-119,Keeper of Law,Vendetta,Common,Unit,,Order,5,5,Shurima,I cost {2 Energy}{Order Rune} less if you control a battlefield with exactly two units there.,,False,False,,https://riftbound.gg/cards/ven-119-keeper-of-law/
VEN-120,Masa - Crashing Thunder,Vendetta,Common,Unit,,Order,4,4,Yordle; Bandle City,"You may pay {Order Rune} as an additional cost to play me.
When you play me, if you paid the additional cost, [Stun] an enemy unit at a battlefield. (It doesn't deal combat damage this turn.)",,False,False,,https://riftbound.gg/cards/ven-120-masa-crashing-thunder/
VEN-121,Reluctant Leader,Vendetta,Common,Unit,,Order,4,3,Ionia,"When you play another unit, give me +2 {Might} this turn.",,False,False,,https://riftbound.gg/cards/ven-121-reluctant-leader/
VEN-122,Solari Sunhawk,Vendetta,Common,Unit,,Order,3,3,Bird; Mount Targon,"[Empower] {2 Energy} ({2 Energy}: Empower me. Use only if not Empowered.)
[Empowered][>] I have +1 {Might} and [Deflect 2]. (Opponents must pay {Any Rune}{Any Rune} to choose me with a spell or ability.)",,False,False,,https://riftbound.gg/cards/ven-122-solari-sunhawk/
VEN-123,Soulspinner,Vendetta,Common,Unit,,Order,3,3,Shadow Isles; Spider,[Ambush] (You may play me as a [Reaction] to a battlefield where you have units.),,False,False,,https://riftbound.gg/cards/ven-123-soulspinner/
VEN-124,Escaped Grayback,Vendetta,Uncommon,Unit,,Order,3,3,Noxus,"[Empower] — Kill a friendly unit (Pay the cost: Empower me. Use only if not Empowered.)
[Empowered][>] I have +2 {Might}.",,False,False,,https://riftbound.gg/cards/ven-124-escaped-grayback/
VEN-125,Hungry Wolf,Vendetta,Uncommon,Unit,,Order,4,4,Dog; Freljord,{Order Rune}: Ready me and give me +1 {Might} this turn. Use only if you've chosen an enemy unit this turn and only once each turn.,,False,False,,https://riftbound.gg/cards/ven-125-hungry-wolf/
VEN-126,Ki Barrier,Vendetta,Uncommon,Spell,,Order,2,,,"[Reaction] (Play any time, even before spells and abilities resolve.)
Choose a unit. Prevent the next 7 damage that would be dealt to it this turn. (Opponents can assign it extra combat damage to kill it.)",,False,False,,https://riftbound.gg/cards/ven-126-ki-barrier/
VEN-127,Lacerate,Vendetta,Common,Spell,,Order,2,,,"Choose a unit. If it's [Empowered], disempower it. Then kill it if it has 3 {Might} or less.
[Flow] {4 Energy}{Order Rune}{Order Rune} (You may play this from your trash for its Flow cost. Then banish it.)",,False,False,,https://riftbound.gg/cards/ven-127-lacerate/
VEN-128,Noxian Emissary,Vendetta,Uncommon,Unit,,Order,2,2,Noxus,"[Empower] {1 Energy}{Order Rune} ({1 Energy}{Order Rune}: Empower me. Use only if not Empowered.)
[Empowered][>][>>][Deathknell][>] Play two 1 {Might} Recruit unit tokens to your base. (When I die while Empowered, get the effect.)",,False,False,,https://riftbound.gg/cards/ven-128-noxian-emissary/
VEN-129,Sacred Protector,Vendetta,Uncommon,Unit,,Order,4,6,Fae; Ionia,I don't deal combat damage unless I'm at a battlefield with exactly one other unit you control.,,False,False,,https://riftbound.gg/cards/ven-129-sacred-protector/
VEN-130,Aurok General,Vendetta,Rare,Unit,,Order,5,5,Trifarian; Noxus,"[Empower] {3 Energy}{Order Rune} ({3 Energy}{Order Rune}: Empower me. Use only if not Empowered.)
[Empowered][>] Your units that are [Empowered] have +2 {Might} (including me).",,False,False,,https://riftbound.gg/cards/ven-130-aurok-general/
VEN-131,Decree of Unity,Vendetta,Rare,Spell,,Order,2,,,Kill an enemy Chaos ({Chaos Rune}) unit or gear.,,False,False,,https://riftbound.gg/cards/ven-131-decree-of-unity/
VEN-132,Fallen Feline,Vendetta,Rare,Unit,,Order,2,3,Cat; Piltover,"When you play me, name a spell.
While I'm at a battlefield, opponents can't play spells with that name.",,False,False,,https://riftbound.gg/cards/ven-132-fallen-feline/
VEN-133,Glowstone,Vendetta,Rare,Gear,,Order,2,,,"[Empower] {Any Rune}{Any Rune} ({Any Rune}{Any Rune}: Empower me. Use only if not Empowered.)
Disempower this, {Exhaust}: Choose a player. They gain control of this and recall it. (Send it to their base.)
At the end of your turn, kill this and deal 5 to all units you control.",,False,False,,https://riftbound.gg/cards/ven-133-glowstone/
VEN-134,Kayle - Justified,Vendetta,Rare,Unit,Champion,Order,3,3,Mount Targon; Kayle,"[Empower] {3 Energy} ({3 Energy}: Empower me.)
I can be [Empowered] up to three times.
I have +2 {Might} for each time I'm [Empowered].
While I'm [Empowered] three times, I have [Deflect 3] and [Ganking].",,False,False,,https://riftbound.gg/cards/ven-134-kayle-justified/
VEN-135,Kennen - Keeper of Balance,Vendetta,Rare,Unit,Champion,Order,3,2,Yordle; Ionia; Kennen,"[Hidden] (Hide now for {Any Rune} to react with later for {0 Energy}.)
When you play me or I attack, you may pay {2 Energy} to [Stun] a unit. (It doesn't deal combat damage this turn.)
While there's a stunned enemy unit here, I have +2 {Might}.",,False,False,,https://riftbound.gg/cards/ven-135-kennen-keeper-of-balance/
VEN-135A,Kennen - Keeper of Balance,Vendetta,Rare,Unit,Champion,Order,3,2,Yordle; Kennen,"[Hidden]
When you play me or I attack, you may pay {2 Energy} to [Stun] a unit.
While there's a stunned enemy unit here, I have +2 {Might}.",,False,False,,https://riftbound.gg/cards/ven-135a-kennen-keeper-of-balance/
VEN-136,Ambessa - Respected and Feared,Vendetta,Epic,Unit,Champion,Order,5,5,Noxus; Ambessa,"[Empower] {1 Energy}{Order Rune}{Order Rune} ({1 Energy}{Order Rune}{Order Rune}: Empower me. Use only if not Empowered.)
[Empowered][>] I have [Assault 2]. (+2 {Might} while I'm an attacker.)
[Empowered][>] When I attack, kill an enemy unit here with less Might than me.",,False,False,,https://riftbound.gg/cards/ven-136-ambessa-respected-and-feared/
VEN-136A,Ambessa - Respected and Feared,Vendetta,Epic,Unit,Champion,Order,5,5,Ambessa,"[Empower] {1 Energy}{Order Rune}{Order Rune}
[Empowered][>] I have [Assault 2].
[Empowered][>] When I attack, kill an enemy unit here with less Might than me.",“Join your ancestors!”,False,False,,https://riftbound.gg/cards/ven-136a-ambessa-respected-and-feared/
VEN-137,Shady Spectacles,Vendetta,Epic,Gear,,Order,4,,Equipment,"[Equip] {1 Energy}{Order Rune} ({1 Energy}{Order Rune}: Attach this to a unit you control.)
As this is attached to a unit, choose another friendly unit. The equipped unit becomes a copy of that unit for as long as this is attached to it.",,False,False,,https://riftbound.gg/cards/ven-137-shady-spectacles/
VEN-138,Shen - Leader of the Kinkou Order,Vendetta,Epic,Unit,Champion,Order,6,7,Shen; Ionia,"[Shield] (+1 {Might} while I'm a defender.)
When I hold, if there is exactly one other unit you control here, you score 1 point.",,False,False,,https://riftbound.gg/cards/ven-138-shen-leader-of-the-kinkou-order/
VEN-138A,Shen - Leader of the Kinkou Order,Vendetta,Epic,Unit,Champion,Order,6,7,Shen; Ionia,"[Shield]
When I hold, if there is exactly one other unit you control here, you score 1 point.",,False,False,,https://riftbound.gg/cards/ven-138a-shen-leader-of-the-kinkou-order/
VEN-139,Akali - Rogue Assassin,Vendetta,Rare,Legend,,Fury; Calm,,,Akali,"[Empower] {3 Energy}{Any Rune} ({3 Energy}{Any Rune}: Empower this. Use only if not Empowered.)
[Action][>] {Exhaust}: If it's your turn, move a friendly unit in a showdown to base and if I'm [Empowered], ready it.",,False,False,,https://riftbound.gg/cards/ven-139-akali-rogue-assassin/
VEN-140,Shuriken Flip,Vendetta,Epic,Spell,Signature,Fury; Calm,1,,Akali,"Deal 2 to up to one enemy unit at a battlefield, then move a friendly unit.
[Flow] {3 Energy}{Any Rune} (You may play this from your trash for its Flow cost. Then banish it.)",,False,False,,https://riftbound.gg/cards/ven-140-shuriken-flip/
VEN-141,Renekton - Butcher of the Sands,Vendetta,Rare,Legend,,Fury; Body,,,Renekton,"[Reaction][>] {Any Rune}{Any Rune}, {Exhaust}: [Add] {2 Energy}. Spend this Energy only to play units or activated abilities of units.",,False,False,,https://riftbound.gg/cards/ven-141-renekton-butcher-of-the-sands/
VEN-142,Dominus,Vendetta,Epic,Spell,Signature,Fury; Body,4,,Renekton,"[Action] (Play on your turn or in showdowns.)
This turn, double a unit's Might and give it ""{Any Rune}{Any Rune}: Ready me.""",,False,False,,https://riftbound.gg/cards/ven-142-dominus/
VEN-143,Zed - Master of Shadows,Vendetta,Rare,Legend,,Fury; Chaos,,,Zed,"When you banish a card you own, empower me. (I become Empowered if I'm not already.)
[Action][>] Disempower me, {Exhaust}: Discard 1, then draw 1.",,False,False,,https://riftbound.gg/cards/ven-143-zed-master-of-shadows/
VEN-144,Death Mark,Vendetta,Epic,Spell,Signature,Fury; Chaos,2,,Zed,"[Burn 3]. (Put the top 3 cards of your Main Deck into your trash.)
Play a 0 {Might} Shadow Clone unit token. (It has ""When I attack, you may banish a unit from your trash. If you do, give me [Assault 4] this turn."")
[Flow] {1 Energy}{Any Rune}{Any Rune} (You may play this from your trash for its Flow cost. Then banish it.)",,False,False,,https://riftbound.gg/cards/ven-144-death-mark/
VEN-145,Nasus - Curator of the Sands,Vendetta,Rare,Legend,,Calm; Mind,,,Nasus,"When you play a unit, gear, or activated ability with Energy cost {7 Energy} or more, you may exhaust me to ready up to 2 runes.",,False,False,,https://riftbound.gg/cards/ven-145-nasus-curator-of-the-sands/
VEN-146,Siphoning Strike,Vendetta,Epic,Spell,Signature,Calm; Mind,4,,Nasus,"Deal 4 to a unit at a battlefield. If you control 7 or more runes, deal 7 to it instead. When it dies this turn, channel 1 rune exhausted.",,False,False,,https://riftbound.gg/cards/ven-146-siphoning-strike/
VEN-147,Shen - Eye of Twilight,Vendetta,Rare,Legend,,Calm; Order,,,Shen,[Action][>] {Exhaust}: Give a friendly unit [Tank] this turn. (It must be assigned combat damage first.),,False,False,,https://riftbound.gg/cards/ven-147-shen-eye-of-twilight/
VEN-148,Shadow Dash,Vendetta,Epic,Spell,Signature,Calm; Order,2,,Shen,"Move an enemy unit to a battlefield where you have units. If you have exactly two units there, they each get +1 {Might} this turn.
[Flow] {5 Energy}{Any Rune}{Any Rune} (You may play this from your trash for its Flow cost. Then banish it.)",,False,False,,https://riftbound.gg/cards/ven-148-shadow-dash/
VEN-149,Jayce - Defender of Tomorrow,Vendetta,Rare,Legend,,Mind; Body,,,Jayce,"[Empower] {2 Energy}{Any Rune}{Any Rune} ({2 Energy}{Any Rune}{Any Rune}: Empower me. Use only if not Empowered.)
{1 Energy}, {Exhaust}: Ready a gear.
[Empowered][>] {1 Energy}, {Exhaust}: Ready 2 gear.",,False,False,,https://riftbound.gg/cards/ven-149-jayce-defender-of-tomorrow/
VEN-150,Acceleration Gate,Vendetta,Epic,Spell,Signature,Mind; Body,3,,Jayce,"Ready up to 4 units, gear, and/or runes.",,False,False,,https://riftbound.gg/cards/ven-150-acceleration-gate/
VEN-151,Mel - Soul's Reflection,Vendetta,Rare,Legend,,Mind; Chaos,,,Mel,"When you empower something else, empower me. (I become Empowered if I'm not already.)
Disempower me, {Exhaust}: Give a unit at a battlefield -2 {Might} this turn.",,False,False,,https://riftbound.gg/cards/ven-151-mel-souls-reflection/
VEN-152,Rebuttal,Vendetta,Epic,Spell,Signature,Mind; Chaos,1,,Mel,"[Reaction] (Play any time, even before spells and abilities resolve.)
Choose a spell with Energy cost no more than {4 Energy}.  You may pay {Any Rune}. If you do, gain control of it and you may make new choices for it. Otherwise, counter it.",,False,False,,https://riftbound.gg/cards/ven-152-rebuttal/
VEN-153,Ambessa - Matriarch of War,Vendetta,Rare,Legend,,Body; Order,,,Ambessa,"When you empower something else, empower me. (I become Empowered if I'm not already.)
Disempower me, {Any Rune}, {Exhaust}: Ready a unit.",,False,False,,https://riftbound.gg/cards/ven-153-ambessa-matriarch-of-war/
VEN-154,Public Execution,Vendetta,Epic,Spell,Signature,Body; Order,2,,Ambessa,"Choose a friendly unit. Kill an enemy unit with less Might than it.
[Flow] {5 Energy}{Any Rune}{Any Rune} (You may play this from your trash for its Flow cost. Then banish it.)",,False,False,,https://riftbound.gg/cards/ven-154-public-execution/
VEN-155,Yordle - Heart of the Tempest,Vendetta,Rare,Legend,,Order; Chaos,,,Yordle; Kennen,"When you play a card from anywhere other than your hand, empower me.
[Action][>] Disempower me, {Exhaust}: Give a unit [Assault 2] this turn. (+2 {Might} while it's an attacker.)",,False,False,,https://riftbound.gg/cards/ven-155-yordle-heart-of-the-tempest/
VEN-156,Lightning Rush,Vendetta,Epic,Spell,Signature,Order; Chaos,1,,Kennen,"Look at the top 3 cards of your Main Deck. You may choose a card from among them and draw it. Put the rest into your trash.
[Flow] {2 Energy}{Any Rune} (You may play this from your trash for its Flow cost. Then banish it.)",“I am the wind!”—Kennen,False,False,,https://riftbound.gg/cards/ven-156-lightning-rush/
VEN-157,Dragon Roost,Vendetta,Uncommon,Battlefield,,Colorless,,,,"Any player may pay {Any Rune}{Any Rune} as an additional cost to play a Dragon. If they do, they play it to this battlefield.",,False,False,,https://riftbound.gg/cards/ven-157-dragon-roost/
VEN-158,Heisho - Shell of the World,Vendetta,Uncommon,Battlefield,,Colorless,,,,Players ignore [Deflect] while paying for spells and abilities choosing something here.,,False,False,,https://riftbound.gg/cards/ven-158-heisho-shell-of-the-world/
VEN-159,Kinkou Temple,Vendetta,Uncommon,Battlefield,,Colorless,,,,Units here with [Tank] have +1 {Might}.,,False,False,,https://riftbound.gg/cards/ven-159-kinkou-temple/
VEN-160,Mystic Vortex,Vendetta,Uncommon,Battlefield,,Colorless,,,,"During showdowns here, cards with [Reaction] cost {Any Rune} more to play. (Hidden cards have [Reaction].)",,False,False,,https://riftbound.gg/cards/ven-160-mystic-vortex/
VEN-161,Piltovan Forge,Vendetta,Uncommon,Battlefield,,Colorless,,,,"While you control this battlefield, the first friendly gear activated ability played each turn costs {1 Energy} less.",,False,False,,https://riftbound.gg/cards/ven-161-piltovan-forge/
VEN-162,Protective Sands,Vendetta,Uncommon,Battlefield,,Colorless,,,,"When you conquer here, if you control 4 or fewer runes, you may pay {1 Energy} to draw 1.",,False,False,,https://riftbound.gg/cards/ven-162-protective-sands/
VEN-163,Risen Altar,Vendetta,Uncommon,Battlefield,,Colorless,,,,[Empower] costs of your units here cost {1 Energy} or {Any Rune} less.,,False,False,,https://riftbound.gg/cards/ven-163-risen-altar/
VEN-164,Sandswept Tomb,Vendetta,Uncommon,Battlefield,,Colorless,,,,Each spell that chooses one or more units here that are friendly to it costs {Any Rune} less.,,False,False,,https://riftbound.gg/cards/ven-164-sandswept-tomb/
VEN-165,Shadow Temple,Vendetta,Uncommon,Battlefield,,Colorless,,,,"When you hold here, [Burn 3]. (Put the top 3 cards of your Main Deck into your trash.)",,False,False,,https://riftbound.gg/cards/ven-165-shadow-temple/
VEN-166,Threshold of the Gray,Vendetta,Uncommon,Battlefield,,Colorless,,,,"When combat starts here, the attacker and defender each [Add] {1 Energy}.",,False,False,,https://riftbound.gg/cards/ven-166-threshold-of-the-gray/
VEN-167,Vi - Destructive,Vendetta,Rare,Unit,Champion,Fury,2,3,Vi,"[Ganking]
Recycle 1 from your trash: Give me +1 {Might} this turn.",,False,False,,https://riftbound.gg/cards/ven-167-vi-destructive/
VEN-168,Jinx - Demolitionist,Vendetta,Rare,Unit,Champion,Fury,3,4,Jinx,"[Accelerate]
[Assault 2]
When you play me, discard 2.",,False,False,,https://riftbound.gg/cards/ven-168-jinx-demolitionist/
VEN-169,Zed - From the Shadows,Vendetta,Epic,Unit,Champion,Fury,4,4,Zed,"You may discard 1 as an additional cost to play me.
When you play me, if you paid the additional cost, play a 0 {Might} Shadow Clone unit token.",,False,False,,https://riftbound.gg/cards/ven-169-zed-from-the-shadows/
VEN-170,Shen - Scourge of Shadows,Vendetta,Rare,Unit,Champion,Calm,5,6,Shen,"When I hold, if there is exactly one other unit you control here, draw 1.",,False,False,,https://riftbound.gg/cards/ven-170-shen-scourge-of-shadows/
VEN-171,Riven - Shattered,Vendetta,Rare,Unit,Champion,Calm,3,3,Riven,"[Weaponmaster]
When I attack, choose an enemy unit here. Deal 2 to it for each Equipment attached to me.",,False,False,,https://riftbound.gg/cards/ven-171-riven-shattered/
VEN-172,Draven - Showboat,Vendetta,Rare,Unit,Champion,Fury,5,3,Draven,My Might is increased by your points.,,False,False,,https://riftbound.gg/cards/ven-172-draven-showboat/
VEN-173,Swain - Visionary,Vendetta,Rare,Unit,Champion,Mind,6,6,Swain,"[Vision]
When I conquer, if you've played a non-token unit, a non-token gear, and a spell this turn, you score 1 point.",,False,False,,https://riftbound.gg/cards/ven-173-swain-visionary/
VEN-174,Irelia - Fervent,Vendetta,Epic,Unit,Champion,Calm,5,4,Irelia; Ionia,"[Deflect]
When you choose or ready me, give me +1 {Might} this turn.",,False,False,,https://riftbound.gg/cards/ven-174-irelia-fervent/
VEN-175,Jayce - Man of Progress,Vendetta,Rare,Unit,Champion,Mind,4,4,Jayce; Piltover,"When you play me, you may kill a friendly gear. If you do, you may play a gear with Energy cost no more than {7 Energy} from hand this turn, ignoring its Energy cost.",,False,False,,https://riftbound.gg/cards/ven-175-jayce-man-of-progress/
VEN-176,Viktor - Innovator,Vendetta,Rare,Unit,Champion,Mind,4,3,Viktor,"When you play a card on an opponent's turn, play a 1 {Might} Recruit unit token to your base.",,False,False,,https://riftbound.gg/cards/ven-176-viktor-innovator/
VEN-177,Renekton - Brute,Vendetta,Epic,Unit,Champion,Body,5,4,Renekton,"{1 Energy}: Give me +1 {Might} this turn.
When my Might becomes 10 or more, empower me.
[Empowered][>] I have [Ganking] and [Deflect].",,False,False,,https://riftbound.gg/cards/ven-177-renekton-brute/
VEN-178,Nasus - Guardian of Knowledge,Vendetta,Rare,Unit,Champion,Mind,5,6,Dog; Nasus,"Once each turn, when an enemy unit here dies, channel 1 rune exhausted.",,False,False,,https://riftbound.gg/cards/ven-178-nasus-guardian-of-knowledge/
VEN-179,Rengar - Trophy Hunter,Vendetta,Epic,Unit,Champion,Body,5,6,Cat; Rengar; Ixtal,"[Ambush]
I can be played to a battlefield where there are enemy units.",,False,False,,https://riftbound.gg/cards/ven-179-rengar-trophy-hunter/
VEN-180,Kha'Zix - Evolving Hunter,Vendetta,Epic,Unit,Champion,Body,5,5,Kha'Zix; The Void,"[Hunt]
When I attack, you may spend 3 XP to deal damage equal to my Might to an enemy unit here.",,False,False,,https://riftbound.gg/cards/ven-180-khazix-evolving-hunter/
VEN-181,Gangplank - Naval,Vendetta,Rare,Unit,Champion,Body,6,6,Gangplank,"[Empower] {Body Rune}{Body Rune}
[Empowered][>] If a spell or ability that chooses me would stun me, give me -{Might}, or return me to hand, give me +3 {Might} instead.",,False,False,,https://riftbound.gg/cards/ven-181-gangplank-naval/
VEN-182,Illaoi - Prophet of the Great Kraken,Vendetta,Rare,Unit,Champion,Chaos,6,4,Illaoi,"When you play me or when I score, play a {1 Energy} {Might} Tentacle unit token from Bilgewater.
I have +1 {Might} for each token unit you control.",,False,False,,https://riftbound.gg/cards/ven-182-illaoi-prophet-of-the-great-kraken/
VEN-183,Diana - No Longer Human,Vendetta,Epic,Unit,Champion,Chaos,4,3,Diana; Mount Targon,"[Ambush]
When you play a spell, give me +2 {Might} this turn.",,False,False,,https://riftbound.gg/cards/ven-183-diana-no-longer-human/
VEN-184,Leona - Determined,Vendetta,Rare,Unit,Champion,Order,4,4,Leona,"[Shield]
When I attack, stun an enemy unit here.",,False,False,,https://riftbound.gg/cards/ven-184-leona-determined/
VEN-187,Ambessa - Respected and Feared,Vendetta,Epic,Unit,Champion,Order,5,5,Ambessa,"[Empower] {1 Energy}{Order Rune}{Order Rune}
[Empowered][>] I have [Assault 2].
[Empowered][>] When I attack, kill an enemy unit here with less Might than me.",,False,False,,https://riftbound.gg/cards/ven-187-ambessa-respected-and-feared/
VEN-188,Mel - Defiant Soul,Vendetta,Rare,Unit,Champion,Chaos,5,4,Mel,"[Empower] — Discard a spell
When I become [Empowered], banish an enemy unit at a battlefield with 3 {Might} or less.",,False,False,,https://riftbound.gg/cards/ven-188-mel-defiant-soul/
VEN-189,Akali - Rogue Assassin,Vendetta,Rare,Legend,,Fury; Calm,,,Akali,"[Empower] {3 Energy}{Any Rune}
[Action][>] {Exhaust}: If it's your turn, move a friendly unit in a showdown to base and if I'm [Empowered], ready it.",,False,False,,https://riftbound.gg/cards/ven-189-akali-rogue-assassin/
VEN-190,Renekton - Butcher of the Sands,Vendetta,Rare,Legend,,Fury; Body,,,Renekton,"[Reaction][>] {Any Rune}{Any Rune}, {Exhaust}: [Add] {2 Energy}. Spend this Energy only to play units or activated abilities of units.",,False,False,,https://riftbound.gg/cards/ven-190-renekton-butcher-of-the-sands/
VEN-191,Zed - Master of Shadows,Vendetta,Rare,Legend,,Fury; Chaos,,,Zed,"When you banish a card you own, empower me.
[Action][>] Disempower me, {Exhaust}: Discard 1, then draw 1.",,False,False,,https://riftbound.gg/cards/ven-191-zed-master-of-shadows/
VEN-192,Nasus - Curator of the Sands,Vendetta,Rare,Legend,,Calm; Mind,,,Nasus,"When you play a unit, gear, or activated ability with Energy cost {7 Energy} or more, you may exhaust me to ready up to 2 runes.",,False,False,,https://riftbound.gg/cards/ven-192-nasus-curator-of-the-sands/
VEN-193,Shen - Eye of Twilight,Vendetta,Rare,Legend,,Calm; Order,,,Shen,[Action][>] {Exhaust}: Give a friendly unit [Tank] this turn.,,False,False,,https://riftbound.gg/cards/ven-193-shen-eye-of-twilight/
VEN-194,Jayce - Defender of Tomorrow,Vendetta,Rare,Legend,,Mind; Body,,,Jayce,"[Empower] {2 Energy}{Any Rune}{Any Rune}
{1 Energy}, {Exhaust}: Ready a gear.
[Empowered][>] {1 Energy}, {Exhaust}: Ready 2 gear.",,False,False,,https://riftbound.gg/cards/ven-194-jayce-defender-of-tomorrow/
VEN-195,Mel - Soul's Reflection,Vendetta,Rare,Legend,,Mind; Chaos,,,Mel,"When you empower something else, empower me.
Disempower me, {Exhaust}: Give a unit at a battlefield -2 {Might} this turn.",,False,False,,https://riftbound.gg/cards/ven-195-mel-souls-reflection/
VEN-196,Ambessa - Matriarch of War,Vendetta,Rare,Legend,,Body; Order,,,Ambessa,"When you empower something else, empower me.
Disempower me, {Any Rune}, {Exhaust}: Ready a unit.",,False,False,,https://riftbound.gg/cards/ven-196-ambessa-matriarch-of-war/
VEN-197,Yordle - Heart of the Tempest,Vendetta,Rare,Legend,,Order; Chaos,,,Yordle; Kennen,"When you play a card from anywhere other than your hand, empower me.
[Action][>] Disempower me, {Exhaust}: Give a unit [Assault 2] this turn.",,False,False,,https://riftbound.gg/cards/ven-197-yordle-heart-of-the-tempest/
VEN-R01,Fury Rune,Vendetta,Common,Rune,Basic,Fury,,,,[NO TEXT],,False,False,,https://riftbound.gg/cards/ven-r01-fury-rune/
VEN-R02,Calm Rune,Vendetta,Common,Rune,Basic,Calm,,,,[NO TEXT],,False,False,,https://riftbound.gg/cards/ven-r02-calm-rune/
VEN-R03,Mind Rune,Vendetta,Common,Rune,Basic,Mind,,,,[NO TEXT],,False,False,,https://riftbound.gg/cards/ven-r03-mind-rune/
VEN-R04,Body Rune,Vendetta,Common,Rune,Basic,Body,,,,[NO TEXT],,False,False,,https://riftbound.gg/cards/ven-r04-body-rune/
VEN-R05,Chaos Rune,Vendetta,Common,Rune,Basic,Chaos,,,,[NO TEXT],,False,False,,https://riftbound.gg/cards/ven-r05-chaos-rune/
VEN-R06,Order Rune,Vendetta,Common,Rune,Basic,Order,,,,[NO TEXT],,False,False,,https://riftbound.gg/cards/ven-r06-order-rune/
VEN-SP1,Kai'Sa - Survivor,Vendetta,Epic,Unit,Champion,Fury,4,4,Kai'Sa,"[Accelerate]
When I conquer, draw 1.",,False,False,,https://riftbound.gg/cards/ven-sp1-kaisa-survivor/
VEN-SP2,Sona - Harmonious,Vendetta,Epic,Unit,Champion,Calm,4,4,Sona,"At the end of your turn, if I'm at a battlefield, ready up to 4 friendly runes.",,False,False,,https://riftbound.gg/cards/ven-sp2-sona-harmonious/
VEN-SP3,Ahri - Inquisitive,Vendetta,Epic,Unit,Champion,Mind,3,3,Ahri; Ionia,"When I attack or defend, give an enemy unit here -2 {Might} this turn, to a minimum of 1 {Might}.",,False,False,,https://riftbound.gg/cards/ven-sp3-ahri-inquisitive/
VEN-SP4,Sett - Brawler,Vendetta,Epic,Unit,Champion,Body,5,4,Sett,"When you play me or when I conquer, buff me.
Spend my buff: Give me +4 {Might} this turn.",,False,False,,https://riftbound.gg/cards/ven-sp4-sett-brawler/
VEN-SP5,Ezreal - Prodigy,Vendetta,Epic,Unit,Champion,Chaos,3,3,Ezreal; Piltover,"When you play me, discard 1, then draw 2.
Optional additional costs you pay cost {1 Energy} or {Any Rune} less.",,False,False,,https://riftbound.gg/cards/ven-sp5-ezreal-prodigy/
VEN-SP6,Lux - Crownguard,Vendetta,Epic,Unit,Champion,Order,4,2,Lux,{Exhaust}: [Reaction] — [Add] {2 Energy}. Spend this Energy only to play spells.,,False,False,,https://riftbound.gg/cards/ven-sp6-lux-crownguard/
VEN-T04,Recruit (NX),Vendetta,Common,Unit,Token,Colorless,,1,Recruit,,Few earn the right to call themselves Trifarian.,False,False,,https://riftbound.gg/cards/ven-t04-recruit-nx/
